"aircraft_serial_number","ata_chapter","ata_description","jasc_code","operator_control_number","failed_part","severity","jasc_description"
31261,33,"Lights","3350","AALA202310025290","other",1,"EMERGENCY LIGHTING"
31244,25,"Equipment / Furnishings","2560","AALA202304246094","CND",1,"EMERGENCY EQUIPMENT"
33344,52,"Doors","5250","AALA202310043123","door",0,"FIXED INNER DOORS"
30914,25,"Equipment / Furnishings","2530","AALA202402200046","CND",1,"BUFFET/GALLEYS"
33243,52,"Doors","5250","AALA202404014516","door",0,"FIXED INNER DOORS"
30088,52,"Doors","5250","AALA202505089770","CND",0,"FIXED INNER DOORS"
33222,33,"Lights","3350","AALA202403208349","other",1,"EMERGENCY LIGHTING"
33520,33,"Lights","3350","AALA202406058124","pack",1,"EMERGENCY LIGHTING"
29519,25,"Equipment / Furnishings","2560","AALA202505150184","CND",1,"EMERGENCY EQUIPMENT"
44487,52,"Doors","5250","AALA202401177239","latch",0,"FIXED INNER DOORS"
31178,25,"Equipment / Furnishings","2560","AALA202401092956","battery",1,"EMERGENCY EQUIPMENT"
33229,52,"Doors","5250","AALA202401183184","CND",0,"FIXED INNER DOORS"
44484,33,"Lights","3350","AALA202408093391","door",3,"EMERGENCY LIGHTING"
29567,25,"Equipment / Furnishings","2530","AALA202502141457","CND",1,"BUFFET/GALLEYS"
40763,52,"Doors","5250","AALA202511064811","CND",0,"FIXED INNER DOORS"
31277,52,"Doors","5250","AALA202412165687","door",0,"FIXED INNER DOORS"
33319,52,"Doors","5250","AALA202404297451","CND",0,"FIXED INNER DOORS"
33226,52,"Doors","5250","AALA202503284793","door",0,"FIXED INNER DOORS"
29512,25,"Equipment / Furnishings","2560","AALA202304033126","other",1,"EMERGENCY EQUIPMENT"
30085,25,"Equipment / Furnishings","2560","AALA202301301740","door",1,"EMERGENCY EQUIPMENT"
29545,52,"Doors","5210","AALA202505198726","CND",0,"PASSENGER/CREW DOORS"
31236,52,"Doors","5250","AALA202212124063","door",0,"FIXED INNER DOORS"
29562,52,"Doors","5250","AALA202211164512","CND",0,"FIXED INNER DOORS"
30097,52,"Doors","5250","AALA202211180154","door",0,"FIXED INNER DOORS"
29573,52,"Doors","5250","AALA202301035034","hinge",0,"FIXED INNER DOORS"
29568,25,"Equipment / Furnishings","2560","AALA202303061055","battery",1,"EMERGENCY EQUIPMENT"
29565,25,"Equipment / Furnishings","2560","AALA202307275795","battery",1,"EMERGENCY EQUIPMENT"
30087,52,"Doors","5250","AALA202304050078","latch",0,"FIXED INNER DOORS"
44471,53,"Fuselage","5320","AALA202303281542","other",0,"FUSELAGE MISCELLANEOUS STRUCTURE"
30092,52,"Doors","5250","AALA202312268280","door",0,"FIXED INNER DOORS"
29522,52,"Doors","5250","AALA202312264557","door",0,"FIXED INNER DOORS"
33340,52,"Doors","5250","AALA202310103997","CND",0,"FIXED INNER DOORS"
31075,52,"Doors","5250","AALA202402218747","door",0,"FIXED INNER DOORS"
29505,53,"Fuselage","5320","AALA202301188608","panel",0,"FUSELAGE MISCELLANEOUS STRUCTURE"
44459,52,"Doors","5250","AALA202307056026","door",0,"FIXED INNER DOORS"
44446,52,"Doors","5250","AALA202501274837","latch",0,"FIXED INNER DOORS"
29513,33,"Lights","3350","AALA202307180239","CND",1,"EMERGENCY LIGHTING"
33314,25,"Equipment / Furnishings","2560","AALA202304282907","door",1,"EMERGENCY EQUIPMENT"
29507,51,"Standard Practices And Structures - General","5100","AALA202304284248","CND",0,"STANDARD PRACTICES/STRUCTURES"
29508,52,"Doors","5250","AALA202510168335","latch",0,"FIXED INNER DOORS"
33349,33,"Lights","3350","AALA202403059576","battery",3,"EMERGENCY LIGHTING"
33348,33,"Lights","3350","AALA202406119110","door",1,"EMERGENCY LIGHTING"
30084,33,"Lights","3350","AALA202302200700","CND",1,"EMERGENCY LIGHTING"
31077,52,"Doors","5250","AALA202303145585","latch",0,"FIXED INNER DOORS"
40584,52,"Doors","5250","AALA202303134203","door",0,"FIXED INNER DOORS"
29512,53,"Fuselage","5340","AALA202302064978","other",0,"FUSELAGE MAIN, ATTACH FITTINGS"
44458,52,"Doors","5250","AALA202301307718","door",0,"FIXED INNER DOORS"
30083,52,"Doors","5210","AALA202303168861","CND",3,"PASSENGER/CREW DOORS"
44471,53,"Fuselage","5320","AALA202306147859","CND",0,"FUSELAGE MISCELLANEOUS STRUCTURE"
44479,52,"Doors","5250","AALA202308030834","door",0,"FIXED INNER DOORS"
31176,25,"Equipment / Furnishings","2560","AALA202402072409","door",1,"EMERGENCY EQUIPMENT"
29570,52,"Doors","5250","AALA202301231422","latch",0,"FIXED INNER DOORS"
33486,33,"Lights","3350","AALA202302105091","other",1,"EMERGENCY LIGHTING"
31173,52,"Doors","5250","AALA202504229926","door",0,"FIXED INNER DOORS"
31202,52,"Doors","5250","AALA202504215525","door",0,"FIXED INNER DOORS"
29523,53,"Fuselage","5320","AALA202301114678","other",0,"FUSELAGE MISCELLANEOUS STRUCTURE"
29556,25,"Equipment / Furnishings","2560","AALA202301316462","door",1,"EMERGENCY EQUIPMENT"
30906,52,"Doors","5210","AALA202303157047","latch",0,"PASSENGER/CREW DOORS"
33211,33,"Lights","3350","AALA202407307521","CND",1,"EMERGENCY LIGHTING"
29546,25,"Equipment / Furnishings","2560","AALA202301095581","pack",1,"EMERGENCY EQUIPMENT"
44466,25,"Equipment / Furnishings","2560","AALA202303237301","door",1,"EMERGENCY EQUIPMENT"
29524,53,"Fuselage","5320","AALA202303082821","other",0,"FUSELAGE MISCELLANEOUS STRUCTURE"
33220,56,"Windows","5610","AALA202301257768","window",3,"FLIGHT COMPARTMENT WINDOWS"
29566,52,"Doors","5250","AALA202303067521","door",0,"FIXED INNER DOORS"
29569,52,"Doors","5250","AALA202401165407","door",0,"FIXED INNER DOORS"
33345,52,"Doors","5250","AALA202412205196","CND",0,"FIXED INNER DOORS"
31185,53,"Fuselage","5320","AALA202303217793","other",0,"FUSELAGE MISCELLANEOUS STRUCTURE"
29528,53,"Fuselage","5310","AALA202304043202","other",0,"FUSELAGE MAIN, STRUCTURE"
31173,33,"Lights","3350","AALA202212212120","pack",1,"EMERGENCY LIGHTING"
44460,52,"Doors","5250","AALA202211115236","latch",0,"FIXED INNER DOORS"
29505,53,"Fuselage","5320","AALA202301181426","panel",0,"FUSELAGE MISCELLANEOUS STRUCTURE"
31215,52,"Doors","5250","AALA202211032282","door",0,"FIXED INNER DOORS"
31155,33,"Lights","3350","AALA202511282020","CND",1,"EMERGENCY LIGHTING"
29562,52,"Doors","5250","AALA202211105330","door",0,"FIXED INNER DOORS"
31139,25,"Equipment / Furnishings","2560","AALA202503172883","CND",1,"EMERGENCY EQUIPMENT"
29554,53,"Fuselage","5320","AALA202212289827","other",0,"FUSELAGE MISCELLANEOUS STRUCTURE"
31178,33,"Lights","3350","AALA202212166586","other",1,"EMERGENCY LIGHTING"
30903,53,"Fuselage","5320","AALA202212143146","panel",0,"FUSELAGE MISCELLANEOUS STRUCTURE"
33338,52,"Doors","5250","AALA202501227501","door",0,"FIXED INNER DOORS"
31214,52,"Doors","5250","AALA202505300558","CND",0,"FIXED INNER DOORS"
30080,32,"Landing Gear","3240","AALA202505149407","CND",3,"LANDING GEAR BRAKE SYSTEM"
33345,26,"Fire Protection","2610","AALA202301039115","CND",2,"DETECTION SYSTEM"
31135,52,"Doors","5210","AALA202303067338","door",0,"PASSENGER/CREW DOORS"
29505,53,"Fuselage","5320","AALA202301185639","door",0,"FUSELAGE MISCELLANEOUS STRUCTURE"
31250,25,"Equipment / Furnishings","2560","AALA202303226174","door",1,"EMERGENCY EQUIPMENT"
29503,53,"Fuselage","5320","AALA202211159435","other",0,"FUSELAGE MISCELLANEOUS STRUCTURE"
29508,53,"Fuselage","5340","AALA202212270173","other",0,"FUSELAGE MAIN, ATTACH FITTINGS"
31145,52,"Doors","5250","AALA202306059468","CND",0,"FIXED INNER DOORS"
31217,21,"Air Conditioning","2160","AALA202211289589","valve",3,"CABIN TEMPERATURE CONTROL SYSTEM"
29506,53,"Fuselage","5310","AALA202212149639","other",0,"FUSELAGE MAIN, STRUCTURE"
31217,33,"Lights","3350","AALA202212065010","other",1,"EMERGENCY LIGHTING"
30905,53,"Fuselage","5310","AALA202212079641","other",0,"FUSELAGE MAIN, STRUCTURE"
31219,52,"Doors","5250","AALA202212126741","door",0,"FIXED INNER DOORS"
31127,25,"Equipment / Furnishings","2560","AALA202211076111","door",1,"EMERGENCY EQUIPMENT"
29536,52,"Doors","5250","AALA202308010640","door",0,"FIXED INNER DOORS"
29515,53,"Fuselage","5320","AALA202306027441","other",0,"FUSELAGE MISCELLANEOUS STRUCTURE"
40768,53,"Fuselage","5310","AALA202309061699","other",0,"FUSELAGE MAIN, STRUCTURE"
31261,33,"Lights","3350","AALA202308078958","other",1,"EMERGENCY LIGHTING"
29514,53,"Fuselage","5310","AALA202308259213","other",0,"FUSELAGE MAIN, STRUCTURE"
30828,52,"Doors","5250","AALA202309267789","CND",3,"FIXED INNER DOORS"
31250,25,"Equipment / Furnishings","2560","AALA202307310660","battery",1,"EMERGENCY EQUIPMENT"
31219,52,"Doors","5250","AALA202309214863","door",0,"FIXED INNER DOORS"
30077,53,"Fuselage","5320","AALA202306302659","panel",0,"FUSELAGE MISCELLANEOUS STRUCTURE"
40765,33,"Lights","3350","AALA202307216954","other",1,"EMERGENCY LIGHTING"
29515,53,"Fuselage","5320","AALA202305220578","other",0,"FUSELAGE MISCELLANEOUS STRUCTURE"
30916,25,"Equipment / Furnishings","2560","AALA202304249592","door",1,"EMERGENCY EQUIPMENT"
31167,25,"Equipment / Furnishings","2560","AALA202305303811","door",1,"EMERGENCY EQUIPMENT"
31199,25,"Equipment / Furnishings","2560","AALA202305027140","other",1,"EMERGENCY EQUIPMENT"
30083,53,"Fuselage","5340","AALA202310253095","other",0,"FUSELAGE MAIN, ATTACH FITTINGS"
29566,33,"Lights","3350","AALA202304100283","pack",1,"EMERGENCY LIGHTING"
31075,33,"Lights","3350","AALA202305256691","other",1,"EMERGENCY LIGHTING"
29520,53,"Fuselage","5300","AALA202304055507","other",0,"FUSELAGE STRUCTURE (GENERAL)"
31253,52,"Doors","5250","AALA202312211783","door",0,"FIXED INNER DOORS"
44450,25,"Equipment / Furnishings","2560","AALA202312056939","latch",1,"EMERGENCY EQUIPMENT"
30079,53,"Fuselage","5320","AALA202401022682","other",0,"FUSELAGE MISCELLANEOUS STRUCTURE"
29530,53,"Fuselage","5310","AALA202311222785","other",0,"FUSELAGE MAIN, STRUCTURE"
67991,52,"Doors","5250","AALA202310181274","latch",0,"FIXED INNER DOORS"
33323,33,"Lights","3350","AALA202310318918","door",1,"EMERGENCY LIGHTING"
29522,53,"Fuselage","5320","AALA202311069965","other",0,"FUSELAGE MISCELLANEOUS STRUCTURE"
29513,53,"Fuselage","5320","AALA202311060492","other",0,"FUSELAGE MISCELLANEOUS STRUCTURE"
29516,53,"Fuselage","5310","AALA202311063698","other",0,"FUSELAGE MAIN, STRUCTURE"
33205,52,"Doors","5250","AALA202301111883","door",0,"FIXED INNER DOORS"
29523,53,"Fuselage","5320","AALA202301318326","wheel",0,"FUSELAGE MISCELLANEOUS STRUCTURE"
31171,56,"Windows","5610","AALA202301313112","window",3,"FLIGHT COMPARTMENT WINDOWS"
33486,33,"Lights","3350","AALA202302035547","other",1,"EMERGENCY LIGHTING"
29512,53,"Fuselage","5310","AALA202302062818","other",0,"FUSELAGE MAIN, STRUCTURE"
29512,53,"Fuselage","5320","AALA202302077628","other",0,"FUSELAGE MISCELLANEOUS STRUCTURE"
29507,53,"Fuselage","5310","AALA202302075114","door",0,"FUSELAGE MAIN, STRUCTURE"
29517,56,"Windows","5610","AALA202303206030","CND",0,"FLIGHT COMPARTMENT WINDOWS"
31129,52,"Doors","5250","AALA202303277221","door",0,"FIXED INNER DOORS"
29526,57,"Wings","5710","AALA202302175083","other",0,"WING, MAIN FRAME STRUCTURE"
29512,53,"Fuselage","5320","AALA202302211150","other",0,"FUSELAGE MISCELLANEOUS STRUCTURE"
29547,53,"Fuselage","5320","AALA202303148917","CND",0,"FUSELAGE MISCELLANEOUS STRUCTURE"
33228,52,"Doors","5250","AALA202301203822","door",0,"FIXED INNER DOORS"
29507,53,"Fuselage","5320","AALA202303071049","other",0,"FUSELAGE MISCELLANEOUS STRUCTURE"
29523,53,"Fuselage","5320","AALA202301315245","other",0,"FUSELAGE MISCELLANEOUS STRUCTURE"
29512,53,"Fuselage","5320","AALA202302079261","other",0,"FUSELAGE MISCELLANEOUS STRUCTURE"
33318,33,"Lights","3350","AALA202303237418","CND",1,"EMERGENCY LIGHTING"
29507,53,"Fuselage","5320","AALA202302211948","other",0,"FUSELAGE MISCELLANEOUS STRUCTURE"
29528,53,"Fuselage","5320","AALA202303281463","other",0,"FUSELAGE MISCELLANEOUS STRUCTURE"
29524,53,"Fuselage","5320","AALA202303096176","panel",0,"FUSELAGE MISCELLANEOUS STRUCTURE"
29575,52,"Doors","5250","AALA202301068013","door",0,"FIXED INNER DOORS"
44455,25,"Equipment / Furnishings","2560","AALA202302271476","door",1,"EMERGENCY EQUIPMENT"
40762,53,"Fuselage","5310","AALA202304254651","other",0,"FUSELAGE MAIN, STRUCTURE"
29534,27,"Flight Controls","2740","AALA202302107930","switch",3,"STABILIZER CONTROL SYSTEM"
31172,52,"Doors","5250","AALA202303298776","door",0,"FIXED INNER DOORS"
29510,53,"Fuselage","5320","AALA2023011807939","panel",0,"FUSELAGE MISCELLANEOUS STRUCTURE"
30085,53,"Fuselage","5310","AALA202303308719","control rod",0,"FUSELAGE MAIN, STRUCTURE"
30085,52,"Doors","5270","AALA202303066902","sensor",3,"DOOR WARNING SYSTEM"
30600,57,"Wings","5710","AALA202303068875","other",0,"WING, MAIN FRAME STRUCTURE"
29524,53,"Fuselage","5320","AALA202303098068","other",0,"FUSELAGE MISCELLANEOUS STRUCTURE"
33323,33,"Lights","3350","AALA202303100695","pack",1,"EMERGENCY LIGHTING"
30598,53,"Fuselage","5320","AALA202301303735","other",0,"FUSELAGE MISCELLANEOUS STRUCTURE"
31229,52,"Doors","5250","AALA202301102875","latch",0,"FIXED INNER DOORS"
29517,25,"Equipment / Furnishings","2560","AALA202303131714","door",1,"EMERGENCY EQUIPMENT"
29528,53,"Fuselage","5330","AALA202303228943","other",0,"FUSELAGE MAIN, PLATE/SKIN"
29510,53,"Fuselage","5320","AALA202302139730","panel",0,"FUSELAGE MISCELLANEOUS STRUCTURE"
29538,24,"Electrical Power","2420","AALA202303289741","control unit",3,"AC GENERATION SYSTEM"
29505,53,"Fuselage","5340","AALA202301181209","other",0,"FUSELAGE MAIN, ATTACH FITTINGS"
33232,33,"Lights","3350","AALA202303021242","pack",1,"EMERGENCY LIGHTING"
29569,33,"Lights","3350","AALA202303303877","other",1,"EMERGENCY LIGHTING"
29523,53,"Fuselage","5320","AALA202301196582","other",0,"FUSELAGE MISCELLANEOUS STRUCTURE"
29536,53,"Fuselage","5340","AALA202304035199","other",0,"FUSELAGE MAIN, ATTACH FITTINGS"
29536,53,"Fuselage","5340","AALA202304035138","other",0,"FUSELAGE MAIN, ATTACH FITTINGS"
29505,53,"Fuselage","5340","AALA202301245796","other",0,"FUSELAGE MAIN, ATTACH FITTINGS"
29505,53,"Fuselage","5310","AALA202301246315","other",0,"FUSELAGE MAIN, STRUCTURE"
29541,32,"Landing Gear","3230","AALA202303074396","sensor",3,"LANDING GEAR RETRACT/EXTEND SYSTEM"
29528,53,"Fuselage","5320","AALA202303083603","other",0,"FUSELAGE MISCELLANEOUS STRUCTURE"
31280,53,"Fuselage","5320","AALA202304038409","CND",0,"FUSELAGE MISCELLANEOUS STRUCTURE"
29512,53,"Fuselage","5320","AALA202301257123","door",0,"FUSELAGE MISCELLANEOUS STRUCTURE"
29528,53,"Fuselage","5320","AALA202304048355","other",0,"FUSELAGE MISCELLANEOUS STRUCTURE"
29510,53,"Fuselage","5310","AALA202301250705","control rod",0,"FUSELAGE MAIN, STRUCTURE"
30085,53,"Fuselage","5320","AALA202304053731","other",0,"FUSELAGE MISCELLANEOUS STRUCTURE"
30085,53,"Fuselage","5320","AALA202304057468","panel",0,"FUSELAGE MISCELLANEOUS STRUCTURE"
29506,27,"Flight Controls","2750","AALA202304053023","valve",3,"TE FLAP CONTROL SYSTEM"
29520,53,"Fuselage","5320","AALA202304053355","panel",0,"FUSELAGE MISCELLANEOUS STRUCTURE"
29528,53,"Fuselage","5310","AALA202304059083","other",0,"FUSELAGE MAIN, STRUCTURE"
33256,24,"Electrical Power","2450","AALA202301100873","control unit",2,"AC POWER DISTRIBUTION SYSTEM"
29524,53,"Fuselage","5320","AALA202303132615","other",0,"FUSELAGE MISCELLANEOUS STRUCTURE"
29577,25,"Equipment / Furnishings","2560","AALA202301030114","door",1,"EMERGENCY EQUIPMENT"
31169,25,"Equipment / Furnishings","2560","AALA202301042005","battery",1,"EMERGENCY EQUIPMENT"
30087,25,"Equipment / Furnishings","2560","AALA202303206238","door",1,"EMERGENCY EQUIPMENT"
30085,52,"Doors","5270","AALA202301105162","module",0,"DOOR WARNING SYSTEM"
29528,53,"Fuselage","5320","AALA202303214211","panel",0,"FUSELAGE MISCELLANEOUS STRUCTURE"
29540,52,"Doors","5210","AALA202302131586","door",3,"PASSENGER/CREW DOORS"
33203,55,"Stabilizers","5510","AALA202303270832","other",0,"HORIZONTAL STABILIZER STRUCTURE"
29509,55,"Stabilizers","5500","AALA202304248774","other",0,"EMPENNAGE STRUCTURE"
31215,25,"Equipment / Furnishings","2560","AALA202302249364","door",1,"EMERGENCY EQUIPMENT"
29507,53,"Fuselage","5340","AALA202302274092","other",0,"FUSELAGE MAIN, ATTACH FITTINGS"
33318,33,"Lights","3350","AALA202303277418","door",1,"EMERGENCY LIGHTING"
40763,56,"Windows","5610","AALA202303274729","window",3,"FLIGHT COMPARTMENT WINDOWS"
29548,55,"Stabilizers","5510","AALA202302282608","other",0,"HORIZONTAL STABILIZER STRUCTURE"
29505,25,"Equipment / Furnishings","2560","AALA202303060015","door",1,"EMERGENCY EQUIPMENT"
29536,57,"Wings","5710","AALA202304039034","other",0,"WING, MAIN FRAME STRUCTURE"
29507,53,"Fuselage","5320","AALA202303073739","panel",0,"FUSELAGE MISCELLANEOUS STRUCTURE"
29507,53,"Fuselage","5320","AALA202303075816","other",0,"FUSELAGE MISCELLANEOUS STRUCTURE"
30599,57,"Wings","5710","AALA202304032668","other",0,"WING, MAIN FRAME STRUCTURE"
30599,57,"Wings","5710","AALA202304033887","other",0,"WING, MAIN FRAME STRUCTURE"
29535,56,"Windows","5610","AALA202301204513","window",0,"FLIGHT COMPARTMENT WINDOWS"
29512,53,"Fuselage","5310","AALA202301257287","other",0,"FUSELAGE MAIN, STRUCTURE"
30598,33,"Lights","3350","AALA202301278421","door",1,"EMERGENCY LIGHTING"
30598,33,"Lights","3350","AALA202301274834","door",1,"EMERGENCY LIGHTING"
30598,53,"Fuselage","5320","AALA202301300246","other",0,"FUSELAGE MISCELLANEOUS STRUCTURE"
33205,52,"Doors","5210","AALA202303137361","door",3,"PASSENGER/CREW DOORS"
31262,53,"Fuselage","5310","AALA202303141834","other",0,"FUSELAGE MAIN, STRUCTURE"
29510,53,"Fuselage","5320","AALA202301112841","other",0,"FUSELAGE MISCELLANEOUS STRUCTURE"
29523,53,"Fuselage","5320","AALA202302022975","other",0,"FUSELAGE MISCELLANEOUS STRUCTURE"
29565,77,"Engine Indicating","7710","AALA202302024822","engine",3,"POWER INDICATING SYSTEM"
31176,33,"Lights","3350","AALA202302021255","pack",1,"EMERGENCY LIGHTING"
31095,25,"Equipment / Furnishings","2530","AALA202303158157","oven",1,"BUFFET/GALLEYS"
33229,52,"Doors","5250","AALA202303153193","latch",0,"FIXED INNER DOORS"
40584,55,"Stabilizers","5510","AALA202301063924","other",0,"HORIZONTAL STABILIZER STRUCTURE"
40584,55,"Stabilizers","5510","AALA202301066813","other",0,"HORIZONTAL STABILIZER STRUCTURE"
29507,53,"Fuselage","5320","AALA202302061127","door",0,"FUSELAGE MISCELLANEOUS STRUCTURE"
29512,53,"Fuselage","5320","AALA202302076696","other",0,"FUSELAGE MISCELLANEOUS STRUCTURE"
29512,53,"Fuselage","5320","AALA202302076750","other",0,"FUSELAGE MISCELLANEOUS STRUCTURE"
29503,25,"Equipment / Furnishings","2560","AALA202301105923","door",1,"EMERGENCY EQUIPMENT"
29512,53,"Fuselage","5310","AALA202302077022","panel",0,"FUSELAGE MAIN, STRUCTURE"
31171,33,"Lights","3350","AALA202304148598","other",1,"EMERGENCY LIGHTING"
33323,52,"Doors","5210","AALA202303218228","door",0,"PASSENGER/CREW DOORS"
30085,53,"Fuselage","5310","AALA202304171765","control rod",0,"FUSELAGE MAIN, STRUCTURE"
31248,33,"Lights","3350","AALA202303223604","circuit breaker",1,"EMERGENCY LIGHTING"
33220,52,"Doors","5250","AALA202302138267","wheel",0,"FIXED INNER DOORS"
40580,33,"Lights","3350","AALA202302202451","battery",1,"EMERGENCY LIGHTING"
30907,33,"Lights","3350","AALA202302203044","switch",1,"EMERGENCY LIGHTING"
29507,53,"Fuselage","5320","AALA202302202647","other",0,"FUSELAGE MISCELLANEOUS STRUCTURE"
29512,53,"Fuselage","5320","AALA202302218600","other",0,"FUSELAGE MISCELLANEOUS STRUCTURE"
29507,53,"Fuselage","5320","AALA202302216510","other",0,"FUSELAGE MISCELLANEOUS STRUCTURE"
29507,53,"Fuselage","5320","AALA202302215984","door",0,"FUSELAGE MISCELLANEOUS STRUCTURE"
29528,55,"Stabilizers","5510","AALA202303270883","other",0,"HORIZONTAL STABILIZER STRUCTURE"
29519,27,"Flight Controls","2750","AALA202302275643","sensor",3,"TE FLAP CONTROL SYSTEM"
29508,33,"Lights","3350","AALA202301176527","other",1,"EMERGENCY LIGHTING"
31177,52,"Doors","5250","AALA202303032246","door",0,"FIXED INNER DOORS"
29512,53,"Fuselage","5310","AALA202304187287","other",0,"FUSELAGE MAIN, STRUCTURE"
29523,53,"Fuselage","5320","AALA202301190297","other",0,"FUSELAGE MISCELLANEOUS STRUCTURE"
29523,53,"Fuselage","5320","AALA202301199794","panel",0,"FUSELAGE MISCELLANEOUS STRUCTURE"
31156,56,"Windows","5610","AALA202301199438","window",3,"FLIGHT COMPARTMENT WINDOWS"
30600,57,"Wings","5710","AALA202303064000","other",0,"WING, MAIN FRAME STRUCTURE"
29507,53,"Fuselage","5310","AALA202303066166","panel",0,"FUSELAGE MAIN, STRUCTURE"
29507,53,"Fuselage","5320","AALA202303068205","panel",0,"FUSELAGE MISCELLANEOUS STRUCTURE"
44454,56,"Windows","5610","AALA202301234436","window",3,"FLIGHT COMPARTMENT WINDOWS"
44488,27,"Flight Controls","2730","AALA202301235481","relay",3,"ELEVATOR CONTROL SYSTEM"
33205,25,"Equipment / Furnishings","2560","AALA202301234466","door",1,"EMERGENCY EQUIPMENT"
30599,57,"Wings","5710","AALA202304038803","other",0,"WING, MAIN FRAME STRUCTURE"
29523,53,"Fuselage","5320","AALA202301252405","other",0,"FUSELAGE MISCELLANEOUS STRUCTURE"
29528,53,"Fuselage","5320","AALA202303083698","other",0,"FUSELAGE MISCELLANEOUS STRUCTURE"
31105,33,"Lights","3350","AALA202306202583","other",1,"EMERGENCY LIGHTING"
29524,53,"Fuselage","5320","AALA202303082461","other",0,"FUSELAGE MISCELLANEOUS STRUCTURE"
29547,25,"Equipment / Furnishings","2560","AALA202303081484","door",1,"EMERGENCY EQUIPMENT"
31257,53,"Fuselage","5320","AALA202301258906","other",0,"FUSELAGE MISCELLANEOUS STRUCTURE"
29568,52,"Doors","5250","AALA202301268348","latch",0,"FIXED INNER DOORS"
40762,53,"Fuselage","5320","AALA202304047804","panel",0,"FUSELAGE MISCELLANEOUS STRUCTURE"
29524,53,"Fuselage","5320","AALA202303092385","other",0,"FUSELAGE MISCELLANEOUS STRUCTURE"
29528,52,"Doors","5230","AALA202304057266","other",0,"CARGO/BAGGAGE DOORS"
29523,53,"Fuselage","5320","AALA202301114545","other",0,"FUSELAGE MISCELLANEOUS STRUCTURE"
44473,33,"Lights","3350","AALA202302016430","other",1,"EMERGENCY LIGHTING"
31262,53,"Fuselage","5320","AALA202303141566","control rod",0,"FUSELAGE MISCELLANEOUS STRUCTURE"
29524,52,"Doors","5240","AALA202303156347","door",0,"SERVICE DOORS"
29528,53,"Fuselage","5310","AALA202301057191","wheel",0,"FUSELAGE MAIN, STRUCTURE"
31258,53,"Fuselage","5320","AALA202302063058","other",0,"FUSELAGE MISCELLANEOUS STRUCTURE"
29512,53,"Fuselage","5320","AALA202302072286","other",0,"FUSELAGE MISCELLANEOUS STRUCTURE"
29545,26,"Fire Protection","2610","AALA202302061515","other",2,"DETECTION SYSTEM"
33247,33,"Lights","3350","AALA202302061483","door",1,"EMERGENCY LIGHTING"
29510,53,"Fuselage","5320","AALA202302070622","other",0,"FUSELAGE MISCELLANEOUS STRUCTURE"
44472,33,"Lights","3350","AALA202302100236","battery",1,"EMERGENCY LIGHTING"
29574,52,"Doors","5250","AALA202303212585","door",0,"FIXED INNER DOORS"
29507,53,"Fuselage","5320","AALA202303215282","panel",0,"FUSELAGE MISCELLANEOUS STRUCTURE"
29576,52,"Doors","5250","AALA202302092333","latch",0,"FIXED INNER DOORS"
31161,25,"Equipment / Furnishings","2560","AALA202302096111","other",1,"EMERGENCY EQUIPMENT"
29528,53,"Fuselage","5310","AALA202303221688","other",0,"FUSELAGE MAIN, STRUCTURE"
31197,52,"Doors","5250","AALA202306202022","CND",0,"FIXED INNER DOORS"
31185,33,"Lights","3350","AALA202302132645","other",1,"EMERGENCY LIGHTING"
30083,52,"Doors","5210","AALA202303238861","door",3,"PASSENGER/CREW DOORS"
29507,53,"Fuselage","5320","AALA202302202341","door",0,"FUSELAGE MISCELLANEOUS STRUCTURE"
29512,53,"Fuselage","5320","AALA202302211557","other",0,"FUSELAGE MISCELLANEOUS STRUCTURE"
30085,32,"Landing Gear","3260","AALA202302205422","switch",3,"LANDING GEAR POSITION AND WARNING"
29507,53,"Fuselage","5320","AALA202302204431","other",0,"FUSELAGE MISCELLANEOUS STRUCTURE"
29510,56,"Windows","5610","AALA202302202439","window",0,"FLIGHT COMPARTMENT WINDOWS"
29505,53,"Fuselage","5350","AALA202302204860","other",0,"AERODYNAMIC FAIRINGS"
29512,53,"Fuselage","5320","AALA202302216265","other",0,"FUSELAGE MISCELLANEOUS STRUCTURE"
31197,25,"Equipment / Furnishings","2560","AALA202301189412","battery",1,"EMERGENCY EQUIPMENT"
31189,21,"Air Conditioning","2120","AALA202301183754","filter",3,"AIR DISTRIBUTION SYSTEM"
29505,53,"Fuselage","5310","AALA202301244895","other",0,"FUSELAGE MAIN, STRUCTURE"
30599,57,"Wings","5710","AALA202304032640","other",0,"WING, MAIN FRAME STRUCTURE"
29523,55,"Stabilizers","5510","AALA202301255723","other",0,"HORIZONTAL STABILIZER STRUCTURE"
29523,55,"Stabilizers","5510","AALA202301256275","other",0,"HORIZONTAL STABILIZER STRUCTURE"
29510,53,"Fuselage","5310","AALA202301255179","control rod",0,"FUSELAGE MAIN, STRUCTURE"
29512,53,"Fuselage","5320","AALA202304041540","other",0,"FUSELAGE MISCELLANEOUS STRUCTURE"
31270,52,"Doors","5250","AALA202301274484","door",0,"FIXED INNER DOORS"
31258,53,"Fuselage","5320","AALA202301266273","other",0,"FUSELAGE MISCELLANEOUS STRUCTURE"
29547,55,"Stabilizers","5510","AALA202303090425","hinge",0,"HORIZONTAL STABILIZER STRUCTURE"
29505,53,"Fuselage","5320","AALA202301106298","other",0,"FUSELAGE MISCELLANEOUS STRUCTURE"
29545,52,"Doors","5250","AALA202301317153","door",0,"FIXED INNER DOORS"
29549,55,"Stabilizers","5510","AALA202303149988","other",0,"HORIZONTAL STABILIZER STRUCTURE"
31253,52,"Doors","5250","AALA202301038477","door",0,"FIXED INNER DOORS"
31176,33,"Lights","3350","AALA202302024678","pack",1,"EMERGENCY LIGHTING"
31176,33,"Lights","3350","AALA202302027933","pack",1,"EMERGENCY LIGHTING"
29512,53,"Fuselage","5320","AALA202302065603","door",0,"FUSELAGE MISCELLANEOUS STRUCTURE"
29574,52,"Doors","5250","AALA202303202585","CND",0,"FIXED INNER DOORS"
33223,25,"Equipment / Furnishings","2560","AALA202302085204","door",3,"EMERGENCY EQUIPMENT"
33220,52,"Doors","5250","AALA202302098267","CND",0,"FIXED INNER DOORS"
29528,53,"Fuselage","5320","AALA202303228684","panel",0,"FUSELAGE MISCELLANEOUS STRUCTURE"
29528,53,"Fuselage","5310","AALA202303224946","other",0,"FUSELAGE MAIN, STRUCTURE"
31258,25,"Equipment / Furnishings","2560","AALA202302140097","latch",1,"EMERGENCY EQUIPMENT"
31217,33,"Lights","3350","AALA202302149976","wheel",1,"EMERGENCY LIGHTING"
30098,56,"Windows","5610","AALA202302159968","window",0,"FLIGHT COMPARTMENT WINDOWS"
29547,26,"Fire Protection","2610","AALA202302155853","other",2,"DETECTION SYSTEM"
29507,53,"Fuselage","5320","AALA202302278700","control rod",0,"FUSELAGE MISCELLANEOUS STRUCTURE"
44450,25,"Equipment / Furnishings","2560","AALA202303270342","other",1,"EMERGENCY EQUIPMENT"
31077,52,"Doors","5250","AALA202301170925","module",0,"FIXED INNER DOORS"
29523,53,"Fuselage","5320","AALA202301187668","other",0,"FUSELAGE MISCELLANEOUS STRUCTURE"
31071,52,"Doors","5250","AALA202301304027","door",0,"FIXED INNER DOORS"
33232,33,"Lights","3350","AALA202303027703","pack",1,"EMERGENCY LIGHTING"
33232,33,"Lights","3350","AALA202303026962","pack",1,"EMERGENCY LIGHTING"
33232,33,"Lights","3350","AALA202303021794","pack",1,"EMERGENCY LIGHTING"
33232,33,"Lights","3350","AALA202303029667","pack",1,"EMERGENCY LIGHTING"
30600,57,"Wings","5710","AALA202303061358","other",0,"WING, MAIN FRAME STRUCTURE"
31262,56,"Windows","5610","AALA202303060397","window",0,"FLIGHT COMPARTMENT WINDOWS"
33323,33,"Lights","3350","AALA202303101216","pack",1,"EMERGENCY LIGHTING"
44456,25,"Equipment / Furnishings","2530","AALA202301304767","CND",1,"BUFFET/GALLEYS"
29510,53,"Fuselage","5320","AALA202302068942","other",0,"FUSELAGE MISCELLANEOUS STRUCTURE"
31245,25,"Equipment / Furnishings","2560","AALA202301105197","door",1,"EMERGENCY EQUIPMENT"
29507,53,"Fuselage","5320","AALA202302134769","door",0,"FUSELAGE MISCELLANEOUS STRUCTURE"
29577,33,"Lights","3350","AALA202302139204","other",1,"EMERGENCY LIGHTING"
29507,53,"Fuselage","5320","AALA202302274844","other",0,"FUSELAGE MISCELLANEOUS STRUCTURE"
31203,52,"Doors","5250","AALA202303275409","latch",0,"FIXED INNER DOORS"
29507,33,"Lights","3350","AALA202303275328","other",1,"EMERGENCY LIGHTING"
29528,53,"Fuselage","5320","AALA202303286486","other",0,"FUSELAGE MISCELLANEOUS STRUCTURE"
40762,53,"Fuselage","5320","AALA202304264451","door",0,"FUSELAGE MISCELLANEOUS STRUCTURE"
29510,53,"Fuselage","5320","AALA202301172409","other",0,"FUSELAGE MISCELLANEOUS STRUCTURE"
29528,53,"Fuselage","5310","AALA202301176798","other",0,"FUSELAGE MAIN, STRUCTURE"
29528,55,"Stabilizers","5510","AALA202303065852","other",0,"HORIZONTAL STABILIZER STRUCTURE"
30085,52,"Doors","5270","AALA202301209993","switch",0,"DOOR WARNING SYSTEM"
29512,53,"Fuselage","5320","AALA202302076450","other",0,"FUSELAGE MISCELLANEOUS STRUCTURE"
30096,21,"Air Conditioning","2120","AALA202304030317","valve",3,"AIR DISTRIBUTION SYSTEM"
29503,25,"Equipment / Furnishings","2560","AALA202303086201","door",1,"EMERGENCY EQUIPMENT"
29510,53,"Fuselage","5310","AALA202301253862","control rod",0,"FUSELAGE MAIN, STRUCTURE"
33323,33,"Lights","3350","AALA202303101632","pack",1,"EMERGENCY LIGHTING"
31257,57,"Wings","5710","AALA202301267481","other",0,"WING, MAIN FRAME STRUCTURE"
29528,52,"Doors","5240","AALA202304058837","door",0,"SERVICE DOORS"
30598,53,"Fuselage","5320","AALA202301306040","other",0,"FUSELAGE MISCELLANEOUS STRUCTURE"
31176,33,"Lights","3350","AALA202302027716","pack",1,"EMERGENCY LIGHTING"
31176,25,"Equipment / Furnishings","2560","AALA202302024100","pack",1,"EMERGENCY EQUIPMENT"
33520,25,"Equipment / Furnishings","2560","AALA202302081354","door",1,"EMERGENCY EQUIPMENT"
33323,57,"Wings","5750","AALA202303211263","other",0,"WING, CONTROL SURFACES"
29528,53,"Fuselage","5320","AALA202303224189","other",0,"FUSELAGE MISCELLANEOUS STRUCTURE"
29528,53,"Fuselage","5310","AALA202303229455","other",0,"FUSELAGE MAIN, STRUCTURE"
40584,72,"Engine","7200","AALA202303227750","engine",3,"ENGINE (TURBINE/TURBOPROP)"
31091,79,"Oil","7900","AALA202302179160","CND",3,"ENGINE OIL SYSTEM (AIRFRAME)"
29507,53,"Fuselage","5320","AALA202302214284","other",0,"FUSELAGE MISCELLANEOUS STRUCTURE"
33489,25,"Equipment / Furnishings","2560","AALA202302239093","other",1,"EMERGENCY EQUIPMENT"
31178,52,"Doors","5210","AALA202302230789","door",0,"PASSENGER/CREW DOORS"
31242,52,"Doors","5210","AALA202302246537","latch",3,"PASSENGER/CREW DOORS"
33250,34,"Navigation","3450","AALA202301139418","antenna",0,"DEPENDENT POSITION DETERMINING SYS"
40762,53,"Fuselage","5310","AALA202304255810","other",0,"FUSELAGE MAIN, STRUCTURE"
29528,53,"Fuselage","5320","AALA202303282219","other",0,"FUSELAGE MISCELLANEOUS STRUCTURE"
33323,25,"Equipment / Furnishings","2560","AALA202303285407","door",1,"EMERGENCY EQUIPMENT"
31269,23,"Communication","2300","AALA202301049758","panel",3,"COMMUNICATIONS SYSTEM"
30907,52,"Doors","5250","AALA202301195178","door",0,"FIXED INNER DOORS"
29523,53,"Fuselage","5320","AALA202301198940","other",0,"FUSELAGE MISCELLANEOUS STRUCTURE"
30085,53,"Fuselage","5310","AALA202303305849","control rod",0,"FUSELAGE MAIN, STRUCTURE"
30082,34,"Navigation","3410","AALA202303311966","CND",3,"FLIGHT ENVIRONMENT DATA"
33232,55,"Stabilizers","5530","AALA202303066646","other",0,"VERTICAL STABILIZER STRUCTURE"
44488,27,"Flight Controls","2730","AALA202301231567","relay",3,"ELEVATOR CONTROL SYSTEM"
30082,28,"Fuel","2840","AALA202301238541","compensator",3,"ACFT FUEL INDICATING SYSTEM"
31089,33,"Lights","3350","AALA202304037727","battery",1,"EMERGENCY LIGHTING"
30599,57,"Wings","5710","AALA202304034200","other",0,"WING, MAIN FRAME STRUCTURE"
29528,53,"Fuselage","5320","AALA202303077551","panel",0,"FUSELAGE MISCELLANEOUS STRUCTURE"
29528,53,"Fuselage","5320","AALA202303075486","door",0,"FUSELAGE MISCELLANEOUS STRUCTURE"
29524,55,"Stabilizers","5540","AALA202303086153","duct",0,"RUDDER STRUCTURE"
29528,53,"Fuselage","5340","AALA202303086556","other",0,"FUSELAGE MAIN, ATTACH FITTINGS"
29512,25,"Equipment / Furnishings","2560","AALA202304034699","door",1,"EMERGENCY EQUIPMENT"
29510,53,"Fuselage","5310","AALA202301252345","control rod",0,"FUSELAGE MAIN, STRUCTURE"
30095,52,"Doors","5250","AALA202303099849","door",0,"FIXED INNER DOORS"
30083,56,"Windows","5610","AALA202301305161","window",0,"FLIGHT COMPARTMENT WINDOWS"
33248,21,"Air Conditioning","2150","AALA202303140634","acm",3,"CABIN COOLING SYSTEM"
31171,52,"Doors","5250","AALA202405205966","latch",0,"FIXED INNER DOORS"
31171,36,"Pneumatic","3620","AALA202302018831","valve",3,"PNEUMATIC INDICATING SYSTEM"
33241,33,"Lights","3350","AALA202302018334","other",1,"EMERGENCY LIGHTING"
29512,53,"Fuselage","5310","AALA202302068038","other",0,"FUSELAGE MAIN, STRUCTURE"
29512,53,"Fuselage","5320","AALA202302069068","other",0,"FUSELAGE MISCELLANEOUS STRUCTURE"
33221,25,"Equipment / Furnishings","2560","AALA202303204714","battery",1,"EMERGENCY EQUIPMENT"
29512,55,"Stabilizers","5510","AALA202303212345","other",0,"HORIZONTAL STABILIZER STRUCTURE"
29510,53,"Fuselage","5320","AALA202304187939","panel",0,"FUSELAGE MISCELLANEOUS STRUCTURE"
33225,52,"Doors","5210","AALA202302149050","CND",0,"PASSENGER/CREW DOORS"
31185,33,"Lights","3350","AALA202302146775","battery",1,"EMERGENCY LIGHTING"
29526,57,"Wings","5710","AALA202302169819","other",0,"WING, MAIN FRAME STRUCTURE"
31259,53,"Fuselage","5320","AALA202302177810","other",0,"FUSELAGE MISCELLANEOUS STRUCTURE"
29512,53,"Fuselage","5320","AALA202302213967","panel",0,"FUSELAGE MISCELLANEOUS STRUCTURE"
31242,25,"Equipment / Furnishings","2530","AALA202302201111","oven",1,"BUFFET/GALLEYS"
29507,53,"Fuselage","5320","AALA202302204692","other",0,"FUSELAGE MISCELLANEOUS STRUCTURE"
29507,53,"Fuselage","5320","AALA202302204079","other",0,"FUSELAGE MISCELLANEOUS STRUCTURE"
31261,53,"Fuselage","5320","AALA202302205905","wheel",0,"FUSELAGE MISCELLANEOUS STRUCTURE"
31259,53,"Fuselage","5320","AALA202302203041","panel",0,"FUSELAGE MISCELLANEOUS STRUCTURE"
30906,72,"Engine","7200","AALA202302211033","CND",3,"ENGINE (TURBINE/TURBOPROP)"
33348,27,"Flight Controls","2730","AALA202303200479","CND",3,"ELEVATOR CONTROL SYSTEM"
29534,27,"Flight Controls","2740","AALA202303017930","switch",3,"STABILIZER CONTROL SYSTEM"
31172,52,"Doors","5250","AALA202303013460","door",0,"FIXED INNER DOORS"
29510,53,"Fuselage","5320","AALA202301183490","other",0,"FUSELAGE MISCELLANEOUS STRUCTURE"
29510,53,"Fuselage","5320","AALA202301185838","other",0,"FUSELAGE MISCELLANEOUS STRUCTURE"
29505,53,"Fuselage","5320","AALA202301183185","other",0,"FUSELAGE MISCELLANEOUS STRUCTURE"
40584,72,"Engine","7200","AALA202303037750","CND",3,"ENGINE (TURBINE/TURBOPROP)"
44464,56,"Windows","5610","AALA202303308374","CND",0,"FLIGHT COMPARTMENT WINDOWS"
33491,53,"Fuselage","5320","AALA202303062704","other",0,"FUSELAGE MISCELLANEOUS STRUCTURE"
31154,25,"Equipment / Furnishings","2560","AALA202301241588","door",1,"EMERGENCY EQUIPMENT"
33243,25,"Equipment / Furnishings","2560","AALA202301245671","pack",1,"EMERGENCY EQUIPMENT"
31067,34,"Navigation","3410","AALA202303086372","probe",3,"FLIGHT ENVIRONMENT DATA"
29524,53,"Fuselage","5320","AALA202303087871","other",0,"FUSELAGE MISCELLANEOUS STRUCTURE"
29524,53,"Fuselage","5320","AALA202304044477","other",0,"FUSELAGE MISCELLANEOUS STRUCTURE"
31258,53,"Fuselage","5320","AALA202301267675","panel",0,"FUSELAGE MISCELLANEOUS STRUCTURE"
29520,53,"Fuselage","5320","AALA202304053298","other",0,"FUSELAGE MISCELLANEOUS STRUCTURE"
29526,25,"Equipment / Furnishings","2530","AALA202301305838","CND",1,"BUFFET/GALLEYS"
31237,33,"Lights","3350","AALA202303135224","pack",1,"EMERGENCY LIGHTING"
29523,53,"Fuselage","5320","AALA202301310561","other",0,"FUSELAGE MISCELLANEOUS STRUCTURE"
29507,53,"Fuselage","5340","AALA202303211847","other",0,"FUSELAGE MAIN, ATTACH FITTINGS"
31262,53,"Fuselage","5320","AALA202303217491","panel",0,"FUSELAGE MISCELLANEOUS STRUCTURE"
29528,53,"Fuselage","5320","AALA202303212465","panel",0,"FUSELAGE MISCELLANEOUS STRUCTURE"
29523,33,"Lights","3350","AALA202412241763","other",1,"EMERGENCY LIGHTING"
31103,21,"Air Conditioning","2150","AALA202302273521","acm",3,"CABIN COOLING SYSTEM"
31226,25,"Equipment / Furnishings","2560","AALA202302273835","other",1,"EMERGENCY EQUIPMENT"
44456,25,"Equipment / Furnishings","2530","AALA202303284767","oven",1,"BUFFET/GALLEYS"
31154,52,"Doors","5250","AALA202303291802","other",0,"FIXED INNER DOORS"
29505,53,"Fuselage","5320","AALA202301185674","other",0,"FUSELAGE MISCELLANEOUS STRUCTURE"
33232,33,"Lights","3350","AALA202303023541","pack",1,"EMERGENCY LIGHTING"
29533,27,"Flight Controls","2720","AALA202303308855","control unit",3,"RUDDER CONTROL SYSTEM"
29523,53,"Fuselage","5320","AALA202301194913","panel",0,"FUSELAGE MISCELLANEOUS STRUCTURE"
29536,57,"Wings","5710","AALA202304034017","other",0,"WING, MAIN FRAME STRUCTURE"
44487,33,"Lights","3350","AALA202303061534","other",1,"EMERGENCY LIGHTING"
29507,53,"Fuselage","5310","AALA202303061393","control rod",0,"FUSELAGE MAIN, STRUCTURE"
29507,53,"Fuselage","5310","AALA202303065796","other",0,"FUSELAGE MAIN, STRUCTURE"
29507,53,"Fuselage","5310","AALA202303067504","other",0,"FUSELAGE MAIN, STRUCTURE"
29507,53,"Fuselage","5320","AALA202303066058","panel",0,"FUSELAGE MISCELLANEOUS STRUCTURE"
29524,53,"Fuselage","5320","AALA202303084435","other",0,"FUSELAGE MISCELLANEOUS STRUCTURE"
29528,53,"Fuselage","5320","AALA202303086054","other",0,"FUSELAGE MISCELLANEOUS STRUCTURE"
29510,53,"Fuselage","5320","AALA202301254450","panel",0,"FUSELAGE MISCELLANEOUS STRUCTURE"
29528,53,"Fuselage","5320","AALA202304042075","other",0,"FUSELAGE MISCELLANEOUS STRUCTURE"
30598,53,"Fuselage","5320","AALA202301306002","other",0,"FUSELAGE MISCELLANEOUS STRUCTURE"
31237,33,"Lights","3350","AALA202303133955","pack",1,"EMERGENCY LIGHTING"
33316,25,"Equipment / Furnishings","2560","AALA202303134326","door",1,"EMERGENCY EQUIPMENT"
31237,33,"Lights","3350","AALA202303130940","pack",1,"EMERGENCY LIGHTING"
31262,53,"Fuselage","5310","AALA202303140681","other",0,"FUSELAGE MAIN, STRUCTURE"
29510,53,"Fuselage","5320","AALA202301116126","door",0,"FUSELAGE MISCELLANEOUS STRUCTURE"
31079,25,"Equipment / Furnishings","2560","AALA202301057381","other",1,"EMERGENCY EQUIPMENT"
33208,33,"Lights","3350","AALA202302062677","pack",1,"EMERGENCY LIGHTING"
30082,52,"Doors","5210","AALA202302067330","hinge",0,"PASSENGER/CREW DOORS"
29512,53,"Fuselage","5320","AALA202302073677","other",0,"FUSELAGE MISCELLANEOUS STRUCTURE"
31097,25,"Equipment / Furnishings","2560","AALA202302060565","door",1,"EMERGENCY EQUIPMENT"
29556,52,"Doors","5210","AALA202302104529","control rod",3,"PASSENGER/CREW DOORS"
31156,33,"Lights","3300","AALA202304144019","switch",1,"LIGHTING SYSTEM"
30099,57,"Wings","5710","AALA202304176317","other",0,"WING, MAIN FRAME STRUCTURE"
31261,53,"Fuselage","5320","AALA202302205834","other",0,"FUSELAGE MISCELLANEOUS STRUCTURE"
29505,53,"Fuselage","5350","AALA202302205228","other",0,"AERODYNAMIC FAIRINGS"
40762,53,"Fuselage","5320","AALA202304250028","other",0,"FUSELAGE MISCELLANEOUS STRUCTURE"
29510,53,"Fuselage","5310","AALA202302247937","control rod",0,"FUSELAGE MAIN, STRUCTURE"
29510,53,"Fuselage","5320","AALA202301177017","other",0,"FUSELAGE MISCELLANEOUS STRUCTURE"
29523,53,"Fuselage","5320","AALA202301194815","panel",0,"FUSELAGE MISCELLANEOUS STRUCTURE"
30600,57,"Wings","5710","AALA202303062033","other",0,"WING, MAIN FRAME STRUCTURE"
30600,57,"Wings","5710","AALA202303069632","other",0,"WING, MAIN FRAME STRUCTURE"
31217,25,"Equipment / Furnishings","2560","AALA202301207490","door",1,"EMERGENCY EQUIPMENT"
29526,57,"Wings","5710","AALA202302165062","other",0,"WING, MAIN FRAME STRUCTURE"
31237,34,"Navigation","3410","AALA202301236279","sensor",3,"FLIGHT ENVIRONMENT DATA"
30599,57,"Wings","5710","AALA202304031036","other",0,"WING, MAIN FRAME STRUCTURE"
30599,57,"Wings","5710","AALA202304034726","other",0,"WING, MAIN FRAME STRUCTURE"
30598,72,"Engine","7200","AALA202304039293","engine",3,"ENGINE (TURBINE/TURBOPROP)"
29524,53,"Fuselage","5320","AALA202303081319","panel",0,"FUSELAGE MISCELLANEOUS STRUCTURE"
29510,53,"Fuselage","5310","AALA202301252612","wheel",0,"FUSELAGE MAIN, STRUCTURE"
33223,25,"Equipment / Furnishings","2560","AALA202301267205","door",1,"EMERGENCY EQUIPMENT"
29524,53,"Fuselage","5320","AALA202303099178","other",0,"FUSELAGE MISCELLANEOUS STRUCTURE"
29524,53,"Fuselage","5320","AALA202303094549","other",0,"FUSELAGE MISCELLANEOUS STRUCTURE"
33490,56,"Windows","5610","AALA202301277788","window",0,"FLIGHT COMPARTMENT WINDOWS"
29524,53,"Fuselage","5320","AALA202304068124","other",0,"FUSELAGE MISCELLANEOUS STRUCTURE"
29523,53,"Fuselage","5320","AALA202301311979","other",0,"FUSELAGE MISCELLANEOUS STRUCTURE"
29565,21,"Air Conditioning","2120","AALA202301314822","CND",3,"AIR DISTRIBUTION SYSTEM"
31097,79,"Oil","7900","AALA202303163977","CND",3,"ENGINE OIL SYSTEM (AIRFRAME)"
33329,52,"Doors","5210","AALA202303174314","control rod",0,"PASSENGER/CREW DOORS"
31161,52,"Doors","5250","AALA202301105465","door",0,"FIXED INNER DOORS"
40765,32,"Landing Gear","3230","AALA202303208930","other",2,"LANDING GEAR RETRACT/EXTEND SYSTEM"
33490,53,"Fuselage","5320","AALA202302106466","other",0,"FUSELAGE MISCELLANEOUS STRUCTURE"
33323,57,"Wings","5750","AALA202303218214","other",0,"WING, CONTROL SURFACES"
33220,52,"Doors","5270","AALA202302133587","sensor",3,"DOOR WARNING SYSTEM"
29526,57,"Wings","5710","AALA202302165316","other",0,"WING, MAIN FRAME STRUCTURE"
40580,33,"Lights","3350","AALA202302203052","door",1,"EMERGENCY LIGHTING"
29507,53,"Fuselage","5320","AALA202302218251","other",0,"FUSELAGE MISCELLANEOUS STRUCTURE"
31178,52,"Doors","5250","AALA202302237095","door",0,"FIXED INNER DOORS"
30084,33,"Lights","3350","AALA202302230700","other",1,"EMERGENCY LIGHTING"
29533,27,"Flight Controls","2720","AALA202303278855","CND",3,"RUDDER CONTROL SYSTEM"
29517,56,"Windows","5610","AALA202303276030","window",0,"FLIGHT COMPARTMENT WINDOWS"
40762,53,"Fuselage","5320","AALA202304260261","door",0,"FUSELAGE MISCELLANEOUS STRUCTURE"
29536,57,"Wings","5710","AALA202304032905","other",0,"WING, MAIN FRAME STRUCTURE"
29546,52,"Doors","5210","AALA202303067074","pack",0,"PASSENGER/CREW DOORS"
29547,26,"Fire Protection","2610","AALA202302155175","other",2,"DETECTION SYSTEM"
29510,53,"Fuselage","5310","AALA202301259869","control rod",0,"FUSELAGE MAIN, STRUCTURE"
33243,25,"Equipment / Furnishings","2560","AALA202301258913","CND",1,"EMERGENCY EQUIPMENT"
29524,53,"Fuselage","5320","AALA202303098905","other",0,"FUSELAGE MISCELLANEOUS STRUCTURE"
29520,53,"Fuselage","5320","AALA202304057678","other",0,"FUSELAGE MISCELLANEOUS STRUCTURE"
33220,52,"Doors","5250","AALA202303136735","hinge",0,"FIXED INNER DOORS"
29523,53,"Fuselage","5320","AALA202301114601","other",0,"FUSELAGE MISCELLANEOUS STRUCTURE"
29523,53,"Fuselage","5320","AALA202301319600","wheel",0,"FUSELAGE MISCELLANEOUS STRUCTURE"
31262,53,"Fuselage","5320","AALA202303144973","other",0,"FUSELAGE MISCELLANEOUS STRUCTURE"
31262,53,"Fuselage","5310","AALA202303141659","panel",0,"FUSELAGE MAIN, STRUCTURE"
31176,33,"Lights","3350","AALA202302021142","pack",1,"EMERGENCY LIGHTING"
31176,33,"Lights","3350","AALA202302023097","pack",1,"EMERGENCY LIGHTING"
33337,52,"Doors","5210","AALA202301236571","door",3,"PASSENGER/CREW DOORS"
31176,33,"Lights","3350","AALA202302029738","pack",1,"EMERGENCY LIGHTING"
29565,77,"Engine Indicating","7710","AALA202302021170","engine",3,"POWER INDICATING SYSTEM"
31109,27,"Flight Controls","2740","AALA202303155500","switch",3,"STABILIZER CONTROL SYSTEM"
44464,25,"Equipment / Furnishings","2530","AALA202301069220","oven",1,"BUFFET/GALLEYS"
29510,53,"Fuselage","5320","AALA202302069929","other",0,"FUSELAGE MISCELLANEOUS STRUCTURE"
30085,55,"Stabilizers","5510","AALA202304173599","other",0,"HORIZONTAL STABILIZER STRUCTURE"
31077,52,"Doors","5210","AALA202304186223","door",0,"PASSENGER/CREW DOORS"
33203,25,"Equipment / Furnishings","2560","AALA202301037768","door",1,"EMERGENCY EQUIPMENT"
33225,52,"Doors","5210","AALA202302169050","CND",0,"PASSENGER/CREW DOORS"
29512,55,"Stabilizers","5510","AALA202302212995","other",0,"HORIZONTAL STABILIZER STRUCTURE"
29512,53,"Fuselage","5320","AALA202302214730","other",0,"FUSELAGE MISCELLANEOUS STRUCTURE"
29507,53,"Fuselage","5320","AALA202302210850","other",0,"FUSELAGE MISCELLANEOUS STRUCTURE"
29509,55,"Stabilizers","5500","AALA202304249920","other",0,"EMPENNAGE STRUCTURE"
40762,53,"Fuselage","5310","AALA202304256700","other",0,"FUSELAGE MAIN, STRUCTURE"
31248,33,"Lights","3350","AALA202302249452","door",1,"EMERGENCY LIGHTING"
33491,52,"Doors","5250","AALA202301170626","door",0,"FIXED INNER DOORS"
29528,53,"Fuselage","5310","AALA202301171323","other",0,"FUSELAGE MAIN, STRUCTURE"
33232,33,"Lights","3350","AALA202303023671","pack",1,"EMERGENCY LIGHTING"
33329,25,"Equipment / Furnishings","2560","AALA202402145249","CND",1,"EMERGENCY EQUIPMENT"
29547,55,"Stabilizers","5520","AALA202303060243","hinge",0,"ELEVATOR STRUCTURE"
31099,52,"Doors","5250","AALA202301204919","door",0,"FIXED INNER DOORS"
29505,53,"Fuselage","5320","AALA202301241713","other",0,"FUSELAGE MISCELLANEOUS STRUCTURE"
29505,53,"Fuselage","5320","AALA202301245922","door",0,"FUSELAGE MISCELLANEOUS STRUCTURE"
44451,52,"Doors","5250","AALA202301249478","panel",0,"FIXED INNER DOORS"
44473,25,"Equipment / Furnishings","2560","AALA202303082430","door",1,"EMERGENCY EQUIPMENT"
31127,25,"Equipment / Furnishings","2560","AALA202303086022","door",1,"EMERGENCY EQUIPMENT"
29524,53,"Fuselage","5320","AALA202303080795","other",0,"FUSELAGE MISCELLANEOUS STRUCTURE"
29524,53,"Fuselage","5320","AALA202304042302","panel",0,"FUSELAGE MISCELLANEOUS STRUCTURE"
29524,53,"Fuselage","5310","AALA202303094102","other",0,"FUSELAGE MAIN, STRUCTURE"
33323,33,"Lights","3350","AALA202303101499","pack",1,"EMERGENCY LIGHTING"
33323,33,"Lights","3350","AALA202303107628","pack",1,"EMERGENCY LIGHTING"
29520,53,"Fuselage","5320","AALA202304050622","other",0,"FUSELAGE MISCELLANEOUS STRUCTURE"
33205,52,"Doors","5210","AALA202303139897","door",3,"PASSENGER/CREW DOORS"
29530,33,"Lights","3350","AALA202301300784","other",1,"EMERGENCY LIGHTING"
30598,53,"Fuselage","5320","AALA202301308244","other",0,"FUSELAGE MISCELLANEOUS STRUCTURE"
29507,33,"Lights","3350","AALA202303130751","other",1,"EMERGENCY LIGHTING"
29523,53,"Fuselage","5320","AALA202301118107","other",0,"FUSELAGE MISCELLANEOUS STRUCTURE"
29548,52,"Doors","5210","AALA202303168949","door",3,"PASSENGER/CREW DOORS"
31163,25,"Equipment / Furnishings","2560","AALA202301057043","door",1,"EMERGENCY EQUIPMENT"
29524,53,"Fuselage","5320","AALA202303161812","other",0,"FUSELAGE MISCELLANEOUS STRUCTURE"
29512,53,"Fuselage","5310","AALA202302062357","other",0,"FUSELAGE MAIN, STRUCTURE"
29512,53,"Fuselage","5320","AALA202302069235","other",0,"FUSELAGE MISCELLANEOUS STRUCTURE"
40765,25,"Equipment / Furnishings","2560","AALA202303201332","door",1,"EMERGENCY EQUIPMENT"
40765,25,"Equipment / Furnishings","2560","AALA202303208307","door",1,"EMERGENCY EQUIPMENT"
29528,53,"Fuselage","5320","AALA202303228676","other",0,"FUSELAGE MISCELLANEOUS STRUCTURE"
29507,55,"Stabilizers","5510","AALA202302131892","other",0,"HORIZONTAL STABILIZER STRUCTURE"
30907,33,"Lights","3350","AALA202302203149","switch",1,"EMERGENCY LIGHTING"
31259,53,"Fuselage","5320","AALA202302201395","panel",0,"FUSELAGE MISCELLANEOUS STRUCTURE"
31259,53,"Fuselage","5320","AALA202302204063","other",0,"FUSELAGE MISCELLANEOUS STRUCTURE"
30094,33,"Lights","3350","AALA202302235437","other",1,"EMERGENCY LIGHTING"
33226,25,"Equipment / Furnishings","2560","AALA202302277776","pack",1,"EMERGENCY EQUIPMENT"
29533,33,"Lights","3350","AALA202212205824","other",1,"EMERGENCY LIGHTING"
29528,53,"Fuselage","5320","AALA202303289313","other",0,"FUSELAGE MISCELLANEOUS STRUCTURE"
29528,53,"Fuselage","5320","AALA202303285242","other",0,"FUSELAGE MISCELLANEOUS STRUCTURE"
29512,33,"Lights","3350","AALA202303306617","panel",1,"EMERGENCY LIGHTING"
30085,53,"Fuselage","5320","AALA202303306569","other",0,"FUSELAGE MISCELLANEOUS STRUCTURE"
29524,53,"Fuselage","5320","AALA202304181319","engine",0,"FUSELAGE MISCELLANEOUS STRUCTURE"
29523,53,"Fuselage","5320","AALA202301192140","other",0,"FUSELAGE MISCELLANEOUS STRUCTURE"
31172,52,"Doors","5250","AALA202303315851","hinge",0,"FIXED INNER DOORS"
29505,53,"Fuselage","5320","AALA202301242327","other",0,"FUSELAGE MISCELLANEOUS STRUCTURE"
30090,25,"Equipment / Furnishings","2560","AALA202304034410","door",1,"EMERGENCY EQUIPMENT"
31172,52,"Doors","5250","AALA202304030556","door",0,"FIXED INNER DOORS"
29528,53,"Fuselage","5320","AALA202303070266","other",0,"FUSELAGE MISCELLANEOUS STRUCTURE"
29512,53,"Fuselage","5320","AALA202301256546","other",0,"FUSELAGE MISCELLANEOUS STRUCTURE"
29523,53,"Fuselage","5310","AALA202301251539","other",0,"FUSELAGE MAIN, STRUCTURE"
29512,53,"Fuselage","5320","AALA202304040911","other",0,"FUSELAGE MISCELLANEOUS STRUCTURE"
31210,33,"Lights","3350","AALA202301233125","door",1,"EMERGENCY LIGHTING"
40762,53,"Fuselage","5320","AALA202304041802","panel",0,"FUSELAGE MISCELLANEOUS STRUCTURE"
29524,53,"Fuselage","5320","AALA202303090124","panel",0,"FUSELAGE MISCELLANEOUS STRUCTURE"
29524,53,"Fuselage","5320","AALA202303093426","panel",0,"FUSELAGE MISCELLANEOUS STRUCTURE"
29557,33,"Lights","3350","AALA202301303586","other",1,"EMERGENCY LIGHTING"
33321,52,"Doors","5250","AALA202303133844","hinge",0,"FIXED INNER DOORS"
29526,53,"Fuselage","5330","AALA202303138590","other",0,"FUSELAGE MAIN, PLATE/SKIN"
33208,33,"Lights","3350","AALA202301312677","CND",1,"EMERGENCY LIGHTING"
29510,53,"Fuselage","5320","AALA202301114573","other",0,"FUSELAGE MISCELLANEOUS STRUCTURE"
31171,36,"Pneumatic","3620","AALA202302012675","valve",3,"PNEUMATIC INDICATING SYSTEM"
44488,52,"Doors","5250","AALA202302018590","latch",0,"FIXED INNER DOORS"
29546,25,"Equipment / Furnishings","2560","AALA202301097603","pack",1,"EMERGENCY EQUIPMENT"
29512,53,"Fuselage","5320","AALA202302064048","panel",0,"FUSELAGE MISCELLANEOUS STRUCTURE"
29524,53,"Fuselage","5320","AALA202303171042","other",0,"FUSELAGE MISCELLANEOUS STRUCTURE"
29507,53,"Fuselage","5320","AALA202302075740","door",0,"FUSELAGE MISCELLANEOUS STRUCTURE"
31194,25,"Equipment / Furnishings","2560","AALA202302072203","door",1,"EMERGENCY EQUIPMENT"
29512,53,"Fuselage","5320","AALA202302078574","door",0,"FUSELAGE MISCELLANEOUS STRUCTURE"
33213,33,"Lights","3350","AALA202302103170","other",1,"EMERGENCY LIGHTING"
29510,53,"Fuselage","5320","AALA202304185838","engine",0,"FUSELAGE MISCELLANEOUS STRUCTURE"
29510,53,"Fuselage","5320","AALA202304183490","engine",0,"FUSELAGE MISCELLANEOUS STRUCTURE"
33348,27,"Flight Controls","2730","AALA202303210479","computer",3,"ELEVATOR CONTROL SYSTEM"
31097,79,"Oil","7900","AALA202303223977","engine",3,"ENGINE OIL SYSTEM (AIRFRAME)"
29528,53,"Fuselage","5320","AALA202303227058","other",0,"FUSELAGE MISCELLANEOUS STRUCTURE"
29528,53,"Fuselage","5320","AALA202303224847","other",0,"FUSELAGE MISCELLANEOUS STRUCTURE"
44453,33,"Lights","3350","AALA202302146136","battery",1,"EMERGENCY LIGHTING"
33214,22,"Auto Flight","2200","AALA202303277080","relay",3,"AUTO FLIGHT SYSTEM"
30098,56,"Windows","5610","AALA202302156149","window",0,"FLIGHT COMPARTMENT WINDOWS"
29526,57,"Wings","5710","AALA202302163000","other",0,"WING, MAIN FRAME STRUCTURE"
29507,53,"Fuselage","5320","AALA202302214234","other",0,"FUSELAGE MISCELLANEOUS STRUCTURE"
30092,25,"Equipment / Furnishings","2560","AALA202303274883","door",1,"EMERGENCY EQUIPMENT"
44452,22,"Auto Flight","2210","AALA202303278273","switch",3,"AUTOPILOT SYSTEM"
29528,55,"Stabilizers","5510","AALA202303276487","other",0,"HORIZONTAL STABILIZER STRUCTURE"
29528,53,"Fuselage","5320","AALA202303286268","other",0,"FUSELAGE MISCELLANEOUS STRUCTURE"
33224,33,"Lights","3350","AALA202301170655","other",1,"EMERGENCY LIGHTING"
31171,33,"Lights","3350","AALA202303298598","CND",1,"EMERGENCY LIGHTING"
29523,25,"Equipment / Furnishings","2560","AALA202301187152","door",1,"EMERGENCY EQUIPMENT"
29505,53,"Fuselage","5320","AALA202301189285","other",0,"FUSELAGE MISCELLANEOUS STRUCTURE"
31079,25,"Equipment / Furnishings","2560","AALA202301055352","other",1,"EMERGENCY EQUIPMENT"
29522,56,"Windows","5610","AALA202303038114","window",3,"FLIGHT COMPARTMENT WINDOWS"
31105,53,"Fuselage","5340","AALA202301196338","hinge",0,"FUSELAGE MAIN, ATTACH FITTINGS"
29536,57,"Wings","5710","AALA202304039461","other",0,"WING, MAIN FRAME STRUCTURE"
29507,53,"Fuselage","5320","AALA202303066989","panel",0,"FUSELAGE MISCELLANEOUS STRUCTURE"
30599,57,"Wings","5710","AALA202304037562","other",0,"WING, MAIN FRAME STRUCTURE"
31067,34,"Navigation","3410","AALA202303072826","module",3,"FLIGHT ENVIRONMENT DATA"
29528,53,"Fuselage","5320","AALA202303076807","other",0,"FUSELAGE MISCELLANEOUS STRUCTURE"
30096,52,"Doors","5240","AALA202301247553","door",0,"SERVICE DOORS"
29512,53,"Fuselage","5320","AALA202304040920","other",0,"FUSELAGE MISCELLANEOUS STRUCTURE"
31257,53,"Fuselage","5310","AALA202301258545","other",0,"FUSELAGE MAIN, STRUCTURE"
29510,53,"Fuselage","5310","AALA202301250986","control rod",0,"FUSELAGE MAIN, STRUCTURE"
40762,53,"Fuselage","5320","AALA202304049260","panel",0,"FUSELAGE MISCELLANEOUS STRUCTURE"
29524,53,"Fuselage","5320","AALA202303099979","other",0,"FUSELAGE MISCELLANEOUS STRUCTURE"
29524,53,"Fuselage","5320","AALA202303096416","other",0,"FUSELAGE MISCELLANEOUS STRUCTURE"
33323,33,"Lights","3350","AALA202303109710","pack",1,"EMERGENCY LIGHTING"
33491,33,"Lights","3350","AALA202303109418","other",1,"EMERGENCY LIGHTING"
33491,33,"Lights","3350","AALA202303104114","other",1,"EMERGENCY LIGHTING"
30598,53,"Fuselage","5320","AALA202301305393","other",0,"FUSELAGE MISCELLANEOUS STRUCTURE"
30598,53,"Fuselage","5320","AALA202301300864","other",0,"FUSELAGE MISCELLANEOUS STRUCTURE"
29535,52,"Doors","5250","AALA202302014244","door",0,"FIXED INNER DOORS"
29510,53,"Fuselage","5310","AALA202301110417","other",0,"FUSELAGE MAIN, STRUCTURE"
33491,52,"Doors","5250","AALA202301120626","CND",0,"FIXED INNER DOORS"
44474,33,"Lights","3350","AALA202302069101","other",1,"EMERGENCY LIGHTING"
29510,53,"Fuselage","5320","AALA202302074371","wheel",0,"FUSELAGE MISCELLANEOUS STRUCTURE"
29510,53,"Fuselage","5320","AALA202302072894","other",0,"FUSELAGE MISCELLANEOUS STRUCTURE"
31234,33,"Lights","3350","AALA202303213336","circuit breaker",1,"EMERGENCY LIGHTING"
30916,25,"Equipment / Furnishings","2560","AALA202302136564","other",1,"EMERGENCY EQUIPMENT"
29526,57,"Wings","5710","AALA202302161322","other",0,"WING, MAIN FRAME STRUCTURE"
29526,57,"Wings","5710","AALA202302167472","other",0,"WING, MAIN FRAME STRUCTURE"
29512,53,"Fuselage","5320","AALA202302176548","panel",0,"FUSELAGE MISCELLANEOUS STRUCTURE"
33486,33,"Lights","3350","AALA202302173485","other",1,"EMERGENCY LIGHTING"
29512,53,"Fuselage","5320","AALA202302219895","door",0,"FUSELAGE MISCELLANEOUS STRUCTURE"
29507,53,"Fuselage","5320","AALA202302215364","other",0,"FUSELAGE MISCELLANEOUS STRUCTURE"
40762,53,"Fuselage","5310","AALA202304251636","other",0,"FUSELAGE MAIN, STRUCTURE"
31127,56,"Windows","5610","AALA202302270386","window",3,"FLIGHT COMPARTMENT WINDOWS"
29508,33,"Lights","3350","AALA202301178807","other",1,"EMERGENCY LIGHTING"
29523,53,"Fuselage","5320","AALA202301185219","other",0,"FUSELAGE MISCELLANEOUS STRUCTURE"
30096,55,"Stabilizers","5510","AALA202301189994","other",0,"HORIZONTAL STABILIZER STRUCTURE"
33232,33,"Lights","3350","AALA202303023944","pack",1,"EMERGENCY LIGHTING"
33232,33,"Lights","3350","AALA202303026308","pack",1,"EMERGENCY LIGHTING"
44472,52,"Doors","5250","AALA202301197740","hinge",0,"FIXED INNER DOORS"
30600,57,"Wings","5710","AALA202303069189","other",0,"WING, MAIN FRAME STRUCTURE"
31218,25,"Equipment / Furnishings","2560","AALA202301203942","door",1,"EMERGENCY EQUIPMENT"
29507,53,"Fuselage","5310","AALA202303060726","control rod",0,"FUSELAGE MAIN, STRUCTURE"
29507,57,"Wings","5710","AALA202303061765","wheel",0,"WING, MAIN FRAME STRUCTURE"
29507,53,"Fuselage","5320","AALA202303064964","panel",0,"FUSELAGE MISCELLANEOUS STRUCTURE"
31093,25,"Equipment / Furnishings","2560","AALA202306204232","battery",1,"EMERGENCY EQUIPMENT"
31185,33,"Lights","3350","AALA202301050807","door",1,"EMERGENCY LIGHTING"
29507,53,"Fuselage","5320","AALA202303070512","other",0,"FUSELAGE MISCELLANEOUS STRUCTURE"
29557,56,"Windows","5610","AALA202303078113","window",3,"FLIGHT COMPARTMENT WINDOWS"
31176,33,"Lights","3350","AALA202302024814","pack",1,"EMERGENCY LIGHTING"
31101,33,"Lights","3350","AALA202302062730","CND",1,"EMERGENCY LIGHTING"
30082,52,"Doors","5210","AALA202302063852","hinge",0,"PASSENGER/CREW DOORS"
31101,33,"Lights","3350","AALA202302082730","other",1,"EMERGENCY LIGHTING"
29507,53,"Fuselage","5320","AALA202302202039","door",0,"FUSELAGE MISCELLANEOUS STRUCTURE"
31255,52,"Doors","5250","AALA202302226116","door",0,"FIXED INNER DOORS"
33346,56,"Windows","5610","AALA202302233904","window",3,"FLIGHT COMPARTMENT WINDOWS"
33214,52,"Doors","5210","AALA202302277235","hinge",3,"PASSENGER/CREW DOORS"
44471,52,"Doors","5250","AALA202303289443","latch",0,"FIXED INNER DOORS"
29547,53,"Fuselage","5320","AALA202304188917","other",0,"FUSELAGE MISCELLANEOUS STRUCTURE"
30082,27,"Flight Controls","2700","AALA202304195979","computer",3,"FLIGHT CONTROL SYSTEM"
30082,34,"Navigation","3410","AALA202304191966","computer",3,"FLIGHT ENVIRONMENT DATA"
29536,57,"Wings","5710","AALA202304030323","other",0,"WING, MAIN FRAME STRUCTURE"
29536,57,"Wings","5700","AALA202304039447","other",0,"WING STRUCTURE"
29536,57,"Wings","5710","AALA202304030306","other",0,"WING, MAIN FRAME STRUCTURE"
29507,53,"Fuselage","5320","AALA202303060045","panel",0,"FUSELAGE MISCELLANEOUS STRUCTURE"
33256,33,"Lights","3350","AALA202301050873","CND",1,"EMERGENCY LIGHTING"
29507,53,"Fuselage","5320","AALA202303079491","other",0,"FUSELAGE MISCELLANEOUS STRUCTURE"
30599,57,"Wings","5710","AALA202304036320","other",0,"WING, MAIN FRAME STRUCTURE"
30079,25,"Equipment / Furnishings","2560","AALA202304033304","door",3,"EMERGENCY EQUIPMENT"
29512,53,"Fuselage","5320","AALA202301255817","apu component",0,"FUSELAGE MISCELLANEOUS STRUCTURE"
29510,53,"Fuselage","5320","AALA202301259245","panel",0,"FUSELAGE MISCELLANEOUS STRUCTURE"
29528,53,"Fuselage","5320","AALA202304041152","other",0,"FUSELAGE MISCELLANEOUS STRUCTURE"
29528,53,"Fuselage","5320","AALA202304049656","panel",0,"FUSELAGE MISCELLANEOUS STRUCTURE"
31067,52,"Doors","5250","AALA202301250504","door",0,"FIXED INNER DOORS"
29520,53,"Fuselage","5320","AALA202304053248","other",0,"FUSELAGE MISCELLANEOUS STRUCTURE"
29520,53,"Fuselage","5320","AALA202304052688","other",0,"FUSELAGE MISCELLANEOUS STRUCTURE"
33323,25,"Equipment / Furnishings","2560","AALA202301275279","door",1,"EMERGENCY EQUIPMENT"
33205,52,"Doors","5210","AALA202303130928","door",3,"PASSENGER/CREW DOORS"
33231,25,"Equipment / Furnishings","2560","AALA202301100522","door",1,"EMERGENCY EQUIPMENT"
33490,53,"Fuselage","5320","AALA202302107564","other",0,"FUSELAGE MISCELLANEOUS STRUCTURE"
44464,56,"Windows","5610","AALA202304148374","window",0,"FLIGHT COMPARTMENT WINDOWS"
44459,33,"Lights","3350","AALA202302088342","door",1,"EMERGENCY LIGHTING"
30099,53,"Fuselage","5320","AALA202304178726","panel",0,"FUSELAGE MISCELLANEOUS STRUCTURE"
30085,55,"Stabilizers","5510","AALA202304173118","other",0,"HORIZONTAL STABILIZER STRUCTURE"
31071,33,"Lights","3350","AALA202303227509","other",1,"EMERGENCY LIGHTING"
44466,25,"Equipment / Furnishings","2530","AALA202302206845","oven",1,"BUFFET/GALLEYS"
29507,53,"Fuselage","5320","AALA202302205155","other",0,"FUSELAGE MISCELLANEOUS STRUCTURE"
44479,33,"Lights","3350","AALA202302228895","door",1,"EMERGENCY LIGHTING"
40762,53,"Fuselage","5320","AALA202304251112","other",0,"FUSELAGE MISCELLANEOUS STRUCTURE"
40762,53,"Fuselage","5310","AALA202304259929","other",0,"FUSELAGE MAIN, STRUCTURE"
29508,57,"Wings","5720","AALA202301127962","other",0,"WING MISCELLANEOUS STRUCTURE"
29508,53,"Fuselage","5320","AALA202301120363","control rod",0,"FUSELAGE MISCELLANEOUS STRUCTURE"
31169,52,"Doors","5250","AALA202303279661","hinge",0,"FIXED INNER DOORS"
33228,52,"Doors","5250","AALA202301183822","CND",0,"FIXED INNER DOORS"
31262,56,"Windows","5610","AALA202303065891","window",0,"FLIGHT COMPARTMENT WINDOWS"
31171,52,"Doors","5250","AALA202303062258","CND",0,"FIXED INNER DOORS"
29524,53,"Fuselage","5320","AALA202303093385","other",0,"FUSELAGE MISCELLANEOUS STRUCTURE"
29524,53,"Fuselage","5320","AALA202303090155","other",0,"FUSELAGE MISCELLANEOUS STRUCTURE"
31257,57,"Wings","5710","AALA202301267047","other",0,"WING, MAIN FRAME STRUCTURE"
33233,56,"Windows","5610","AALA202303105354","window",3,"FLIGHT COMPARTMENT WINDOWS"
30598,53,"Fuselage","5320","AALA202301306167","other",0,"FUSELAGE MISCELLANEOUS STRUCTURE"
30079,33,"Lights","3350","AALA202301308481","door",1,"EMERGENCY LIGHTING"
29524,53,"Fuselage","5320","AALA202303142556","other",0,"FUSELAGE MISCELLANEOUS STRUCTURE"
31176,33,"Lights","3350","AALA202302024670","pack",1,"EMERGENCY LIGHTING"
29524,53,"Fuselage","5320","AALA202303165777","other",0,"FUSELAGE MISCELLANEOUS STRUCTURE"
29506,27,"Flight Controls","2750","AALA202301113023","other",3,"TE FLAP CONTROL SYSTEM"
33223,25,"Equipment / Furnishings","2560","AALA202302075216","latch",1,"EMERGENCY EQUIPMENT"
29528,53,"Fuselage","5310","AALA202303220046","other",0,"FUSELAGE MAIN, STRUCTURE"
29528,53,"Fuselage","5310","AALA202303229579","other",0,"FUSELAGE MAIN, STRUCTURE"
29540,52,"Doors","5210","AALA202302136905","door",3,"PASSENGER/CREW DOORS"
29526,25,"Equipment / Furnishings","2530","AALA202302165838","oven",1,"BUFFET/GALLEYS"
31161,52,"Doors","5210","AALA202302168373","door",0,"PASSENGER/CREW DOORS"
29523,53,"Fuselage","5320","AALA202301250616","other",0,"FUSELAGE MISCELLANEOUS STRUCTURE"
30085,52,"Doors","5210","AALA202302172414","door",0,"PASSENGER/CREW DOORS"
29512,53,"Fuselage","5310","AALA202302217068","other",0,"FUSELAGE MAIN, STRUCTURE"
29512,53,"Fuselage","5320","AALA202302210120","other",0,"FUSELAGE MISCELLANEOUS STRUCTURE"
31177,52,"Doors","5250","AALA202302232246","CND",0,"FIXED INNER DOORS"
33521,33,"Lights","3350","AALA202302232408","battery",1,"EMERGENCY LIGHTING"
33250,34,"Navigation","3450","AALA202301130343","antenna",0,"DEPENDENT POSITION DETERMINING SYS"
29507,55,"Stabilizers","5510","AALA202302271552","other",0,"HORIZONTAL STABILIZER STRUCTURE"
40762,53,"Fuselage","5310","AALA202304255936","other",0,"FUSELAGE MAIN, STRUCTURE"
40762,53,"Fuselage","5320","AALA202304257591","panel",0,"FUSELAGE MISCELLANEOUS STRUCTURE"
31127,56,"Windows","5610","AALA202303016429","window",0,"FLIGHT COMPARTMENT WINDOWS"
29569,52,"Doors","5250","AALA202301170396","latch",0,"FIXED INNER DOORS"
29528,53,"Fuselage","5310","AALA202301172726","other",0,"FUSELAGE MAIN, STRUCTURE"
33232,33,"Lights","3350","AALA202303027689","pack",1,"EMERGENCY LIGHTING"
29524,53,"Fuselage","5320","AALA202304180382","engine",0,"FUSELAGE MISCELLANEOUS STRUCTURE"
29508,26,"Fire Protection","2610","AALA202303308611","panel",3,"DETECTION SYSTEM"
30600,57,"Wings","5710","AALA202303060704","other",0,"WING, MAIN FRAME STRUCTURE"
31156,33,"Lights","3300","AALA202303310641","CND",1,"LIGHTING SYSTEM"
30599,57,"Wings","5710","AALA202304035290","other",0,"WING, MAIN FRAME STRUCTURE"
29528,53,"Fuselage","5310","AALA202303082576","other",0,"FUSELAGE MAIN, STRUCTURE"
29512,53,"Fuselage","5320","AALA202304048699","panel",0,"FUSELAGE MISCELLANEOUS STRUCTURE"
29524,53,"Fuselage","5350","AALA202304046621","other",0,"AERODYNAMIC FAIRINGS"
29528,53,"Fuselage","5320","AALA202304048217","other",0,"FUSELAGE MISCELLANEOUS STRUCTURE"
29524,53,"Fuselage","5320","AALA202303093266","other",0,"FUSELAGE MISCELLANEOUS STRUCTURE"
33323,33,"Lights","3350","AALA202303101274","pack",1,"EMERGENCY LIGHTING"
33323,33,"Lights","3350","AALA202303102037","pack",1,"EMERGENCY LIGHTING"
30085,53,"Fuselage","5320","AALA202304055810","other",0,"FUSELAGE MISCELLANEOUS STRUCTURE"
29507,32,"Landing Gear","3200","AALA202303108146","wheel",2,"LANDING GEAR SYSTEM"
29528,53,"Fuselage","5310","AALA202304059774","panel",0,"FUSELAGE MAIN, STRUCTURE"
31177,25,"Equipment / Furnishings","2560","AALA202304053064","other",1,"EMERGENCY EQUIPMENT"
31237,33,"Lights","3350","AALA202303133042","window",1,"EMERGENCY LIGHTING"
29524,53,"Fuselage","5320","AALA202303132159","other",0,"FUSELAGE MISCELLANEOUS STRUCTURE"
29524,53,"Fuselage","5320","AALA202303132483","other",0,"FUSELAGE MISCELLANEOUS STRUCTURE"
30598,53,"Fuselage","5320","AALA202301301116","other",0,"FUSELAGE MISCELLANEOUS STRUCTURE"
29517,33,"Lights","3350","AALA202303131800","other",1,"EMERGENCY LIGHTING"
29523,53,"Fuselage","5320","AALA202301316344","other",0,"FUSELAGE MISCELLANEOUS STRUCTURE"
29523,53,"Fuselage","5320","AALA202301319404","other",0,"FUSELAGE MISCELLANEOUS STRUCTURE"
31155,33,"Lights","3350","AALA202301036130","other",1,"EMERGENCY LIGHTING"
29546,25,"Equipment / Furnishings","2560","AALA202301095031","pack",1,"EMERGENCY EQUIPMENT"
29512,53,"Fuselage","5320","AALA202302060296","door",0,"FUSELAGE MISCELLANEOUS STRUCTURE"
29570,52,"Doors","5210","AALA202306090532","door",3,"PASSENGER/CREW DOORS"
29524,53,"Fuselage","5320","AALA202303170382","panel",0,"FUSELAGE MISCELLANEOUS STRUCTURE"
29512,53,"Fuselage","5320","AALA202302075046","other",0,"FUSELAGE MISCELLANEOUS STRUCTURE"
29512,53,"Fuselage","5320","AALA202302079872","door",0,"FUSELAGE MISCELLANEOUS STRUCTURE"
40765,52,"Doors","5210","AALA202303209104","door",3,"PASSENGER/CREW DOORS"
29576,52,"Doors","5210","AALA202301100797","door",3,"PASSENGER/CREW DOORS"
31258,25,"Equipment / Furnishings","2560","AALA202302108440","door",1,"EMERGENCY EQUIPMENT"
29516,24,"Electrical Power","2400","AALA202302096885","other",3,"ELECTRICAL POWER SYSTEM"
29528,53,"Fuselage","5310","AALA202303225557","other",0,"FUSELAGE MAIN, STRUCTURE"
29528,53,"Fuselage","5320","AALA202303226163","panel",0,"FUSELAGE MISCELLANEOUS STRUCTURE"
29507,53,"Fuselage","5320","AALA202302139191","door",0,"FUSELAGE MISCELLANEOUS STRUCTURE"
31215,25,"Equipment / Furnishings","2560","AALA202302134876","other",1,"EMERGENCY EQUIPMENT"
29516,24,"Electrical Power","2400","AALA202302139373","other",2,"ELECTRICAL POWER SYSTEM"
44453,33,"Lights","3350","AALA202302140437","battery",1,"EMERGENCY LIGHTING"
31185,33,"Lights","3350","AALA202302147641","battery",1,"EMERGENCY LIGHTING"
29526,57,"Wings","5710","AALA202302169476","other",0,"WING, MAIN FRAME STRUCTURE"
29526,57,"Wings","5710","AALA202302166083","other",0,"WING, MAIN FRAME STRUCTURE"
29526,57,"Wings","5710","AALA202302168292","other",0,"WING, MAIN FRAME STRUCTURE"
31259,53,"Fuselage","5320","AALA202302208791","panel",0,"FUSELAGE MISCELLANEOUS STRUCTURE"
30918,53,"Fuselage","5320","AALA202306075643","door",0,"FUSELAGE MISCELLANEOUS STRUCTURE"
30088,21,"Air Conditioning","2150","AALA202302278846","acm",3,"CABIN COOLING SYSTEM"
29510,33,"Lights","3350","AALA202302276517","door",1,"EMERGENCY LIGHTING"
33323,33,"Lights","3350","AALA202303102591","pack",1,"EMERGENCY LIGHTING"
44459,36,"Pneumatic","3610","AALA202303278743","valve",3,"PNEUMATIC DISTRIBUTION SYSTEM"
31214,25,"Equipment / Furnishings","2560","AALA202303029775","door",1,"EMERGENCY EQUIPMENT"
33491,25,"Equipment / Furnishings","2560","AALA202301177491","door",3,"EMERGENCY EQUIPMENT"
29523,25,"Equipment / Furnishings","2560","AALA202301185571","door",1,"EMERGENCY EQUIPMENT"
30085,53,"Fuselage","5320","AALA202303305289","other",0,"FUSELAGE MISCELLANEOUS STRUCTURE"
29523,53,"Fuselage","5320","AALA202301191060","other",0,"FUSELAGE MISCELLANEOUS STRUCTURE"
30085,53,"Fuselage","5310","AALA202303305702","other",0,"FUSELAGE MAIN, STRUCTURE"
30600,57,"Wings","5710","AALA202303061566","other",0,"WING, MAIN FRAME STRUCTURE"
33491,53,"Fuselage","5320","AALA202303067078","other",0,"FUSELAGE MISCELLANEOUS STRUCTURE"
29507,53,"Fuselage","5320","AALA202303074127","other",0,"FUSELAGE MISCELLANEOUS STRUCTURE"
29507,53,"Fuselage","5320","AALA202303077758","other",0,"FUSELAGE MISCELLANEOUS STRUCTURE"
29505,53,"Fuselage","5310","AALA202301248724","other",0,"FUSELAGE MAIN, STRUCTURE"
33329,25,"Equipment / Furnishings","2560","AALA202301244919","door",1,"EMERGENCY EQUIPMENT"
31089,33,"Lights","3350","AALA202304034530","battery",1,"EMERGENCY LIGHTING"
29528,53,"Fuselage","5320","AALA202303070004","door",0,"FUSELAGE MISCELLANEOUS STRUCTURE"
40583,22,"Auto Flight","2200","AALA202301254650","other",3,"AUTO FLIGHT SYSTEM"
29528,55,"Stabilizers","5510","AALA202303087766","other",0,"HORIZONTAL STABILIZER STRUCTURE"
30828,25,"Equipment / Furnishings","2560","AALA202303080316","door",1,"EMERGENCY EQUIPMENT"
29510,53,"Fuselage","5310","AALA202301253141","control rod",0,"FUSELAGE MAIN, STRUCTURE"
29510,53,"Fuselage","5320","AALA202301252626","control rod",0,"FUSELAGE MISCELLANEOUS STRUCTURE"
29524,53,"Fuselage","5320","AALA202303138085","other",0,"FUSELAGE MISCELLANEOUS STRUCTURE"
33231,25,"Equipment / Furnishings","2560","AALA202301106540","door",1,"EMERGENCY EQUIPMENT"
31171,36,"Pneumatic","3620","AALA202302015650","valve",3,"PNEUMATIC INDICATING SYSTEM"
31257,53,"Fuselage","5300","AALA202302028712","control rod",0,"FUSELAGE STRUCTURE (GENERAL)"
29530,52,"Doors","5250","AALA202301068682","panel",0,"FIXED INNER DOORS"
29512,53,"Fuselage","5320","AALA202302062441","other",0,"FUSELAGE MISCELLANEOUS STRUCTURE"
33489,25,"Equipment / Furnishings","2560","AALA202301097687","door",1,"EMERGENCY EQUIPMENT"
33338,33,"Lights","3350","AALA202301102965","other",1,"EMERGENCY LIGHTING"
33490,53,"Fuselage","5320","AALA202302102463","other",0,"FUSELAGE MISCELLANEOUS STRUCTURE"
31071,52,"Doors","5250","AALA202302138385","hinge",0,"FIXED INNER DOORS"
29510,53,"Fuselage","5330","AALA202302132468","door",0,"FUSELAGE MAIN, PLATE/SKIN"
44453,33,"Lights","3350","AALA202302146132","battery",1,"EMERGENCY LIGHTING"
29510,53,"Fuselage","5320","AALA202305125353","control rod",0,"FUSELAGE MISCELLANEOUS STRUCTURE"
29512,53,"Fuselage","5320","AALA202302213151","other",0,"FUSELAGE MISCELLANEOUS STRUCTURE"
31107,33,"Lights","3350","AALA202302175634","battery",1,"EMERGENCY LIGHTING"
29512,53,"Fuselage","5320","AALA202302216283","other",0,"FUSELAGE MISCELLANEOUS STRUCTURE"
31169,52,"Doors","5210","AALA202302274605","door",3,"PASSENGER/CREW DOORS"
30906,72,"Engine","7200","AALA202302271033","engine",3,"ENGINE (TURBINE/TURBOPROP)"
40762,53,"Fuselage","5310","AALA202304257148","other",0,"FUSELAGE MAIN, STRUCTURE"
40762,53,"Fuselage","5320","AALA202304250766","other",0,"FUSELAGE MISCELLANEOUS STRUCTURE"
29528,53,"Fuselage","5310","AALA202303285435","other",0,"FUSELAGE MAIN, STRUCTURE"
40763,56,"Windows","5610","AALA202303280858","window",3,"FLIGHT COMPARTMENT WINDOWS"
33491,56,"Windows","5610","AALA202301176470","window",3,"FLIGHT COMPARTMENT WINDOWS"
40762,53,"Fuselage","5320","AALA202303308123","other",0,"FUSELAGE MISCELLANEOUS STRUCTURE"
30085,52,"Doors","5270","AALA202303036902","CND",3,"DOOR WARNING SYSTEM"
29523,53,"Fuselage","5320","AALA202301190105","panel",0,"FUSELAGE MISCELLANEOUS STRUCTURE"
31077,52,"Doors","5210","AALA202303316223","CND",0,"PASSENGER/CREW DOORS"
33229,56,"Windows","5610","AALA202304032554","window",3,"FLIGHT COMPARTMENT WINDOWS"
29512,53,"Fuselage","5310","AALA202303070138","door",0,"FUSELAGE MAIN, STRUCTURE"
31067,34,"Navigation","3410","AALA202303087654","probe",3,"FLIGHT ENVIRONMENT DATA"
31257,53,"Fuselage","5310","AALA202301259427","other",0,"FUSELAGE MAIN, STRUCTURE"
29528,53,"Fuselage","5320","AALA202304040134","other",0,"FUSELAGE MISCELLANEOUS STRUCTURE"
40762,53,"Fuselage","5320","AALA202304043288","panel",0,"FUSELAGE MISCELLANEOUS STRUCTURE"
30085,53,"Fuselage","5320","AALA202304054024","panel",0,"FUSELAGE MISCELLANEOUS STRUCTURE"
33491,33,"Lights","3350","AALA202303107040","other",1,"EMERGENCY LIGHTING"
33491,33,"Lights","3350","AALA202303106593","other",1,"EMERGENCY LIGHTING"
31143,52,"Doors","5250","AALA202303135309","door",0,"FIXED INNER DOORS"
40762,53,"Fuselage","5320","AALA202304255772","other",0,"FUSELAGE MISCELLANEOUS STRUCTURE"
31237,33,"Lights","3350","AALA202303134654","window",1,"EMERGENCY LIGHTING"
29510,53,"Fuselage","5320","AALA202301117167","door",0,"FUSELAGE MISCELLANEOUS STRUCTURE"
31161,52,"Doors","5250","AALA202301121559","latch",0,"FIXED INNER DOORS"
40762,52,"Doors","5250","AALA202301064997","latch",0,"FIXED INNER DOORS"
31169,25,"Equipment / Furnishings","2560","AALA202301048061","battery",1,"EMERGENCY EQUIPMENT"
30084,52,"Doors","5250","AALA202303151683","door",0,"FIXED INNER DOORS"
30082,52,"Doors","5210","AALA202302037330","CND",0,"PASSENGER/CREW DOORS"
29512,53,"Fuselage","5320","AALA202302074096","other",0,"FUSELAGE MISCELLANEOUS STRUCTURE"
29512,53,"Fuselage","5320","AALA202302079034","other",0,"FUSELAGE MISCELLANEOUS STRUCTURE"
29510,53,"Fuselage","5320","AALA202302078086","other",0,"FUSELAGE MISCELLANEOUS STRUCTURE"
31079,25,"Equipment / Furnishings","2560","AALA202303208155","door",1,"EMERGENCY EQUIPMENT"
29528,53,"Fuselage","5310","AALA202303220811","other",0,"FUSELAGE MAIN, STRUCTURE"
31160,25,"Equipment / Furnishings","2560","AALA202302138223","door",1,"EMERGENCY EQUIPMENT"
31111,52,"Doors","5210","AALA202302201444","door",3,"PASSENGER/CREW DOORS"
33208,33,"Lights","3350","AALA202302202728","other",1,"EMERGENCY LIGHTING"
31261,53,"Fuselage","5320","AALA202302201608","wheel",0,"FUSELAGE MISCELLANEOUS STRUCTURE"
29505,53,"Fuselage","5350","AALA202302208528","other",0,"AERODYNAMIC FAIRINGS"
29510,53,"Fuselage","5330","AALA202302225602","other",0,"FUSELAGE MAIN, PLATE/SKIN"
40762,53,"Fuselage","5310","AALA202304259867","other",0,"FUSELAGE MAIN, STRUCTURE"
33490,25,"Equipment / Furnishings","2560","AALA202302246020","door",1,"EMERGENCY EQUIPMENT"
29510,53,"Fuselage","5310","AALA202302242887","other",0,"FUSELAGE MAIN, STRUCTURE"
29546,29,"Hydraulic Power","2900","AALA202302274986","computer",3,"HYDRAULIC POWER SYSTEM"
29538,25,"Equipment / Furnishings","2530","AALA202303285923","oven",3,"BUFFET/GALLEYS"
29538,25,"Equipment / Furnishings","2530","AALA202303288246","oven",3,"BUFFET/GALLEYS"
44448,34,"Navigation","3400","AALA202303292215","probe",3,"NAVIGATION SYSTEM"
29523,53,"Fuselage","5320","AALA202301187200","other",0,"FUSELAGE MISCELLANEOUS STRUCTURE"
44454,56,"Windows","5610","AALA202301204436","CND",3,"FLIGHT COMPARTMENT WINDOWS"
29507,53,"Fuselage","5310","AALA202303068119","panel",0,"FUSELAGE MAIN, STRUCTURE"
29507,53,"Fuselage","5310","AALA202303062519","control rod",0,"FUSELAGE MAIN, STRUCTURE"
29507,53,"Fuselage","5320","AALA202303066402","panel",0,"FUSELAGE MISCELLANEOUS STRUCTURE"
29507,53,"Fuselage","5320","AALA202303063530","panel",0,"FUSELAGE MISCELLANEOUS STRUCTURE"
44488,27,"Flight Controls","2730","AALA202301238165","relay",3,"ELEVATOR CONTROL SYSTEM"
44488,27,"Flight Controls","2730","AALA202301232322","relay",3,"ELEVATOR CONTROL SYSTEM"
31171,52,"Doors","5250","AALA202303072258","latch",0,"FIXED INNER DOORS"
30085,53,"Fuselage","5320","AALA202304052627","panel",0,"FUSELAGE MISCELLANEOUS STRUCTURE"
31219,33,"Lights","3350","AALA202301107414","other",1,"EMERGENCY LIGHTING"
31262,53,"Fuselage","5320","AALA202303143801","other",0,"FUSELAGE MISCELLANEOUS STRUCTURE"
29523,53,"Fuselage","5320","AALA202302023042","apu component",0,"FUSELAGE MISCELLANEOUS STRUCTURE"
29523,53,"Fuselage","5310","AALA202302026601","other",0,"FUSELAGE MAIN, STRUCTURE"
31176,33,"Lights","3350","AALA202302025632","pack",1,"EMERGENCY LIGHTING"
30082,52,"Doors","5210","AALA202302062221","hinge",0,"PASSENGER/CREW DOORS"
29512,53,"Fuselage","5320","AALA202302079656","other",0,"FUSELAGE MISCELLANEOUS STRUCTURE"
30600,52,"Doors","5250","AALA202301117623","door",0,"FIXED INNER DOORS"
31156,33,"Lights","3300","AALA202304140641","switch",1,"LIGHTING SYSTEM"
29512,53,"Fuselage","5320","AALA202302080475","panel",0,"FUSELAGE MISCELLANEOUS STRUCTURE"
29512,32,"Landing Gear","3200","AALA202303215397","other",2,"LANDING GEAR SYSTEM"
29540,52,"Doors","5210","AALA202302098180","switch",3,"PASSENGER/CREW DOORS"
33220,52,"Doors","5210","AALA202302136981","sensor",3,"PASSENGER/CREW DOORS"
29507,53,"Fuselage","5320","AALA202302203723","other",0,"FUSELAGE MISCELLANEOUS STRUCTURE"
31077,25,"Equipment / Furnishings","2560","AALA202302179937","door",1,"EMERGENCY EQUIPMENT"
40580,33,"Lights","3350","AALA202302201258","door",1,"EMERGENCY LIGHTING"
29507,53,"Fuselage","5320","AALA202302215264","other",0,"FUSELAGE MISCELLANEOUS STRUCTURE"
29507,53,"Fuselage","5320","AALA202302218317","other",0,"FUSELAGE MISCELLANEOUS STRUCTURE"
44459,21,"Air Conditioning","2160","AALA202303272902","valve",3,"CABIN TEMPERATURE CONTROL SYSTEM"
44452,27,"Flight Controls","2740","AALA202303272555","switch",3,"STABILIZER CONTROL SYSTEM"
29510,33,"Lights","3350","AALA202302277866","other",1,"EMERGENCY LIGHTING"
29548,55,"Stabilizers","5510","AALA202302280381","other",0,"HORIZONTAL STABILIZER STRUCTURE"
33243,25,"Equipment / Furnishings","2560","AALA202303288913","door",1,"EMERGENCY EQUIPMENT"
29523,53,"Fuselage","5320","AALA202301197578","panel",0,"FUSELAGE MISCELLANEOUS STRUCTURE"
30600,57,"Wings","5710","AALA202303063555","other",0,"WING, MAIN FRAME STRUCTURE"
30600,57,"Wings","5710","AALA202303060674","other",0,"WING, MAIN FRAME STRUCTURE"
29536,57,"Wings","5710","AALA202304039726","other",0,"WING, MAIN FRAME STRUCTURE"
29507,53,"Fuselage","5320","AALA202303079784","other",0,"FUSELAGE MISCELLANEOUS STRUCTURE"
29505,53,"Fuselage","5320","AALA202301248447","other",0,"FUSELAGE MISCELLANEOUS STRUCTURE"
29510,53,"Fuselage","5310","AALA202301256379","control rod",0,"FUSELAGE MAIN, STRUCTURE"
33323,33,"Lights","3350","AALA202303103200","pack",1,"EMERGENCY LIGHTING"
29520,53,"Fuselage","5320","AALA202304053035","other",0,"FUSELAGE MISCELLANEOUS STRUCTURE"
30598,53,"Fuselage","5320","AALA202301301627","other",0,"FUSELAGE MISCELLANEOUS STRUCTURE"
40763,25,"Equipment / Furnishings","2560","AALA202301313723","door",1,"EMERGENCY EQUIPMENT"
40763,33,"Lights","3350","AALA202302031649","battery",1,"EMERGENCY LIGHTING"
33345,26,"Fire Protection","2610","AALA202301059115","other",2,"DETECTION SYSTEM"
33345,33,"Lights","3350","AALA202511171203","door",1,"EMERGENCY LIGHTING"
30092,25,"Equipment / Furnishings","2560","AALA202303205270","door",1,"EMERGENCY EQUIPMENT"
33203,25,"Equipment / Furnishings","2560","AALA202303212064","panel",1,"EMERGENCY EQUIPMENT"
31280,53,"Fuselage","5330","AALA202305108409","other",0,"FUSELAGE MAIN, PLATE/SKIN"
29511,53,"Fuselage","5320","AALA202306071585","other",0,"FUSELAGE MISCELLANEOUS STRUCTURE"
30903,55,"Stabilizers","5510","AALA202212144401","other",0,"HORIZONTAL STABILIZER STRUCTURE"
44458,30,"Ice And Rain Protection","3040","AALA202212120390","window",3,"WINDSHIELD/DOOR RAIN/ICE REMOVAL"
31111,55,"Stabilizers","5510","AALA202212233788","other",0,"HORIZONTAL STABILIZER STRUCTURE"
31145,26,"Fire Protection","2610","AALA202212076857","circuit breaker",3,"DETECTION SYSTEM"
29504,33,"Lights","3350","AALA202212074222","other",1,"EMERGENCY LIGHTING"
29503,55,"Stabilizers","5520","AALA202212137606","other",0,"ELEVATOR STRUCTURE"
30905,53,"Fuselage","5310","AALA202212075939","other",0,"FUSELAGE MAIN, STRUCTURE"
29505,53,"Fuselage","5320","AALA202301183557","panel",0,"FUSELAGE MISCELLANEOUS STRUCTURE"
31197,25,"Equipment / Furnishings","2560","AALA202211094001","door",1,"EMERGENCY EQUIPMENT"
29554,55,"Stabilizers","5510","AALA202301090969","other",0,"HORIZONTAL STABILIZER STRUCTURE"
29504,53,"Fuselage","5320","AALA202211235105","control rod",0,"FUSELAGE MISCELLANEOUS STRUCTURE"
31145,25,"Equipment / Furnishings","2560","AALA202212059026","door",1,"EMERGENCY EQUIPMENT"
31111,53,"Fuselage","5320","AALA202212206531","panel",0,"FUSELAGE MISCELLANEOUS STRUCTURE"
31111,53,"Fuselage","5320","AALA202212200723","other",0,"FUSELAGE MISCELLANEOUS STRUCTURE"
31111,55,"Stabilizers","5510","AALA202212202263","other",0,"HORIZONTAL STABILIZER STRUCTURE"
33343,53,"Fuselage","5320","AALA202212234429","other",0,"FUSELAGE MISCELLANEOUS STRUCTURE"
29506,53,"Fuselage","5320","AALA202211086001","other",0,"FUSELAGE MISCELLANEOUS STRUCTURE"
29567,33,"Lights","3350","AALA202212275265","other",1,"EMERGENCY LIGHTING"
33321,52,"Doors","5250","AALA202212096674","door",0,"FIXED INNER DOORS"
30905,53,"Fuselage","5320","AALA202212068848","panel",0,"FUSELAGE MISCELLANEOUS STRUCTURE"
33319,52,"Doors","5250","AALA202212140128","door",0,"FIXED INNER DOORS"
29516,24,"Electrical Power","2420","AALA202212142315","control unit",3,"AC GENERATION SYSTEM"
30095,33,"Lights","3350","AALA202212152007","pack",1,"EMERGENCY LIGHTING"
30095,33,"Lights","3350","AALA202212158778","pack",1,"EMERGENCY LIGHTING"
30098,25,"Equipment / Furnishings","2560","AALA202212203865","CND",1,"EMERGENCY EQUIPMENT"
29505,53,"Fuselage","5320","AALA202301257975","other",0,"FUSELAGE MISCELLANEOUS STRUCTURE"
31141,25,"Equipment / Furnishings","2560","AALA202211088411","door",1,"EMERGENCY EQUIPMENT"
40583,53,"Fuselage","5310","AALA202211080870","other",0,"FUSELAGE MAIN, STRUCTURE"
29548,57,"Wings","5750","AALA202211118315","CND",0,"WING, CONTROL SURFACES"
29510,53,"Fuselage","5320","AALA202301114356","panel",0,"FUSELAGE MISCELLANEOUS STRUCTURE"
29523,53,"Fuselage","5320","AALA202211101815","other",0,"FUSELAGE MISCELLANEOUS STRUCTURE"
29545,55,"Stabilizers","5510","AALA202301032607","other",0,"HORIZONTAL STABILIZER STRUCTURE"
29516,33,"Lights","3350","AALA202211151359","other",1,"EMERGENCY LIGHTING"
29506,53,"Fuselage","5320","AALA202211154786","other",0,"FUSELAGE MISCELLANEOUS STRUCTURE"
33256,25,"Equipment / Furnishings","2560","AALA202211252481","door",1,"EMERGENCY EQUIPMENT"
31109,53,"Fuselage","5320","AALA202211290470","panel",0,"FUSELAGE MISCELLANEOUS STRUCTURE"
30905,53,"Fuselage","5320","AALA202212014020","other",0,"FUSELAGE MISCELLANEOUS STRUCTURE"
29554,53,"Fuselage","5320","AALA202212203638","other",0,"FUSELAGE MISCELLANEOUS STRUCTURE"
30905,53,"Fuselage","5310","AALA202212060154","other",0,"FUSELAGE MAIN, STRUCTURE"
30905,53,"Fuselage","5320","AALA202212068358","door",0,"FUSELAGE MISCELLANEOUS STRUCTURE"
29503,53,"Fuselage","5320","AALA202212138575","other",0,"FUSELAGE MISCELLANEOUS STRUCTURE"
30905,53,"Fuselage","5320","AALA202212132049","other",0,"FUSELAGE MISCELLANEOUS STRUCTURE"
44471,52,"Doors","5250","AALA202212132846","latch",0,"FIXED INNER DOORS"
29508,53,"Fuselage","5320","AALA202212144620","other",0,"FUSELAGE MISCELLANEOUS STRUCTURE"
29546,51,"Standard Practices And Structures - General","5100","AALA202301177673","panel",0,"STANDARD PRACTICES/STRUCTURES"
29505,53,"Fuselage","5320","AALA202301186191","panel",0,"FUSELAGE MISCELLANEOUS STRUCTURE"
31185,27,"Flight Controls","2730","AALA202212094936","other",3,"ELEVATOR CONTROL SYSTEM"
29505,53,"Fuselage","5320","AALA202301183214","panel",0,"FUSELAGE MISCELLANEOUS STRUCTURE"
29505,53,"Fuselage","5320","AALA202301188549","panel",0,"FUSELAGE MISCELLANEOUS STRUCTURE"
29512,53,"Fuselage","5340","AALA202301199494","other",0,"FUSELAGE MAIN, ATTACH FITTINGS"
31200,25,"Equipment / Furnishings","2560","AALA202212197092","door",1,"EMERGENCY EQUIPMENT"
31111,53,"Fuselage","5320","AALA202212205023","other",0,"FUSELAGE MISCELLANEOUS STRUCTURE"
29505,53,"Fuselage","5320","AALA202212220764","other",0,"FUSELAGE MISCELLANEOUS STRUCTURE"
31111,52,"Doors","5250","AALA202402127995","CND",0,"FIXED INNER DOORS"
30903,53,"Fuselage","5320","AALA202212222183","other",0,"FUSELAGE MISCELLANEOUS STRUCTURE"
29536,53,"Fuselage","5350","AALA202211087722","panel",0,"AERODYNAMIC FAIRINGS"
31190,24,"Electrical Power","2420","AALA202212290111","generator",3,"AC GENERATION SYSTEM"
33489,53,"Fuselage","5310","AALA202301033815","other",0,"FUSELAGE MAIN, STRUCTURE"
29510,53,"Fuselage","5310","AALA202301113185","other",0,"FUSELAGE MAIN, STRUCTURE"
40584,53,"Fuselage","5320","AALA202301049037","panel",0,"FUSELAGE MISCELLANEOUS STRUCTURE"
40584,53,"Fuselage","5320","AALA202301048376","other",0,"FUSELAGE MISCELLANEOUS STRUCTURE"
31141,25,"Equipment / Furnishings","2560","AALA202211151860","battery",1,"EMERGENCY EQUIPMENT"
33321,52,"Doors","5250","AALA202211176656","hinge",0,"FIXED INNER DOORS"
29554,55,"Stabilizers","5510","AALA202301096137","other",0,"HORIZONTAL STABILIZER STRUCTURE"
29555,53,"Fuselage","5320","AALA202211210673","other",0,"FUSELAGE MISCELLANEOUS STRUCTURE"
29555,53,"Fuselage","5320","AALA202211216625","other",0,"FUSELAGE MISCELLANEOUS STRUCTURE"
29504,57,"Wings","5740","AALA202211224833","other",0,"WING, ATTACH FITTINGS"
40583,53,"Fuselage","5310","AALA202211237662","other",0,"FUSELAGE MAIN, STRUCTURE"
29504,53,"Fuselage","5320","AALA202211231761","control rod",0,"FUSELAGE MISCELLANEOUS STRUCTURE"
31208,52,"Doors","5210","AALA202212092695","door",3,"PASSENGER/CREW DOORS"
30905,57,"Wings","5710","AALA202212099304","panel",0,"WING, MAIN FRAME STRUCTURE"
29554,53,"Fuselage","5320","AALA202212201686","panel",0,"FUSELAGE MISCELLANEOUS STRUCTURE"
31275,25,"Equipment / Furnishings","2560","AALA202212203714","other",1,"EMERGENCY EQUIPMENT"
30916,52,"Doors","5250","AALA202212217275","door",0,"FIXED INNER DOORS"
44462,52,"Doors","5250","AALA202212063661","latch",0,"FIXED INNER DOORS"
29510,53,"Fuselage","5310","AALA202301184878","other",0,"FUSELAGE MAIN, STRUCTURE"
30918,52,"Doors","5250","AALA202212295374","hinge",0,"FIXED INNER DOORS"
29508,53,"Fuselage","5310","AALA202212292647","other",0,"FUSELAGE MAIN, STRUCTURE"
29554,53,"Fuselage","5320","AALA202212207366","other",0,"FUSELAGE MISCELLANEOUS STRUCTURE"
29554,53,"Fuselage","5320","AALA202212208399","door",0,"FUSELAGE MISCELLANEOUS STRUCTURE"
44483,25,"Equipment / Furnishings","2560","AALA202212238508","door",1,"EMERGENCY EQUIPMENT"
29508,53,"Fuselage","5310","AALA202212239370","other",0,"FUSELAGE MAIN, STRUCTURE"
29519,25,"Equipment / Furnishings","2560","AALA202212236666","door",1,"EMERGENCY EQUIPMENT"
40584,53,"Fuselage","5310","AALA202212235582","other",0,"FUSELAGE MAIN, STRUCTURE"
31199,33,"Lights","3350","AALA202403047704","door",1,"EMERGENCY LIGHTING"
40584,53,"Fuselage","5320","AALA202301103737","panel",0,"FUSELAGE MISCELLANEOUS STRUCTURE"
29508,33,"Lights","3350","AALA202301110499","pack",1,"EMERGENCY LIGHTING"
29503,53,"Fuselage","5320","AALA202211158111","panel",0,"FUSELAGE MISCELLANEOUS STRUCTURE"
29503,53,"Fuselage","5340","AALA202211153970","other",0,"FUSELAGE MAIN, ATTACH FITTINGS"
33521,34,"Navigation","3420","AALA202211217175","other",3,"ATTITUDE AND DIRECTION DATA SYSTEM"
33250,25,"Equipment / Furnishings","2560","AALA202211166459","door",1,"EMERGENCY EQUIPMENT"
29504,53,"Fuselage","5320","AALA202211223867","other",0,"FUSELAGE MISCELLANEOUS STRUCTURE"
31099,52,"Doors","5250","AALA202211252752","CND",0,"FIXED INNER DOORS"
31219,33,"Lights","3350","AALA202211280654","door",1,"EMERGENCY LIGHTING"
31109,53,"Fuselage","5320","AALA202211290820","brake",0,"FUSELAGE MISCELLANEOUS STRUCTURE"
31262,26,"Fire Protection","2610","AALA202212023809","sensor",3,"DETECTION SYSTEM"
31091,72,"Engine","7260","AALA202212058400","engine",3,"TURBINE ENGINE ACCESSORY DRIVE"
31109,53,"Fuselage","5320","AALA202212067802","panel",0,"FUSELAGE MISCELLANEOUS STRUCTURE"
33219,25,"Equipment / Furnishings","2560","AALA202212122215","other",1,"EMERGENCY EQUIPMENT"
30903,55,"Stabilizers","5510","AALA202212061119","other",0,"HORIZONTAL STABILIZER STRUCTURE"
31109,55,"Stabilizers","5510","AALA202212067849","other",0,"HORIZONTAL STABILIZER STRUCTURE"
31109,53,"Fuselage","5320","AALA202212067742","other",0,"FUSELAGE MISCELLANEOUS STRUCTURE"
31194,52,"Doors","5250","AALA202212075543","latch",0,"FIXED INNER DOORS"
29510,53,"Fuselage","5320","AALA202301188331","other",0,"FUSELAGE MISCELLANEOUS STRUCTURE"
29505,53,"Fuselage","5320","AALA202301188590","panel",0,"FUSELAGE MISCELLANEOUS STRUCTURE"
31111,53,"Fuselage","5320","AALA202212202742","panel",0,"FUSELAGE MISCELLANEOUS STRUCTURE"
31111,53,"Fuselage","5320","AALA202212204089","other",0,"FUSELAGE MISCELLANEOUS STRUCTURE"
29554,53,"Fuselage","5320","AALA202212213250","panel",0,"FUSELAGE MISCELLANEOUS STRUCTURE"
30903,53,"Fuselage","5310","AALA202212216650","other",0,"FUSELAGE MAIN, STRUCTURE"
29508,53,"Fuselage","5320","AALA202212231448","other",0,"FUSELAGE MISCELLANEOUS STRUCTURE"
29508,53,"Fuselage","5320","AALA202212236246","control rod",0,"FUSELAGE MISCELLANEOUS STRUCTURE"
29508,53,"Fuselage","5320","AALA202212278419","other",0,"FUSELAGE MISCELLANEOUS STRUCTURE"
29554,53,"Fuselage","5320","AALA202212281805","panel",0,"FUSELAGE MISCELLANEOUS STRUCTURE"
31111,55,"Stabilizers","5510","AALA202212281380","other",0,"HORIZONTAL STABILIZER STRUCTURE"
33343,53,"Fuselage","5310","AALA202212283911","other",0,"FUSELAGE MAIN, STRUCTURE"
33343,53,"Fuselage","5320","AALA202212287256","control rod",0,"FUSELAGE MISCELLANEOUS STRUCTURE"
29525,52,"Doors","5270","AALA202211081286","switch",0,"DOOR WARNING SYSTEM"
31277,56,"Windows","5610","AALA202211081231","window",3,"FLIGHT COMPARTMENT WINDOWS"
29503,56,"Windows","5610","AALA202212300351","window",0,"FLIGHT COMPARTMENT WINDOWS"
29523,53,"Fuselage","5320","AALA202211100465","other",0,"FUSELAGE MISCELLANEOUS STRUCTURE"
29523,53,"Fuselage","5320","AALA202211106901","other",0,"FUSELAGE MISCELLANEOUS STRUCTURE"
33343,53,"Fuselage","5310","AALA202301031168","other",0,"FUSELAGE MAIN, STRUCTURE"
29504,53,"Fuselage","5320","AALA202211149582","other",0,"FUSELAGE MISCELLANEOUS STRUCTURE"
40584,53,"Fuselage","5320","AALA202301049416","panel",0,"FUSELAGE MISCELLANEOUS STRUCTURE"
40584,53,"Fuselage","5320","AALA202301045348","other",0,"FUSELAGE MISCELLANEOUS STRUCTURE"
29503,53,"Fuselage","5320","AALA202211153809","panel",0,"FUSELAGE MISCELLANEOUS STRUCTURE"
33340,52,"Doors","5250","AALA202402264884","door",0,"FIXED INNER DOORS"
29554,55,"Stabilizers","5510","AALA202301095434","other",0,"HORIZONTAL STABILIZER STRUCTURE"
29503,53,"Fuselage","5310","AALA202301093195","wheel",0,"FUSELAGE MAIN, STRUCTURE"
33327,52,"Doors","5210","AALA202301108024","door",3,"PASSENGER/CREW DOORS"
31069,56,"Windows","5610","AALA202301109450","window",3,"FLIGHT COMPARTMENT WINDOWS"
29503,53,"Fuselage","5340","AALA202211183537","other",0,"FUSELAGE MAIN, ATTACH FITTINGS"
44471,52,"Doors","5250","AALA202211185235","door",0,"FIXED INNER DOORS"
29544,25,"Equipment / Furnishings","2560","AALA202211254629","other",1,"EMERGENCY EQUIPMENT"
30078,52,"Doors","5250","AALA202211215628","door",0,"FIXED INNER DOORS"
40766,25,"Equipment / Furnishings","2560","AALA202211225508","door",1,"EMERGENCY EQUIPMENT"
31157,22,"Auto Flight","2200","AALA202211278506","sensor",3,"AUTO FLIGHT SYSTEM"
31109,53,"Fuselage","5320","AALA202211296506","other",0,"FUSELAGE MISCELLANEOUS STRUCTURE"
29506,53,"Fuselage","5320","AALA202211295275","control rod",0,"FUSELAGE MISCELLANEOUS STRUCTURE"
29510,53,"Fuselage","5320","AALA202302171080","door",0,"FUSELAGE MISCELLANEOUS STRUCTURE"
30905,55,"Stabilizers","5510","AALA202212010959","other",0,"HORIZONTAL STABILIZER STRUCTURE"
29512,53,"Fuselage","5320","AALA202302216171","panel",0,"FUSELAGE MISCELLANEOUS STRUCTURE"
29505,53,"Fuselage","5310","AALA202301120840","other",0,"FUSELAGE MAIN, STRUCTURE"
40583,53,"Fuselage","5320","AALA202212055365","other",0,"FUSELAGE MISCELLANEOUS STRUCTURE"
29508,53,"Fuselage","5320","AALA202212134820","other",0,"FUSELAGE MISCELLANEOUS STRUCTURE"
40769,53,"Fuselage","5340","AALA202212061188","hinge",0,"FUSELAGE MAIN, ATTACH FITTINGS"
29503,55,"Stabilizers","5520","AALA202212212246","other",0,"ELEVATOR STRUCTURE"
29505,53,"Fuselage","5320","AALA202301182862","other",0,"FUSELAGE MISCELLANEOUS STRUCTURE"
29505,53,"Fuselage","5320","AALA202301188035","panel",0,"FUSELAGE MISCELLANEOUS STRUCTURE"
30905,25,"Equipment / Furnishings","2560","AALA202212199585","door",1,"EMERGENCY EQUIPMENT"
29554,53,"Fuselage","5320","AALA202212213266","panel",0,"FUSELAGE MISCELLANEOUS STRUCTURE"
29508,53,"Fuselage","5310","AALA202212278027","other",0,"FUSELAGE MAIN, STRUCTURE"
33243,33,"Lights","3350","AALA202211077513","other",1,"EMERGENCY LIGHTING"
29554,55,"Stabilizers","5510","AALA202301099546","other",0,"HORIZONTAL STABILIZER STRUCTURE"
44464,52,"Doors","5250","AALA202211163881","latch",0,"FIXED INNER DOORS"
29504,53,"Fuselage","5320","AALA202211239203","control rod",0,"FUSELAGE MISCELLANEOUS STRUCTURE"
29510,53,"Fuselage","5320","AALA202302135720","panel",0,"FUSELAGE MISCELLANEOUS STRUCTURE"
29506,53,"Fuselage","5310","AALA202211299318","other",0,"FUSELAGE MAIN, STRUCTURE"
29506,53,"Fuselage","5320","AALA202211290887","other",0,"FUSELAGE MISCELLANEOUS STRUCTURE"
31197,25,"Equipment / Furnishings","2560","AALA202212096291","door",1,"EMERGENCY EQUIPMENT"
31085,52,"Doors","5250","AALA202212051728","door",0,"FIXED INNER DOORS"
31171,25,"Equipment / Furnishings","2530","AALA202212216462","oven",1,"BUFFET/GALLEYS"
29510,53,"Fuselage","5310","AALA202301184696","other",0,"FUSELAGE MAIN, STRUCTURE"
29503,55,"Stabilizers","5520","AALA202212211910","other",0,"ELEVATOR STRUCTURE"
30905,53,"Fuselage","5310","AALA202212074098","other",0,"FUSELAGE MAIN, STRUCTURE"
30095,33,"Lights","3350","AALA202212150932","pack",1,"EMERGENCY LIGHTING"
29505,53,"Fuselage","5320","AALA202301186247","panel",0,"FUSELAGE MISCELLANEOUS STRUCTURE"
31210,34,"Navigation","3440","AALA202212163968","CND",0,"INDEPENDENT POS. DETERMINING SYSTEM"
29508,53,"Fuselage","5310","AALA202212291749","control rod",0,"FUSELAGE MAIN, STRUCTURE"
31111,53,"Fuselage","5310","AALA202212207167","other",0,"FUSELAGE MAIN, STRUCTURE"
30903,53,"Fuselage","5310","AALA202212207501","wheel",0,"FUSELAGE MAIN, STRUCTURE"
30903,53,"Fuselage","5320","AALA202212201885","other",0,"FUSELAGE MISCELLANEOUS STRUCTURE"
29554,53,"Fuselage","5320","AALA202212216508","other",0,"FUSELAGE MISCELLANEOUS STRUCTURE"
29554,53,"Fuselage","5320","AALA202212211060","other",0,"FUSELAGE MISCELLANEOUS STRUCTURE"
31111,55,"Stabilizers","5510","AALA202212238811","other",0,"HORIZONTAL STABILIZER STRUCTURE"
33250,25,"Equipment / Furnishings","2560","AALA202211047296","door",1,"EMERGENCY EQUIPMENT"
31069,26,"Fire Protection","2610","AALA202212270068","other",2,"DETECTION SYSTEM"
40583,55,"Stabilizers","5510","AALA202211088415","other",0,"HORIZONTAL STABILIZER STRUCTURE"
31192,52,"Doors","5250","AALA202212287744","door",0,"FIXED INNER DOORS"
31111,55,"Stabilizers","5510","AALA202212287942","other",0,"HORIZONTAL STABILIZER STRUCTURE"
33343,53,"Fuselage","5320","AALA202212281850","panel",0,"FUSELAGE MISCELLANEOUS STRUCTURE"
31261,25,"Equipment / Furnishings","2560","AALA202211099264","hinge",1,"EMERGENCY EQUIPMENT"
29503,53,"Fuselage","5320","AALA202211154499","other",0,"FUSELAGE MISCELLANEOUS STRUCTURE"
29554,53,"Fuselage","5330","AALA202301109406","other",0,"FUSELAGE MAIN, PLATE/SKIN"
30085,52,"Doors","5270","AALA202301107786","module",0,"DOOR WARNING SYSTEM"
29504,53,"Fuselage","5320","AALA202211235182","control rod",0,"FUSELAGE MISCELLANEOUS STRUCTURE"
29563,72,"Engine","7200","AALA202211284021","other",3,"ENGINE (TURBINE/TURBOPROP)"
29503,53,"Fuselage","5320","AALA202211297206","control rod",0,"FUSELAGE MISCELLANEOUS STRUCTURE"
30084,53,"Fuselage","5340","AALA202211309649","other",0,"FUSELAGE MAIN, ATTACH FITTINGS"
33343,52,"Doors","5250","AALA202212019407","door",0,"FIXED INNER DOORS"
31197,25,"Equipment / Furnishings","2560","AALA202212127412","door",1,"EMERGENCY EQUIPMENT"
33243,33,"Lights","3350","AALA202212123535","door",1,"EMERGENCY LIGHTING"
31109,53,"Fuselage","5320","AALA202212069408","panel",0,"FUSELAGE MISCELLANEOUS STRUCTURE"
30903,55,"Stabilizers","5510","AALA202212069819","other",0,"HORIZONTAL STABILIZER STRUCTURE"
30903,55,"Stabilizers","5510","AALA202212068924","other",0,"HORIZONTAL STABILIZER STRUCTURE"
33486,53,"Fuselage","5340","AALA202212122773","hinge",0,"FUSELAGE MAIN, ATTACH FITTINGS"
30087,29,"Hydraulic Power","2910","AALA202212065495","pump",3,"HYDRAULIC SYSTEM, MAIN"
44462,52,"Doors","5250","AALA202212061912","latch",0,"FIXED INNER DOORS"
30905,53,"Fuselage","5320","AALA202212079364","panel",0,"FUSELAGE MISCELLANEOUS STRUCTURE"
29540,33,"Lights","3350","AALA202212149251","door",1,"EMERGENCY LIGHTING"
30095,55,"Stabilizers","5510","AALA202212166737","other",0,"HORIZONTAL STABILIZER STRUCTURE"
29516,24,"Electrical Power","2420","AALA202212142024","control unit",3,"AC GENERATION SYSTEM"
30903,53,"Fuselage","5320","AALA202212148262","control rod",0,"FUSELAGE MISCELLANEOUS STRUCTURE"
33488,53,"Fuselage","5320","AALA202212146064","panel",0,"FUSELAGE MISCELLANEOUS STRUCTURE"
31273,52,"Doors","5250","AALA202212090100","door",0,"FIXED INNER DOORS"
30095,33,"Lights","3350","AALA202212158145","pack",1,"EMERGENCY LIGHTING"
30905,53,"Fuselage","5320","AALA202304185768","engine",0,"FUSELAGE MISCELLANEOUS STRUCTURE"
31111,53,"Fuselage","5320","AALA202212206141","control rod",0,"FUSELAGE MISCELLANEOUS STRUCTURE"
29530,53,"Fuselage","5320","AALA202212209187","panel",0,"FUSELAGE MISCELLANEOUS STRUCTURE"
29503,53,"Fuselage","5310","AALA202212228413","window",0,"FUSELAGE MAIN, STRUCTURE"
29567,25,"Equipment / Furnishings","2560","AALA202212231906","door",1,"EMERGENCY EQUIPMENT"
29510,53,"Fuselage","5320","AALA202301255387","control rod",0,"FUSELAGE MISCELLANEOUS STRUCTURE"
31111,55,"Stabilizers","5510","AALA202212239188","other",0,"HORIZONTAL STABILIZER STRUCTURE"
29508,53,"Fuselage","5320","AALA202212233663","other",0,"FUSELAGE MISCELLANEOUS STRUCTURE"
33492,52,"Doors","5250","AALA202211035020","latch",0,"FIXED INNER DOORS"
29503,55,"Stabilizers","5520","AALA202212216034","other",0,"ELEVATOR STRUCTURE"
30904,53,"Fuselage","5310","AALA202211086206","other",0,"FUSELAGE MAIN, STRUCTURE"
29523,53,"Fuselage","5320","AALA202211105306","other",0,"FUSELAGE MISCELLANEOUS STRUCTURE"
29523,53,"Fuselage","5320","AALA202211104567","other",0,"FUSELAGE MISCELLANEOUS STRUCTURE"
29523,53,"Fuselage","5320","AALA202211108318","other",0,"FUSELAGE MISCELLANEOUS STRUCTURE"
33341,33,"Lights","3350","AALA202211147716","other",1,"EMERGENCY LIGHTING"
33205,56,"Windows","5610","AALA202211145022","window",3,"FLIGHT COMPARTMENT WINDOWS"
29504,53,"Fuselage","5320","AALA202211147812","door",0,"FUSELAGE MISCELLANEOUS STRUCTURE"
31265,53,"Fuselage","5320","AALA202211144658","panel",3,"FUSELAGE MISCELLANEOUS STRUCTURE"
29503,53,"Fuselage","5340","AALA202211157333","other",0,"FUSELAGE MAIN, ATTACH FITTINGS"
29544,25,"Equipment / Furnishings","2560","AALA202211257610","other",1,"EMERGENCY EQUIPMENT"
31127,25,"Equipment / Furnishings","2560","AALA202211212008","door",1,"EMERGENCY EQUIPMENT"
29555,53,"Fuselage","5320","AALA202211217121","other",0,"FUSELAGE MISCELLANEOUS STRUCTURE"
40583,53,"Fuselage","5320","AALA202211280044","wheel",0,"FUSELAGE MISCELLANEOUS STRUCTURE"
29571,33,"Lights","3350","AALA202211287512","other",1,"EMERGENCY LIGHTING"
33234,33,"Lights","3350","AALA202212096935","other",1,"EMERGENCY LIGHTING"
30905,53,"Fuselage","5310","AALA202212120874","other",0,"FUSELAGE MAIN, STRUCTURE"
29505,53,"Fuselage","5320","AALA202301180952","panel",0,"FUSELAGE MISCELLANEOUS STRUCTURE"
29505,53,"Fuselage","5320","AALA202301186439","other",0,"FUSELAGE MISCELLANEOUS STRUCTURE"
29505,53,"Fuselage","5320","AALA202301188082","panel",0,"FUSELAGE MISCELLANEOUS STRUCTURE"
29505,53,"Fuselage","5320","AALA202301187426","panel",0,"FUSELAGE MISCELLANEOUS STRUCTURE"
29505,53,"Fuselage","5320","AALA202301186667","panel",0,"FUSELAGE MISCELLANEOUS STRUCTURE"
44484,25,"Equipment / Furnishings","2530","AALA202212192187","oven",1,"BUFFET/GALLEYS"
31111,53,"Fuselage","5320","AALA202212205396","panel",0,"FUSELAGE MISCELLANEOUS STRUCTURE"
31111,55,"Stabilizers","5510","AALA202212200354","other",0,"HORIZONTAL STABILIZER STRUCTURE"
31145,22,"Auto Flight","2210","AALA202212212716","panel",3,"AUTOPILOT SYSTEM"
29562,52,"Doors","5250","AALA202211035419","latch",0,"FIXED INNER DOORS"
29508,53,"Fuselage","5320","AALA202212270733","other",0,"FUSELAGE MISCELLANEOUS STRUCTURE"
44452,33,"Lights","3350","AALA202510167723","pack",1,"EMERGENCY LIGHTING"
31143,53,"Fuselage","5340","AALA202212277338","hinge",0,"FUSELAGE MAIN, ATTACH FITTINGS"
29510,53,"Fuselage","5320","AALA202301115471","other",0,"FUSELAGE MISCELLANEOUS STRUCTURE"
29504,53,"Fuselage","5320","AALA202211159299","door",0,"FUSELAGE MISCELLANEOUS STRUCTURE"
29506,53,"Fuselage","5320","AALA202211153052","other",0,"FUSELAGE MISCELLANEOUS STRUCTURE"
44446,25,"Equipment / Furnishings","2560","AALA202301107537","door",1,"EMERGENCY EQUIPMENT"
31189,32,"Landing Gear","3240","AALA202211186951","valve",2,"LANDING GEAR BRAKE SYSTEM"
31133,52,"Doors","5250","AALA202211213349","latch",3,"FIXED INNER DOORS"
30903,53,"Fuselage","5310","AALA202211233413","other",0,"FUSELAGE MAIN, STRUCTURE"
30905,53,"Fuselage","5320","AALA202211231453","panel",0,"FUSELAGE MISCELLANEOUS STRUCTURE"
40583,53,"Fuselage","5320","AALA202211256588","other",0,"FUSELAGE MISCELLANEOUS STRUCTURE"
44474,27,"Flight Controls","2750","AALA202211252313","sensor",2,"TE FLAP CONTROL SYSTEM"
29504,53,"Fuselage","5320","AALA202211295670","other",0,"FUSELAGE MISCELLANEOUS STRUCTURE"
33203,22,"Auto Flight","2210","AALA202211302167","actuator",3,"AUTOPILOT SYSTEM"
29506,53,"Fuselage","5310","AALA202212093392","wheel",0,"FUSELAGE MAIN, STRUCTURE"
40583,25,"Equipment / Furnishings","2530","AALA202212129819","oven",3,"BUFFET/GALLEYS"
30905,53,"Fuselage","5310","AALA202212064814","panel",0,"FUSELAGE MAIN, STRUCTURE"
31111,55,"Stabilizers","5510","AALA202212213795","other",0,"HORIZONTAL STABILIZER STRUCTURE"
31109,53,"Fuselage","5320","AALA202212065225","panel",0,"FUSELAGE MISCELLANEOUS STRUCTURE"
29508,53,"Fuselage","5320","AALA202212140848","other",0,"FUSELAGE MISCELLANEOUS STRUCTURE"
31171,52,"Doors","5250","AALA202212076336","door",0,"FIXED INNER DOORS"
29554,55,"Stabilizers","5510","AALA202301067729","other",0,"HORIZONTAL STABILIZER STRUCTURE"
29542,28,"Fuel","2820","AALA202212199922","valve",3,"ACFT FUEL DISTRIB. SYSTEM"
33489,57,"Wings","5750","AALA202212293686","other",0,"WING, CONTROL SURFACES"
29554,53,"Fuselage","5320","AALA202212208353","other",0,"FUSELAGE MISCELLANEOUS STRUCTURE"
30082,38,"Water / Waste","3830","AALA202212207260","sensor",3,"WASTE DISPOSAL SYSTEM"
29554,53,"Fuselage","5320","AALA202212213929","panel",0,"FUSELAGE MISCELLANEOUS STRUCTURE"
29504,53,"Fuselage","5320","AALA202212226600","control rod",0,"FUSELAGE MISCELLANEOUS STRUCTURE"
29509,72,"Engine","7200","AALA202212231508","CND",3,"ENGINE (TURBINE/TURBOPROP)"
29508,53,"Fuselage","5320","AALA202212276009","other",0,"FUSELAGE MISCELLANEOUS STRUCTURE"
29508,53,"Fuselage","5310","AALA202212279349","other",0,"FUSELAGE MAIN, STRUCTURE"
29508,53,"Fuselage","5320","AALA202212279158","other",0,"FUSELAGE MISCELLANEOUS STRUCTURE"
44464,52,"Doors","5250","AALA202308286393","door",0,"FIXED INNER DOORS"
33203,22,"Auto Flight","2210","AALA202211072167","CND",3,"AUTOPILOT SYSTEM"
33341,33,"Lights","3350","AALA202211104966","pack",1,"EMERGENCY LIGHTING"
31228,52,"Doors","5250","AALA202211108110","door",0,"FIXED INNER DOORS"
31087,52,"Doors","5250","AALA202211087048","hinge",0,"FIXED INNER DOORS"
29505,53,"Fuselage","5320","AALA202301031610","other",0,"FUSELAGE MISCELLANEOUS STRUCTURE"
33234,25,"Equipment / Furnishings","2560","AALA202301031147","door",1,"EMERGENCY EQUIPMENT"
29503,53,"Fuselage","5320","AALA202211145541","panel",0,"FUSELAGE MISCELLANEOUS STRUCTURE"
30903,53,"Fuselage","5320","AALA202211233964","other",0,"FUSELAGE MISCELLANEOUS STRUCTURE"
30084,53,"Fuselage","5340","AALA202211300452","other",0,"FUSELAGE MAIN, ATTACH FITTINGS"
31109,53,"Fuselage","5320","AALA202211300658","panel",0,"FUSELAGE MISCELLANEOUS STRUCTURE"
40583,53,"Fuselage","5320","AALA202212010571","panel",0,"FUSELAGE MISCELLANEOUS STRUCTURE"
30905,53,"Fuselage","5320","AALA202212064064","door",0,"FUSELAGE MISCELLANEOUS STRUCTURE"
30088,52,"Doors","5210","AALA202212122233","door",3,"PASSENGER/CREW DOORS"
31111,55,"Stabilizers","5510","AALA202212211934","other",0,"HORIZONTAL STABILIZER STRUCTURE"
31253,25,"Equipment / Furnishings","2560","AALA202212148253","door",1,"EMERGENCY EQUIPMENT"
30903,53,"Fuselage","5310","AALA202304186650","other",0,"FUSELAGE MAIN, STRUCTURE"
31095,27,"Flight Controls","2700","AALA202212166396","CND",3,"FLIGHT CONTROL SYSTEM"
29554,53,"Fuselage","5320","AALA202212206113","panel",0,"FUSELAGE MISCELLANEOUS STRUCTURE"
29554,53,"Fuselage","5320","AALA202212212929","panel",0,"FUSELAGE MISCELLANEOUS STRUCTURE"
31111,55,"Stabilizers","5510","AALA202212230282","other",0,"HORIZONTAL STABILIZER STRUCTURE"
33343,53,"Fuselage","5320","AALA202212234657","door",0,"FUSELAGE MISCELLANEOUS STRUCTURE"
29508,53,"Fuselage","5320","AALA202212276622","other",0,"FUSELAGE MISCELLANEOUS STRUCTURE"
31277,30,"Ice And Rain Protection","3040","AALA202211088508","window",3,"WINDSHIELD/DOOR RAIN/ICE REMOVAL"
40584,53,"Fuselage","5320","AALA202301105834","door",0,"FUSELAGE MISCELLANEOUS STRUCTURE"
29523,53,"Fuselage","5320","AALA202211109416","other",0,"FUSELAGE MISCELLANEOUS STRUCTURE"
29504,53,"Fuselage","5320","AALA202211147042","other",0,"FUSELAGE MISCELLANEOUS STRUCTURE"
29503,53,"Fuselage","5320","AALA202211146888","other",0,"FUSELAGE MISCELLANEOUS STRUCTURE"
29503,53,"Fuselage","5310","AALA202211148562","other",0,"FUSELAGE MAIN, STRUCTURE"
29504,53,"Fuselage","5310","AALA202211154699","other",0,"FUSELAGE MAIN, STRUCTURE"
29554,53,"Fuselage","5310","AALA202212231201","other",0,"FUSELAGE MAIN, STRUCTURE"
29503,53,"Fuselage","5320","AALA202211188820","panel",0,"FUSELAGE MISCELLANEOUS STRUCTURE"
33334,52,"Doors","5210","AALA202211254364","door",0,"PASSENGER/CREW DOORS"
31109,53,"Fuselage","5320","AALA202211293096","control rod",0,"FUSELAGE MISCELLANEOUS STRUCTURE"
31109,53,"Fuselage","5320","AALA202211297825","control rod",0,"FUSELAGE MISCELLANEOUS STRUCTURE"
29504,56,"Windows","5610","AALA202212092794","window",0,"FLIGHT COMPARTMENT WINDOWS"
29546,21,"Air Conditioning","2120","AALA202212129254","other",3,"AIR DISTRIBUTION SYSTEM"
29505,53,"Fuselage","5310","AALA202301123979","other",0,"FUSELAGE MAIN, STRUCTURE"
29528,53,"Fuselage","5330","AALA202301127767","other",0,"FUSELAGE MAIN, PLATE/SKIN"
31233,21,"Air Conditioning","2120","AALA202212126228","CND",3,"AIR DISTRIBUTION SYSTEM"
31111,55,"Stabilizers","5510","AALA202212218306","other",0,"HORIZONTAL STABILIZER STRUCTURE"
29508,53,"Fuselage","5340","AALA202212137778","other",0,"FUSELAGE MAIN, ATTACH FITTINGS"
30903,55,"Stabilizers","5510","AALA202212067252","other",0,"HORIZONTAL STABILIZER STRUCTURE"
31109,53,"Fuselage","5320","AALA202212066259","panel",0,"FUSELAGE MISCELLANEOUS STRUCTURE"
30905,53,"Fuselage","5310","AALA202212076429","other",0,"FUSELAGE MAIN, STRUCTURE"
31127,52,"Doors","5210","AALA202212076792","door",0,"PASSENGER/CREW DOORS"
40762,52,"Doors","5250","AALA202212199004","latch",0,"FIXED INNER DOORS"
33213,33,"Lights","3350","AALA202212190259","other",1,"EMERGENCY LIGHTING"
29554,53,"Fuselage","5320","AALA202212219400","panel",0,"FUSELAGE MISCELLANEOUS STRUCTURE"
29505,53,"Fuselage","5320","AALA202212227442","other",0,"FUSELAGE MISCELLANEOUS STRUCTURE"
30903,53,"Fuselage","5310","AALA202212227983","other",0,"FUSELAGE MAIN, STRUCTURE"
31196,33,"Lights","3350","AALA202211036564","other",1,"EMERGENCY LIGHTING"
29508,53,"Fuselage","5310","AALA202212277735","other",0,"FUSELAGE MAIN, STRUCTURE"
31265,56,"Windows","5610","AALA202211073141","window",0,"FLIGHT COMPARTMENT WINDOWS"
29505,53,"Fuselage","5320","AALA202301187118","other",0,"FUSELAGE MISCELLANEOUS STRUCTURE"
31277,56,"Windows","5610","AALA202211073194","window",3,"FLIGHT COMPARTMENT WINDOWS"
29504,53,"Fuselage","5310","AALA202211239059","control rod",0,"FUSELAGE MAIN, STRUCTURE"
40583,53,"Fuselage","5320","AALA202211251565","other",0,"FUSELAGE MISCELLANEOUS STRUCTURE"
40583,53,"Fuselage","5320","AALA202211255503","other",0,"FUSELAGE MISCELLANEOUS STRUCTURE"
31109,53,"Fuselage","5310","AALA202211301057","other",0,"FUSELAGE MAIN, STRUCTURE"
44475,33,"Lights","3350","AALA202212129961","other",1,"EMERGENCY LIGHTING"
44479,33,"Lights","3350","AALA202212120738","other",1,"EMERGENCY LIGHTING"
30088,53,"Fuselage","5340","AALA202212128962","CND",3,"FUSELAGE MAIN, ATTACH FITTINGS"
31231,33,"Lights","3350","AALA202212216768","other",1,"EMERGENCY LIGHTING"
31111,55,"Stabilizers","5510","AALA202212219291","other",0,"HORIZONTAL STABILIZER STRUCTURE"
29546,53,"Fuselage","5330","AALA202301179377","panel",0,"FUSELAGE MAIN, PLATE/SKIN"
29505,53,"Fuselage","5320","AALA202301181736","panel",0,"FUSELAGE MISCELLANEOUS STRUCTURE"
29505,53,"Fuselage","5320","AALA202301189703","panel",0,"FUSELAGE MISCELLANEOUS STRUCTURE"
31111,55,"Stabilizers","5510","AALA202212204589","other",0,"HORIZONTAL STABILIZER STRUCTURE"
31111,53,"Fuselage","5320","AALA202212206719","other",0,"FUSELAGE MISCELLANEOUS STRUCTURE"
29542,53,"Fuselage","5310","AALA202412272525","other",0,"FUSELAGE MAIN, STRUCTURE"
29503,53,"Fuselage","5310","AALA202212223888","wheel",0,"FUSELAGE MAIN, STRUCTURE"
29508,53,"Fuselage","5320","AALA202212232715","other",0,"FUSELAGE MISCELLANEOUS STRUCTURE"
29508,53,"Fuselage","5320","AALA202212273422","other",0,"FUSELAGE MISCELLANEOUS STRUCTURE"
29508,53,"Fuselage","5320","AALA202212277433","panel",0,"FUSELAGE MISCELLANEOUS STRUCTURE"
29508,53,"Fuselage","5320","AALA202212277267","panel",0,"FUSELAGE MISCELLANEOUS STRUCTURE"
29508,53,"Fuselage","5320","AALA202212274828","door",0,"FUSELAGE MISCELLANEOUS STRUCTURE"
44465,56,"Windows","5610","AALA202212281738","window",3,"FLIGHT COMPARTMENT WINDOWS"
31208,25,"Equipment / Furnishings","2560","AALA202211088423","door",1,"EMERGENCY EQUIPMENT"
29523,53,"Fuselage","5320","AALA202211102866","other",0,"FUSELAGE MISCELLANEOUS STRUCTURE"
29523,53,"Fuselage","5320","AALA202211102422","other",0,"FUSELAGE MISCELLANEOUS STRUCTURE"
33318,33,"Lights","3350","AALA202211111261","door",1,"EMERGENCY LIGHTING"
33230,52,"Doors","5250","AALA202211174793","door",0,"FIXED INNER DOORS"
30079,34,"Navigation","3410","AALA202211210728","switch",3,"FLIGHT ENVIRONMENT DATA"
31233,49,"Airborne Auxiliary Power","4920","AALA202301106228","apu component",3,"APU CORE ENGINE"
33233,72,"Engine","7200","AALA202301104010","engine",3,"ENGINE (TURBINE/TURBOPROP)"
29503,53,"Fuselage","5320","AALA202211185060","door",0,"FUSELAGE MISCELLANEOUS STRUCTURE"
30090,52,"Doors","5210","AALA202211183680","door",0,"PASSENGER/CREW DOORS"
30094,56,"Windows","5610","AALA202211187833","window",0,"FLIGHT COMPARTMENT WINDOWS"
29555,53,"Fuselage","5320","AALA202211212232","other",0,"FUSELAGE MISCELLANEOUS STRUCTURE"
29506,53,"Fuselage","5320","AALA202211224816","control rod",0,"FUSELAGE MISCELLANEOUS STRUCTURE"
30094,55,"Stabilizers","5510","AALA202211222254","panel",0,"HORIZONTAL STABILIZER STRUCTURE"
40583,55,"Stabilizers","5510","AALA202211234542","other",0,"HORIZONTAL STABILIZER STRUCTURE"
29563,72,"Engine","7230","AALA202211234021","CND",3,"TURBINE ENGINE COMPRESSOR SECTION"
31157,27,"Flight Controls","2710","AALA202211273175","sensor",3,"AILERON CONTROL SYSTEM"
31109,53,"Fuselage","5320","AALA202211298946","control rod",0,"FUSELAGE MISCELLANEOUS STRUCTURE"
30905,53,"Fuselage","5320","AALA202212015768","door",0,"FUSELAGE MISCELLANEOUS STRUCTURE"
29505,53,"Fuselage","5310","AALA202301125004","other",0,"FUSELAGE MAIN, STRUCTURE"
30905,33,"Lights","3350","AALA202212124876","door",1,"EMERGENCY LIGHTING"
29546,21,"Air Conditioning","2120","AALA202212099254","CND",3,"AIR DISTRIBUTION SYSTEM"
30906,33,"Lights","3350","AALA202212053268","door",1,"EMERGENCY LIGHTING"
30907,25,"Equipment / Furnishings","2560","AALA202212052525","door",1,"EMERGENCY EQUIPMENT"
30905,53,"Fuselage","5320","AALA202212063587","other",0,"FUSELAGE MISCELLANEOUS STRUCTURE"
31111,55,"Stabilizers","5510","AALA202212214132","other",0,"HORIZONTAL STABILIZER STRUCTURE"
29506,26,"Fire Protection","2610","AALA202212148401","other",2,"DETECTION SYSTEM"
31178,25,"Equipment / Furnishings","2560","AALA202212162019","other",1,"EMERGENCY EQUIPMENT"
30903,53,"Fuselage","5310","AALA202212147827","control rod",0,"FUSELAGE MAIN, STRUCTURE"
30095,33,"Lights","3350","AALA202212152564","pack",1,"EMERGENCY LIGHTING"
31111,53,"Fuselage","5320","AALA202212202692","other",0,"FUSELAGE MISCELLANEOUS STRUCTURE"
30094,33,"Lights","3350","AALA202510100315","other",1,"EMERGENCY LIGHTING"
31111,53,"Fuselage","5320","AALA202212204467","other",0,"FUSELAGE MISCELLANEOUS STRUCTURE"
33233,72,"Engine","7200","AALA202212294010","CND",3,"ENGINE (TURBINE/TURBOPROP)"
31111,53,"Fuselage","5320","AALA202212207799","panel",0,"FUSELAGE MISCELLANEOUS STRUCTURE"
29554,53,"Fuselage","5320","AALA202212217161","panel",0,"FUSELAGE MISCELLANEOUS STRUCTURE"
29554,53,"Fuselage","5320","AALA202212214516","panel",0,"FUSELAGE MISCELLANEOUS STRUCTURE"
29505,53,"Fuselage","5320","AALA202212229381","other",0,"FUSELAGE MISCELLANEOUS STRUCTURE"
31109,53,"Fuselage","5320","AALA202212225738","other",0,"FUSELAGE MISCELLANEOUS STRUCTURE"
31111,55,"Stabilizers","5510","AALA202212234644","other",0,"HORIZONTAL STABILIZER STRUCTURE"
40584,53,"Fuselage","5310","AALA202212235828","other",0,"FUSELAGE MAIN, STRUCTURE"
29508,53,"Fuselage","5320","AALA202212272195","other",0,"FUSELAGE MISCELLANEOUS STRUCTURE"
40583,53,"Fuselage","5320","AALA202211081183","brake",0,"FUSELAGE MISCELLANEOUS STRUCTURE"
31265,56,"Windows","5610","AALA202211076327","window",0,"FLIGHT COMPARTMENT WINDOWS"
33343,53,"Fuselage","5310","AALA202212286846","other",0,"FUSELAGE MAIN, STRUCTURE"
33343,53,"Fuselage","5310","AALA202212285438","other",0,"FUSELAGE MAIN, STRUCTURE"
29504,53,"Fuselage","5320","AALA202211088264","other",0,"FUSELAGE MISCELLANEOUS STRUCTURE"
29546,52,"Doors","5250","AALA202211094434","door",0,"FIXED INNER DOORS"
29506,53,"Fuselage","5320","AALA202211081241","other",0,"FUSELAGE MISCELLANEOUS STRUCTURE"
29505,53,"Fuselage","5320","AALA202301062895","door",0,"FUSELAGE MISCELLANEOUS STRUCTURE"
29504,53,"Fuselage","5320","AALA202211149755","door",0,"FUSELAGE MISCELLANEOUS STRUCTURE"
29504,53,"Fuselage","5340","AALA202211146623","other",0,"FUSELAGE MAIN, ATTACH FITTINGS"
29504,53,"Fuselage","5320","AALA202211147314","panel",0,"FUSELAGE MISCELLANEOUS STRUCTURE"
29504,53,"Fuselage","5320","AALA202211146262","panel",0,"FUSELAGE MISCELLANEOUS STRUCTURE"
29517,25,"Equipment / Furnishings","2560","AALA202211149318","door",1,"EMERGENCY EQUIPMENT"
40584,53,"Fuselage","5320","AALA202301044596","panel",0,"FUSELAGE MISCELLANEOUS STRUCTURE"
40584,55,"Stabilizers","5510","AALA202301045034","other",0,"HORIZONTAL STABILIZER STRUCTURE"
44510,25,"Equipment / Furnishings","2560","AALA202510216829","pack",1,"EMERGENCY EQUIPMENT"
29506,53,"Fuselage","5310","AALA202211152647","other",0,"FUSELAGE MAIN, STRUCTURE"
31156,52,"Doors","5210","AALA202211174462","door",0,"PASSENGER/CREW DOORS"
30085,53,"Fuselage","5320","AALA202211150918","door",0,"FUSELAGE MISCELLANEOUS STRUCTURE"
29508,53,"Fuselage","5320","AALA202301060847","other",0,"FUSELAGE MISCELLANEOUS STRUCTURE"
29554,55,"Stabilizers","5510","AALA202301097849","other",0,"HORIZONTAL STABILIZER STRUCTURE"
29554,55,"Stabilizers","5510","AALA202301101673","other",0,"HORIZONTAL STABILIZER STRUCTURE"
40584,53,"Fuselage","5320","AALA202301100718","other",0,"FUSELAGE MISCELLANEOUS STRUCTURE"
33230,52,"Doors","5250","AALA202211188973","door",0,"FIXED INNER DOORS"
44470,52,"Doors","5250","AALA202211181223","door",0,"FIXED INNER DOORS"
29555,53,"Fuselage","5330","AALA202211216512","other",0,"FUSELAGE MAIN, PLATE/SKIN"
31157,22,"Auto Flight","2210","AALA202211238506","CND",3,"AUTOPILOT SYSTEM"
44471,53,"Fuselage","5340","AALA202211289277","hinge",0,"FUSELAGE MAIN, ATTACH FITTINGS"
29509,33,"Lights","3350","AALA202211289734","other",1,"EMERGENCY LIGHTING"
29506,53,"Fuselage","5310","AALA202211299262","control rod",0,"FUSELAGE MAIN, STRUCTURE"
30084,53,"Fuselage","5340","AALA202211308059","other",0,"FUSELAGE MAIN, ATTACH FITTINGS"
31109,53,"Fuselage","5320","AALA202212015204","other",0,"FUSELAGE MISCELLANEOUS STRUCTURE"
30905,55,"Stabilizers","5510","AALA202212014769","other",0,"HORIZONTAL STABILIZER STRUCTURE"
40583,53,"Fuselage","5320","AALA202212011133","panel",0,"FUSELAGE MISCELLANEOUS STRUCTURE"
33487,52,"Doors","5250","AALA202212099597","door",0,"FIXED INNER DOORS"
29544,52,"Doors","5250","AALA202212097137","door",0,"FIXED INNER DOORS"
29512,53,"Fuselage","5320","AALA202302213737","door",0,"FUSELAGE MISCELLANEOUS STRUCTURE"
31091,73,"Engine - Fuel And Control","7320","AALA202212052414","engine",3,"FUEL CONTROLLING SYSTEM"
29554,53,"Fuselage","5320","AALA202212200616","panel",0,"FUSELAGE MISCELLANEOUS STRUCTURE"
29554,53,"Fuselage","5320","AALA202212209361","other",0,"FUSELAGE MISCELLANEOUS STRUCTURE"
29503,55,"Stabilizers","5520","AALA202212131787","other",0,"ELEVATOR STRUCTURE"
31111,55,"Stabilizers","5510","AALA202212216665","other",0,"HORIZONTAL STABILIZER STRUCTURE"
31111,55,"Stabilizers","5510","AALA202212210213","other",0,"HORIZONTAL STABILIZER STRUCTURE"
33486,33,"Lights","3350","AALA202212226003","other",1,"EMERGENCY LIGHTING"
30903,55,"Stabilizers","5510","AALA202212141696","other",0,"HORIZONTAL STABILIZER STRUCTURE"
44450,33,"Lights","3350","AALA202212158400","pack",1,"EMERGENCY LIGHTING"
29505,53,"Fuselage","5340","AALA202301183293","other",0,"FUSELAGE MAIN, ATTACH FITTINGS"
29505,53,"Fuselage","5320","AALA202212165787","other",0,"FUSELAGE MISCELLANEOUS STRUCTURE"
30095,33,"Lights","3350","AALA202212156043","pack",1,"EMERGENCY LIGHTING"
33314,33,"Lights","3350","AALA202212203896","other",1,"EMERGENCY LIGHTING"
29554,53,"Fuselage","5320","AALA202212218868","panel",0,"FUSELAGE MISCELLANEOUS STRUCTURE"
29508,53,"Fuselage","5320","AALA202212272815","other",0,"FUSELAGE MISCELLANEOUS STRUCTURE"
44479,33,"Lights","3350","AALA202212279379","other",1,"EMERGENCY LIGHTING"
29569,52,"Doors","5250","AALA202212274297","CND",0,"FIXED INNER DOORS"
30600,52,"Doors","5250","AALA202301037491","latch",0,"FIXED INNER DOORS"
29505,33,"Lights","3350","AALA202301310611","other",1,"EMERGENCY LIGHTING"
33223,25,"Equipment / Furnishings","2560","AALA202211141078","other",1,"EMERGENCY EQUIPMENT"
40584,55,"Stabilizers","5510","AALA202301042309","other",0,"HORIZONTAL STABILIZER STRUCTURE"
29554,55,"Stabilizers","5510","AALA202301094301","other",0,"HORIZONTAL STABILIZER STRUCTURE"
40584,52,"Doors","5250","AALA202211215483","latch",0,"FIXED INNER DOORS"
30904,52,"Doors","5210","AALA202211223151","door",0,"PASSENGER/CREW DOORS"
29506,53,"Fuselage","5320","AALA202211221718","other",0,"FUSELAGE MISCELLANEOUS STRUCTURE"
30903,53,"Fuselage","5340","AALA202211238160","other",0,"FUSELAGE MAIN, ATTACH FITTINGS"
40583,53,"Fuselage","5320","AALA202211253876","other",0,"FUSELAGE MISCELLANEOUS STRUCTURE"
40583,53,"Fuselage","5320","AALA202211252293","control rod",0,"FUSELAGE MISCELLANEOUS STRUCTURE"
29504,53,"Fuselage","5320","AALA202211291048","control rod",0,"FUSELAGE MISCELLANEOUS STRUCTURE"
31217,21,"Air Conditioning","2160","AALA202211283024","valve",3,"CABIN TEMPERATURE CONTROL SYSTEM"
31109,53,"Fuselage","5320","AALA202211291011","brake",0,"FUSELAGE MISCELLANEOUS STRUCTURE"
29506,53,"Fuselage","5320","AALA202211297282","control rod",0,"FUSELAGE MISCELLANEOUS STRUCTURE"
31109,53,"Fuselage","5310","AALA202211293002","control rod",0,"FUSELAGE MAIN, STRUCTURE"
30084,53,"Fuselage","5340","AALA202211304264","other",0,"FUSELAGE MAIN, ATTACH FITTINGS"
29512,53,"Fuselage","5320","AALA202302216783","panel",0,"FUSELAGE MISCELLANEOUS STRUCTURE"
40583,53,"Fuselage","5320","AALA202212018029","other",0,"FUSELAGE MISCELLANEOUS STRUCTURE"
30903,55,"Stabilizers","5510","AALA202212065896","other",0,"HORIZONTAL STABILIZER STRUCTURE"
33220,33,"Lights","3350","AALA202212062137","door",1,"EMERGENCY LIGHTING"
40583,53,"Fuselage","5310","AALA202212070803","other",0,"FUSELAGE MAIN, STRUCTURE"
30600,53,"Fuselage","5340","AALA202212132267","hinge",0,"FUSELAGE MAIN, ATTACH FITTINGS"
30085,52,"Doors","5270","AALA202212297786","CND",0,"DOOR WARNING SYSTEM"
33343,53,"Fuselage","5310","AALA202212299320","control rod",0,"FUSELAGE MAIN, STRUCTURE"
33343,53,"Fuselage","5310","AALA202212298532","control rod",0,"FUSELAGE MAIN, STRUCTURE"
44472,52,"Doors","5210","AALA202212284243","hinge",0,"PASSENGER/CREW DOORS"
40769,53,"Fuselage","5340","AALA202212289953","hinge",0,"FUSELAGE MAIN, ATTACH FITTINGS"
29508,53,"Fuselage","5310","AALA202212292322","other",0,"FUSELAGE MAIN, STRUCTURE"
30097,29,"Hydraulic Power","2910","AALA202211165954","engine",3,"HYDRAULIC SYSTEM, MAIN"
29531,25,"Equipment / Furnishings","2530","AALA202212050235","oven",1,"BUFFET/GALLEYS"
31141,52,"Doors","5250","AALA202212053111","door",0,"FIXED INNER DOORS"
29554,53,"Fuselage","5320","AALA202212209261","other",0,"FUSELAGE MISCELLANEOUS STRUCTURE"
29571,52,"Doors","5250","AALA202212060096","latch",0,"FIXED INNER DOORS"
30905,53,"Fuselage","5320","AALA202212131180","control rod",0,"FUSELAGE MISCELLANEOUS STRUCTURE"
30905,53,"Fuselage","5320","AALA202212137447","control rod",0,"FUSELAGE MISCELLANEOUS STRUCTURE"
30903,55,"Stabilizers","5510","AALA202212065118","other",0,"HORIZONTAL STABILIZER STRUCTURE"
29544,33,"Lights","3350","AALA202510247220","other",1,"EMERGENCY LIGHTING"
30903,55,"Stabilizers","5510","AALA202212067974","other",0,"HORIZONTAL STABILIZER STRUCTURE"
29506,53,"Fuselage","5310","AALA202212142634","other",0,"FUSELAGE MAIN, STRUCTURE"
29508,53,"Fuselage","5340","AALA202212143763","other",0,"FUSELAGE MAIN, ATTACH FITTINGS"
31261,26,"Fire Protection","2610","AALA202212091496","other",2,"DETECTION SYSTEM"
30095,33,"Lights","3350","AALA202212150023","pack",1,"EMERGENCY LIGHTING"
30095,33,"Lights","3350","AALA202212154454","pack",1,"EMERGENCY LIGHTING"
29505,53,"Fuselage","5320","AALA202301186147","other",0,"FUSELAGE MISCELLANEOUS STRUCTURE"
30095,53,"Fuselage","5310","AALA202212191556","door",0,"FUSELAGE MAIN, STRUCTURE"
29554,53,"Fuselage","5320","AALA202212201940","panel",0,"FUSELAGE MISCELLANEOUS STRUCTURE"
29554,53,"Fuselage","5320","AALA202212217864","panel",0,"FUSELAGE MISCELLANEOUS STRUCTURE"
29508,53,"Fuselage","5320","AALA202212235974","other",0,"FUSELAGE MISCELLANEOUS STRUCTURE"
31105,25,"Equipment / Furnishings","2560","AALA202211034474","door",1,"EMERGENCY EQUIPMENT"
29508,53,"Fuselage","5320","AALA202212275497","other",0,"FUSELAGE MISCELLANEOUS STRUCTURE"
29557,27,"Flight Controls","2740","AALA202211072964","other",3,"STABILIZER CONTROL SYSTEM"
33323,25,"Equipment / Furnishings","2560","AALA202301036554","door",1,"EMERGENCY EQUIPMENT"
31197,25,"Equipment / Furnishings","2560","AALA202211114703","door",1,"EMERGENCY EQUIPMENT"
29504,53,"Fuselage","5320","AALA202211142047","other",0,"FUSELAGE MISCELLANEOUS STRUCTURE"
29504,53,"Fuselage","5310","AALA202211145076","other",0,"FUSELAGE MAIN, STRUCTURE"
29504,53,"Fuselage","5340","AALA202211141112","other",0,"FUSELAGE MAIN, ATTACH FITTINGS"
29506,53,"Fuselage","5320","AALA202211157140","other",0,"FUSELAGE MISCELLANEOUS STRUCTURE"
29504,53,"Fuselage","5320","AALA202211157858","other",0,"FUSELAGE MISCELLANEOUS STRUCTURE"
40584,53,"Fuselage","5320","AALA202301061837","door",0,"FUSELAGE MISCELLANEOUS STRUCTURE"
30098,25,"Equipment / Furnishings","2560","AALA202301103865","door",1,"EMERGENCY EQUIPMENT"
29555,53,"Fuselage","5320","AALA202211211400","other",0,"FUSELAGE MISCELLANEOUS STRUCTURE"
29506,53,"Fuselage","5320","AALA202211224192","other",0,"FUSELAGE MISCELLANEOUS STRUCTURE"
40583,53,"Fuselage","5310","AALA202211237928","other",0,"FUSELAGE MAIN, STRUCTURE"
29504,53,"Fuselage","5320","AALA202211231162","other",0,"FUSELAGE MISCELLANEOUS STRUCTURE"
40583,53,"Fuselage","5320","AALA202211257308","control rod",0,"FUSELAGE MISCELLANEOUS STRUCTURE"
30903,53,"Fuselage","5320","AALA202211234961","panel",0,"FUSELAGE MISCELLANEOUS STRUCTURE"
40583,57,"Wings","5740","AALA202211256970","control rod",0,"WING, ATTACH FITTINGS"
29536,53,"Fuselage","5330","AALA202211309851","hinge",0,"FUSELAGE MAIN, PLATE/SKIN"
29548,57,"Wings","5750","AALA202211308315","other",0,"WING, CONTROL SURFACES"
31109,53,"Fuselage","5320","AALA202211308920","panel",0,"FUSELAGE MISCELLANEOUS STRUCTURE"
29505,53,"Fuselage","5310","AALA202301128973","other",0,"FUSELAGE MAIN, STRUCTURE"
29532,28,"Fuel","2820","AALA202212134103","pump",1,"ACFT FUEL DISTRIB. SYSTEM"
29508,53,"Fuselage","5320","AALA202212138776","control rod",0,"FUSELAGE MISCELLANEOUS STRUCTURE"
31280,56,"Windows","5610","AALA202212134946","window",3,"FLIGHT COMPARTMENT WINDOWS"
30905,53,"Fuselage","5320","AALA202212079745","panel",0,"FUSELAGE MISCELLANEOUS STRUCTURE"
33233,33,"Lights","3350","AALA202212197519","other",1,"EMERGENCY LIGHTING"
29505,53,"Fuselage","5320","AALA202212226814","other",0,"FUSELAGE MISCELLANEOUS STRUCTURE"
31111,55,"Stabilizers","5510","AALA202212239994","other",0,"HORIZONTAL STABILIZER STRUCTURE"
29508,53,"Fuselage","5310","AALA202212277251","other",0,"FUSELAGE MAIN, STRUCTURE"
29506,53,"Fuselage","5320","AALA202211292285","other",0,"FUSELAGE MISCELLANEOUS STRUCTURE"
30084,53,"Fuselage","5340","AALA202211302308","other",0,"FUSELAGE MAIN, ATTACH FITTINGS"
30084,53,"Fuselage","5340","AALA202211300097","other",0,"FUSELAGE MAIN, ATTACH FITTINGS"
30084,53,"Fuselage","5340","AALA202211309349","other",0,"FUSELAGE MAIN, ATTACH FITTINGS"
29537,33,"Lights","3350","AALA202212051367","door",1,"EMERGENCY LIGHTING"
31145,25,"Equipment / Furnishings","2560","AALA202212050118","door",1,"EMERGENCY EQUIPMENT"
29505,53,"Fuselage","5320","AALA202301183694","panel",0,"FUSELAGE MISCELLANEOUS STRUCTURE"
33488,57,"Wings","5730","AALA202212147828","panel",0,"WING, PLATES/SKINS"
31111,53,"Fuselage","5320","AALA202212204954","other",0,"FUSELAGE MISCELLANEOUS STRUCTURE"
31111,53,"Fuselage","5320","AALA202212207920","other",0,"FUSELAGE MISCELLANEOUS STRUCTURE"
29554,53,"Fuselage","5310","AALA202212213501","other",0,"FUSELAGE MAIN, STRUCTURE"
31111,55,"Stabilizers","5510","AALA202212233923","other",0,"HORIZONTAL STABILIZER STRUCTURE"
33343,25,"Equipment / Furnishings","2560","AALA202212237539","door",1,"EMERGENCY EQUIPMENT"
29508,53,"Fuselage","5320","AALA202212273124","door",0,"FUSELAGE MISCELLANEOUS STRUCTURE"
33318,52,"Doors","5210","AALA202211087314","door",0,"PASSENGER/CREW DOORS"
33343,53,"Fuselage","5320","AALA202301038460","other",0,"FUSELAGE MISCELLANEOUS STRUCTURE"
31139,33,"Lights","3350","AALA202211147373","pack",1,"EMERGENCY LIGHTING"
29504,53,"Fuselage","5320","AALA202211148155","other",0,"FUSELAGE MISCELLANEOUS STRUCTURE"
29504,53,"Fuselage","5320","AALA202211147151","panel",0,"FUSELAGE MISCELLANEOUS STRUCTURE"
40584,53,"Fuselage","5320","AALA202301042932","other",0,"FUSELAGE MISCELLANEOUS STRUCTURE"
29506,53,"Fuselage","5320","AALA202211157687","other",0,"FUSELAGE MISCELLANEOUS STRUCTURE"
40766,52,"Doors","5250","AALA202211171464","door",0,"FIXED INNER DOORS"
30079,27,"Flight Controls","2700","AALA202211211280","switch",3,"FLIGHT CONTROL SYSTEM"
31190,24,"Electrical Power","2420","AALA202301100111","engine",3,"AC GENERATION SYSTEM"
29503,53,"Fuselage","5320","AALA202211189757","panel",0,"FUSELAGE MISCELLANEOUS STRUCTURE"
30090,52,"Doors","5210","AALA202211187562","door",0,"PASSENGER/CREW DOORS"
30079,52,"Doors","5210","AALA202211219920","door",3,"PASSENGER/CREW DOORS"
44470,52,"Doors","5250","AALA202211213288","door",0,"FIXED INNER DOORS"
33321,52,"Doors","5250","AALA202211213946","door",0,"FIXED INNER DOORS"
31127,25,"Equipment / Furnishings","2560","AALA202211219696","door",1,"EMERGENCY EQUIPMENT"
29555,53,"Fuselage","5320","AALA202211216659","other",0,"FUSELAGE MISCELLANEOUS STRUCTURE"
31157,27,"Flight Controls","2710","AALA202211275844","sensor",3,"AILERON CONTROL SYSTEM"
29504,53,"Fuselage","5320","AALA202211294155","other",0,"FUSELAGE MISCELLANEOUS STRUCTURE"
31109,53,"Fuselage","5320","AALA202211292029","other",0,"FUSELAGE MISCELLANEOUS STRUCTURE"
30084,53,"Fuselage","5340","AALA202211308842","other",0,"FUSELAGE MAIN, ATTACH FITTINGS"
30905,53,"Fuselage","5310","AALA202212014010","other",0,"FUSELAGE MAIN, STRUCTURE"
33327,52,"Doors","5250","AALA202212090173","door",0,"FIXED INNER DOORS"
44458,30,"Ice And Rain Protection","3040","AALA202212126917","window",3,"WINDSHIELD/DOOR RAIN/ICE REMOVAL"
31197,25,"Equipment / Furnishings","2560","AALA202212120118","door",1,"EMERGENCY EQUIPMENT"
29546,55,"Stabilizers","5510","AALA202301125254","other",0,"HORIZONTAL STABILIZER STRUCTURE"
31109,53,"Fuselage","5320","AALA202212062640","panel",0,"FUSELAGE MISCELLANEOUS STRUCTURE"
33348,25,"Equipment / Furnishings","2560","AALA202212217889","door",1,"EMERGENCY EQUIPMENT"
31111,55,"Stabilizers","5510","AALA202212213654","other",0,"HORIZONTAL STABILIZER STRUCTURE"
33328,52,"Doors","5250","AALA202212067786","door",0,"FIXED INNER DOORS"
29510,53,"Fuselage","5320","AALA202301183911","other",0,"FUSELAGE MISCELLANEOUS STRUCTURE"
31218,26,"Fire Protection","2610","AALA202212078907","engine",3,"DETECTION SYSTEM"
29505,53,"Fuselage","5320","AALA202301181433","control rod",0,"FUSELAGE MISCELLANEOUS STRUCTURE"
44474,75,"Bleed Air","7510","AALA202212196876","engine",3,"ENGINE ANTI-ICING SYSTEM"
31111,53,"Fuselage","5320","AALA202212207138","other",0,"FUSELAGE MISCELLANEOUS STRUCTURE"
31111,53,"Fuselage","5310","AALA202212204851","other",0,"FUSELAGE MAIN, STRUCTURE"
30085,52,"Doors","5250","AALA202212205862","door",0,"FIXED INNER DOORS"
30082,38,"Water / Waste","3830","AALA202212205147","sensor",3,"WASTE DISPOSAL SYSTEM"
31109,53,"Fuselage","5310","AALA202212228190","other",0,"FUSELAGE MAIN, STRUCTURE"
31253,52,"Doors","5250","AALA202212239320","latch",0,"FIXED INNER DOORS"
31111,55,"Stabilizers","5510","AALA202212232888","other",0,"HORIZONTAL STABILIZER STRUCTURE"
33343,53,"Fuselage","5320","AALA202212232048","door",0,"FUSELAGE MISCELLANEOUS STRUCTURE"
29508,53,"Fuselage","5320","AALA202212275020","other",0,"FUSELAGE MISCELLANEOUS STRUCTURE"
29508,53,"Fuselage","5320","AALA202212270687","other",0,"FUSELAGE MISCELLANEOUS STRUCTURE"
31197,52,"Doors","5250","AALA202211031481","latch",0,"FIXED INNER DOORS"
29544,53,"Fuselage","5310","AALA202212283833","door",0,"FUSELAGE MAIN, STRUCTURE"
33343,53,"Fuselage","5310","AALA202212284199","other",0,"FUSELAGE MAIN, STRUCTURE"
29509,52,"Doors","5210","AALA202211090174","door",0,"PASSENGER/CREW DOORS"
33489,53,"Fuselage","5340","AALA202211098666","hinge",0,"FUSELAGE MAIN, ATTACH FITTINGS"
29525,52,"Doors","5270","AALA202211086264","switch",0,"DOOR WARNING SYSTEM"
29505,53,"Fuselage","5320","AALA202301104882","other",0,"FUSELAGE MISCELLANEOUS STRUCTURE"
44485,25,"Equipment / Furnishings","2530","AALA202211178343","oven",1,"BUFFET/GALLEYS"
29503,53,"Fuselage","5310","AALA202211151133","other",0,"FUSELAGE MAIN, STRUCTURE"
29508,55,"Stabilizers","5510","AALA202301061291","other",0,"HORIZONTAL STABILIZER STRUCTURE"
31103,33,"Lights","3350","AALA202511173919","other",1,"EMERGENCY LIGHTING"
29554,55,"Stabilizers","5510","AALA202301094357","other",0,"HORIZONTAL STABILIZER STRUCTURE"
40584,53,"Fuselage","5320","AALA202301104808","panel",0,"FUSELAGE MISCELLANEOUS STRUCTURE"
29503,53,"Fuselage","5320","AALA202211180971","panel",0,"FUSELAGE MISCELLANEOUS STRUCTURE"
29555,55,"Stabilizers","5510","AALA202211212204","other",0,"HORIZONTAL STABILIZER STRUCTURE"
44459,25,"Equipment / Furnishings","2560","AALA202211251619","door",3,"EMERGENCY EQUIPMENT"
29562,53,"Fuselage","5320","AALA202211281483","switch",0,"FUSELAGE MISCELLANEOUS STRUCTURE"
31099,53,"Fuselage","5340","AALA202211302752","hinge",0,"FUSELAGE MAIN, ATTACH FITTINGS"
29518,25,"Equipment / Furnishings","2560","AALA202212012790","pack",3,"EMERGENCY EQUIPMENT"
29512,53,"Fuselage","5320","AALA202302215114","panel",0,"FUSELAGE MISCELLANEOUS STRUCTURE"
31262,26,"Fire Protection","2610","AALA202212025735","sensor",3,"DETECTION SYSTEM"
30598,25,"Equipment / Furnishings","2560","AALA202212021100","battery",1,"EMERGENCY EQUIPMENT"
44476,33,"Lights","3350","AALA202212205515","other",1,"EMERGENCY LIGHTING"
40580,25,"Equipment / Furnishings","2560","AALA202212125608","door",1,"EMERGENCY EQUIPMENT"
29503,55,"Stabilizers","5520","AALA202212139992","other",0,"ELEVATOR STRUCTURE"
29505,53,"Fuselage","5320","AALA202212169387","other",0,"FUSELAGE MISCELLANEOUS STRUCTURE"
30095,33,"Lights","3350","AALA202212157810","pack",1,"EMERGENCY LIGHTING"
44462,52,"Doors","5250","AALA202212168230","latch",0,"FIXED INNER DOORS"
33343,53,"Fuselage","5320","AALA202212298082","other",0,"FUSELAGE MISCELLANEOUS STRUCTURE"
33343,53,"Fuselage","5310","AALA202212299457","control rod",0,"FUSELAGE MAIN, STRUCTURE"
31109,53,"Fuselage","5310","AALA202212220177","control rod",0,"FUSELAGE MAIN, STRUCTURE"
31109,53,"Fuselage","5310","AALA202212225377","other",0,"FUSELAGE MAIN, STRUCTURE"
30085,56,"Windows","5610","AALA202212227111","window",3,"FLIGHT COMPARTMENT WINDOWS"
33314,53,"Fuselage","5310","AALA202406106376","other",0,"FUSELAGE MAIN, STRUCTURE"
29505,53,"Fuselage","5320","AALA202301258353","other",0,"FUSELAGE MISCELLANEOUS STRUCTURE"
29508,53,"Fuselage","5320","AALA202212277895","other",0,"FUSELAGE MISCELLANEOUS STRUCTURE"
31161,25,"Equipment / Furnishings","2560","AALA202212276602","other",1,"EMERGENCY EQUIPMENT"
31272,52,"Doors","5250","AALA202211039805","door",0,"FIXED INNER DOORS"
31190,52,"Doors","5210","AALA202211077024","latch",3,"PASSENGER/CREW DOORS"
33314,52,"Doors","5250","AALA202211071559","door",0,"FIXED INNER DOORS"
29506,53,"Fuselage","5320","AALA202211088741","panel",0,"FUSELAGE MISCELLANEOUS STRUCTURE"
29545,53,"Fuselage","5330","AALA202301030278","other",0,"FUSELAGE MAIN, PLATE/SKIN"
33343,53,"Fuselage","5320","AALA202301032035","other",0,"FUSELAGE MISCELLANEOUS STRUCTURE"
29503,53,"Fuselage","5310","AALA202211141698","other",0,"FUSELAGE MAIN, STRUCTURE"
29503,53,"Fuselage","5320","AALA202211149292","panel",0,"FUSELAGE MISCELLANEOUS STRUCTURE"
33240,53,"Fuselage","5340","AALA202211141739","hinge",0,"FUSELAGE MAIN, ATTACH FITTINGS"
29503,53,"Fuselage","5320","AALA202211159999","other",0,"FUSELAGE MISCELLANEOUS STRUCTURE"
29503,53,"Fuselage","5310","AALA202211151355","other",0,"FUSELAGE MAIN, STRUCTURE"
31141,25,"Equipment / Furnishings","2560","AALA202211157417","battery",1,"EMERGENCY EQUIPMENT"
29506,53,"Fuselage","5320","AALA202211220470","panel",0,"FUSELAGE MISCELLANEOUS STRUCTURE"
29504,53,"Fuselage","5320","AALA202211223610","other",0,"FUSELAGE MISCELLANEOUS STRUCTURE"
30903,53,"Fuselage","5320","AALA202211233450","other",0,"FUSELAGE MISCELLANEOUS STRUCTURE"
40583,53,"Fuselage","5310","AALA202211252613","other",0,"FUSELAGE MAIN, STRUCTURE"
31085,52,"Doors","5250","AALA202211253024","latch",0,"FIXED INNER DOORS"
29544,55,"Stabilizers","5510","AALA202211289068","other",0,"HORIZONTAL STABILIZER STRUCTURE"
31109,53,"Fuselage","5320","AALA202211298979","other",0,"FUSELAGE MISCELLANEOUS STRUCTURE"
29528,52,"Doors","5250","AALA202404298947","door",0,"FIXED INNER DOORS"
29506,53,"Fuselage","5320","AALA202211299595","control rod",0,"FUSELAGE MISCELLANEOUS STRUCTURE"
30084,53,"Fuselage","5340","AALA202211302411","other",0,"FUSELAGE MAIN, ATTACH FITTINGS"
30084,53,"Fuselage","5340","AALA202211306637","other",0,"FUSELAGE MAIN, ATTACH FITTINGS"
29562,52,"Doors","5250","AALA202211304512","door",0,"FIXED INNER DOORS"
40583,57,"Wings","5750","AALA202212015694","control rod",0,"WING, CONTROL SURFACES"
31210,34,"Navigation","3440","AALA202212213968","other",0,"INDEPENDENT POS. DETERMINING SYSTEM"
29508,53,"Fuselage","5320","AALA202212131278","other",0,"FUSELAGE MISCELLANEOUS STRUCTURE"
31109,55,"Stabilizers","5510","AALA202212063365","other",0,"HORIZONTAL STABILIZER STRUCTURE"
33327,52,"Doors","5270","AALA202212078024","CND",3,"DOOR WARNING SYSTEM"
29566,25,"Equipment / Furnishings","2560","AALA202212091330","door",1,"EMERGENCY EQUIPMENT"
29505,53,"Fuselage","5320","AALA202301187253","panel",0,"FUSELAGE MISCELLANEOUS STRUCTURE"
29505,53,"Fuselage","5320","AALA202301187939","panel",0,"FUSELAGE MISCELLANEOUS STRUCTURE"
33344,21,"Air Conditioning","2120","AALA202212166451","engine",3,"AIR DISTRIBUTION SYSTEM"
33488,25,"Equipment / Furnishings","2560","AALA202211036599","battery",1,"EMERGENCY EQUIPMENT"
29508,53,"Fuselage","5320","AALA202212274935","other",0,"FUSELAGE MISCELLANEOUS STRUCTURE"
33343,53,"Fuselage","5320","AALA202212281273","control rod",0,"FUSELAGE MISCELLANEOUS STRUCTURE"
33343,53,"Fuselage","5310","AALA202212287617","other",0,"FUSELAGE MAIN, STRUCTURE"
33343,53,"Fuselage","5320","AALA202301035538","other",0,"FUSELAGE MISCELLANEOUS STRUCTURE"
33219,32,"Landing Gear","3230","AALA202211116943","valve",3,"LANDING GEAR RETRACT/EXTEND SYSTEM"
29503,53,"Fuselage","5320","AALA202211155533","other",0,"FUSELAGE MISCELLANEOUS STRUCTURE"
40584,55,"Stabilizers","5510","AALA202301057312","other",0,"HORIZONTAL STABILIZER STRUCTURE"
33322,25,"Equipment / Furnishings","2560","AALA202211163305","other",1,"EMERGENCY EQUIPMENT"
31272,52,"Doors","5250","AALA202211160920","latch",0,"FIXED INNER DOORS"
30079,52,"Doors","5210","AALA202211258541","latch",0,"PASSENGER/CREW DOORS"
40583,55,"Stabilizers","5510","AALA202211235725","other",0,"HORIZONTAL STABILIZER STRUCTURE"
29504,53,"Fuselage","5320","AALA202211237219","other",0,"FUSELAGE MISCELLANEOUS STRUCTURE"
30905,53,"Fuselage","5320","AALA202211236165","other",0,"FUSELAGE MISCELLANEOUS STRUCTURE"
40583,53,"Fuselage","5320","AALA202211251174","panel",0,"FUSELAGE MISCELLANEOUS STRUCTURE"
31109,53,"Fuselage","5320","AALA202211305841","other",0,"FUSELAGE MISCELLANEOUS STRUCTURE"
29505,53,"Fuselage","5310","AALA202301127351","other",0,"FUSELAGE MAIN, STRUCTURE"
29554,53,"Fuselage","5320","AALA202212205993","other",0,"FUSELAGE MISCELLANEOUS STRUCTURE"
30903,55,"Stabilizers","5510","AALA202212064776","other",0,"HORIZONTAL STABILIZER STRUCTURE"
29508,53,"Fuselage","5320","AALA202212147432","other",0,"FUSELAGE MISCELLANEOUS STRUCTURE"
29508,53,"Fuselage","5310","AALA202212148726","other",0,"FUSELAGE MAIN, STRUCTURE"
40764,52,"Doors","5250","AALA202212070102","latch",0,"FIXED INNER DOORS"
29505,53,"Fuselage","5320","AALA202301186986","panel",0,"FUSELAGE MISCELLANEOUS STRUCTURE"
30903,53,"Fuselage","5310","AALA202212147225","other",0,"FUSELAGE MAIN, STRUCTURE"
29508,53,"Fuselage","5320","AALA202304185020","engine",0,"FUSELAGE MISCELLANEOUS STRUCTURE"
44474,75,"Bleed Air","7510","AALA202212199746","engine",3,"ENGINE ANTI-ICING SYSTEM"
31111,53,"Fuselage","5320","AALA202212204146","door",0,"FUSELAGE MISCELLANEOUS STRUCTURE"
31111,53,"Fuselage","5320","AALA202212200431","door",0,"FUSELAGE MISCELLANEOUS STRUCTURE"
29508,53,"Fuselage","5320","AALA202212226187","other",0,"FUSELAGE MISCELLANEOUS STRUCTURE"
33224,55,"Stabilizers","5540","AALA202212234653","hinge",0,"RUDDER STRUCTURE"
29505,53,"Fuselage","5320","AALA202301109754","other",0,"FUSELAGE MISCELLANEOUS STRUCTURE"
29509,72,"Engine","7200","AALA202212301508","engine",3,"ENGINE (TURBINE/TURBOPROP)"
29523,53,"Fuselage","5320","AALA202211101109","other",0,"FUSELAGE MISCELLANEOUS STRUCTURE"
30081,56,"Windows","5610","AALA202211146541","window",3,"FLIGHT COMPARTMENT WINDOWS"
29504,53,"Fuselage","5320","AALA202211146255","other",0,"FUSELAGE MISCELLANEOUS STRUCTURE"
29504,53,"Fuselage","5340","AALA202211148478","other",0,"FUSELAGE MAIN, ATTACH FITTINGS"
29523,53,"Fuselage","5320","AALA202302025155","servo",0,"FUSELAGE MISCELLANEOUS STRUCTURE"
40584,53,"Fuselage","5320","AALA202301044112","panel",0,"FUSELAGE MISCELLANEOUS STRUCTURE"
31103,25,"Equipment / Furnishings","2560","AALA202211155627","door",3,"EMERGENCY EQUIPMENT"
29512,52,"Doors","5240","AALA202302064172","panel",0,"SERVICE DOORS"
29523,53,"Fuselage","5320","AALA202302103343","other",0,"FUSELAGE MISCELLANEOUS STRUCTURE"
29508,53,"Fuselage","5320","AALA202211295677","brake",0,"FUSELAGE MISCELLANEOUS STRUCTURE"
31109,53,"Fuselage","5310","AALA202211306649","other",0,"FUSELAGE MAIN, STRUCTURE"
40583,57,"Wings","5750","AALA202212018346","control rod",0,"WING, CONTROL SURFACES"
44464,52,"Doors","5250","AALA202308280071","door",0,"FIXED INNER DOORS"
29561,34,"Navigation","3430","AALA202410041357","antenna",3,"LANDING AND TAXI AIDS"
31129,52,"Doors","5250","AALA202309016484","door",0,"FIXED INNER DOORS"
33209,25,"Equipment / Furnishings","2560","AALA202510162347","door",1,"EMERGENCY EQUIPMENT"
29538,53,"Fuselage","5310","AALA202412142441","other",0,"FUSELAGE MAIN, STRUCTURE"
30598,33,"Lights","3350","AALA202410102086","other",1,"EMERGENCY LIGHTING"
29513,53,"Fuselage","5320","AALA202310025240","other",0,"FUSELAGE MISCELLANEOUS STRUCTURE"
29537,53,"Fuselage","5320","AALA202306026624","other",0,"FUSELAGE MISCELLANEOUS STRUCTURE"
29507,51,"Standard Practices And Structures - General","5100","AALA202307315665","CND",0,"STANDARD PRACTICES/STRUCTURES"
29514,53,"Fuselage","5340","AALA202308025214","door",0,"FUSELAGE MAIN, ATTACH FITTINGS"
29528,25,"Equipment / Furnishings","2560","AALA202304174953","other",1,"EMERGENCY EQUIPMENT"
29548,52,"Doors","5250","AALA202308284804","door",0,"FIXED INNER DOORS"
30091,25,"Equipment / Furnishings","2560","AALA202306050048","door",3,"EMERGENCY EQUIPMENT"
29542,53,"Fuselage","5320","AALA202308294075","other",0,"FUSELAGE MISCELLANEOUS STRUCTURE"
29548,52,"Doors","5250","AALA202308308528","door",0,"FIXED INNER DOORS"
29504,52,"Doors","5250","AALA202308077932","door",0,"FIXED INNER DOORS"
31131,53,"Fuselage","5320","AALA202310059856","panel",0,"FUSELAGE MISCELLANEOUS STRUCTURE"
33322,52,"Doors","5250","AALA202308084868","door",0,"FIXED INNER DOORS"
29537,53,"Fuselage","5320","AALA202306020811","other",0,"FUSELAGE MISCELLANEOUS STRUCTURE"
31190,52,"Doors","5250","AALA202403273312","door",0,"FIXED INNER DOORS"
29537,53,"Fuselage","5320","AALA202306024119","other",0,"FUSELAGE MISCELLANEOUS STRUCTURE"
29511,53,"Fuselage","5320","AALA202306027554","other",0,"FUSELAGE MISCELLANEOUS STRUCTURE"
29541,52,"Doors","5210","AALA202306063409","latch",0,"PASSENGER/CREW DOORS"
31135,53,"Fuselage","5320","AALA202310069847","panel",0,"FUSELAGE MISCELLANEOUS STRUCTURE"
40768,25,"Equipment / Furnishings","2560","AALA202309229384","door",1,"EMERGENCY EQUIPMENT"
33220,53,"Fuselage","5320","AALA202308079659","other",0,"FUSELAGE MISCELLANEOUS STRUCTURE"
29525,53,"Fuselage","5320","AALA202308090273","other",0,"FUSELAGE MISCELLANEOUS STRUCTURE"
29525,53,"Fuselage","5320","AALA202308095034","other",0,"FUSELAGE MISCELLANEOUS STRUCTURE"
33343,25,"Equipment / Furnishings","2560","AALA202309270728","door",1,"EMERGENCY EQUIPMENT"
31131,53,"Fuselage","5320","AALA202310057326","other",0,"FUSELAGE MISCELLANEOUS STRUCTURE"
31131,53,"Fuselage","5320","AALA202310052115","panel",0,"FUSELAGE MISCELLANEOUS STRUCTURE"
29513,53,"Fuselage","5320","AALA202309250902","panel",0,"FUSELAGE MISCELLANEOUS STRUCTURE"
30077,53,"Fuselage","5340","AALA202306273821","other",0,"FUSELAGE MAIN, ATTACH FITTINGS"
30077,53,"Fuselage","5340","AALA202306270890","other",0,"FUSELAGE MAIN, ATTACH FITTINGS"
29513,26,"Fire Protection","2610","AALA202308213333","other",2,"DETECTION SYSTEM"
30908,33,"Lights","3350","AALA202308211614","CND",1,"EMERGENCY LIGHTING"
29533,57,"Wings","5710","AALA202307267559","other",0,"WING, MAIN FRAME STRUCTURE"
31275,53,"Fuselage","5320","AALA202310036918","panel",0,"FUSELAGE MISCELLANEOUS STRUCTURE"
30920,52,"Doors","5210","AALA202307111886","door",0,"PASSENGER/CREW DOORS"
29574,52,"Doors","5250","AALA202307113937","door",0,"FIXED INNER DOORS"
29515,53,"Fuselage","5320","AALA202306022384","other",0,"FUSELAGE MISCELLANEOUS STRUCTURE"
29511,53,"Fuselage","5310","AALA202307184436","other",0,"FUSELAGE MAIN, STRUCTURE"
29511,53,"Fuselage","5320","AALA202306195207","other",0,"FUSELAGE MISCELLANEOUS STRUCTURE"
33318,52,"Doors","5210","AALA202309156037","latch",0,"PASSENGER/CREW DOORS"
29513,53,"Fuselage","5320","AALA202306301195","other",0,"FUSELAGE MISCELLANEOUS STRUCTURE"
29513,53,"Fuselage","5320","AALA202306301802","other",0,"FUSELAGE MISCELLANEOUS STRUCTURE"
30091,53,"Fuselage","5340","AALA202310252529","other",0,"FUSELAGE MAIN, ATTACH FITTINGS"
29525,53,"Fuselage","5310","AALA202308256803","door",0,"FUSELAGE MAIN, STRUCTURE"
29514,55,"Stabilizers","5510","AALA202308254923","other",0,"HORIZONTAL STABILIZER STRUCTURE"
44471,53,"Fuselage","5320","AALA202308295393","door",0,"FUSELAGE MISCELLANEOUS STRUCTURE"
29515,53,"Fuselage","5320","AALA202306023952","other",0,"FUSELAGE MISCELLANEOUS STRUCTURE"
29537,53,"Fuselage","5320","AALA202306026907","other",0,"FUSELAGE MISCELLANEOUS STRUCTURE"
30912,25,"Equipment / Furnishings","2560","AALA202306055585","door",1,"EMERGENCY EQUIPMENT"
29544,53,"Fuselage","5340","AALA202307133712","other",0,"FUSELAGE MAIN, ATTACH FITTINGS"
29544,53,"Fuselage","5340","AALA202307139263","other",0,"FUSELAGE MAIN, ATTACH FITTINGS"
30092,53,"Fuselage","5340","AALA202309133489","other",0,"FUSELAGE MAIN, ATTACH FITTINGS"
29527,53,"Fuselage","5320","AALA202306236885","panel",0,"FUSELAGE MISCELLANEOUS STRUCTURE"
44483,25,"Equipment / Furnishings","2560","AALA202307249917","door",1,"EMERGENCY EQUIPMENT"
33250,56,"Windows","5610","AALA202307244065","window",0,"FLIGHT COMPARTMENT WINDOWS"
33214,52,"Doors","5250","AALA202307246156","latch",0,"FIXED INNER DOORS"
30094,53,"Fuselage","5340","AALA202310236628","other",0,"FUSELAGE MAIN, ATTACH FITTINGS"
31095,52,"Doors","5250","AALA202307253008","door",0,"FIXED INNER DOORS"
44447,25,"Equipment / Furnishings","2560","AALA202309260270","door",1,"EMERGENCY EQUIPMENT"
29527,53,"Fuselage","5340","AALA202306292240","other",0,"FUSELAGE MAIN, ATTACH FITTINGS"
29513,53,"Fuselage","5320","AALA202309273265","panel",0,"FUSELAGE MISCELLANEOUS STRUCTURE"
29504,53,"Fuselage","5320","AALA202309277563","other",0,"FUSELAGE MISCELLANEOUS STRUCTURE"
31273,52,"Doors","5250","AALA202307038090","door",0,"FIXED INNER DOORS"
44481,25,"Equipment / Furnishings","2560","AALA202307312385","battery",1,"EMERGENCY EQUIPMENT"
29514,53,"Fuselage","5320","AALA202308010986","other",0,"FUSELAGE MISCELLANEOUS STRUCTURE"
29513,53,"Fuselage","5320","AALA202310026674","other",0,"FUSELAGE MISCELLANEOUS STRUCTURE"
29513,53,"Fuselage","5320","AALA202310023573","other",0,"FUSELAGE MISCELLANEOUS STRUCTURE"
33318,25,"Equipment / Furnishings","2560","AALA202307074351","other",1,"EMERGENCY EQUIPMENT"
30085,52,"Doors","5250","AALA202308298782","door",0,"FIXED INNER DOORS"
29507,51,"Standard Practices And Structures - General","5100","AALA202308297691","window",0,"STANDARD PRACTICES/STRUCTURES"
31145,52,"Doors","5250","AALA202308294601","door",0,"FIXED INNER DOORS"
31135,53,"Fuselage","5320","AALA202310065479","panel",0,"FUSELAGE MISCELLANEOUS STRUCTURE"
29515,53,"Fuselage","5310","AALA202306054900","other",0,"FUSELAGE MAIN, STRUCTURE"
29515,53,"Fuselage","5320","AALA202306056967","other",0,"FUSELAGE MISCELLANEOUS STRUCTURE"
33220,53,"Fuselage","5310","AALA202308118079","other",0,"FUSELAGE MAIN, STRUCTURE"
33521,25,"Equipment / Furnishings","2560","AALA202307123933","battery",1,"EMERGENCY EQUIPMENT"
29514,53,"Fuselage","5320","AALA202308115877","panel",0,"FUSELAGE MISCELLANEOUS STRUCTURE"
44470,52,"Doors","5210","AALA202308119688","door",0,"PASSENGER/CREW DOORS"
29534,33,"Lights","3350","AALA202308116741","other",1,"EMERGENCY LIGHTING"
33205,55,"Stabilizers","5510","AALA202306073461","other",0,"HORIZONTAL STABILIZER STRUCTURE"
30908,25,"Equipment / Furnishings","2560","AALA202308142268","pack",1,"EMERGENCY EQUIPMENT"
30095,53,"Fuselage","5310","AALA202308140313","other",0,"FUSELAGE MAIN, STRUCTURE"
44459,53,"Fuselage","5320","AALA202310106295","other",0,"FUSELAGE MISCELLANEOUS STRUCTURE"
29563,55,"Stabilizers","5510","AALA202306121011","other",0,"HORIZONTAL STABILIZER STRUCTURE"
31129,53,"Fuselage","5320","AALA202307182999","other",0,"FUSELAGE MISCELLANEOUS STRUCTURE"
29564,53,"Fuselage","5320","AALA202307183130","panel",0,"FUSELAGE MISCELLANEOUS STRUCTURE"
31129,53,"Fuselage","5320","AALA202307184439","panel",0,"FUSELAGE MISCELLANEOUS STRUCTURE"
29513,53,"Fuselage","5320","AALA202307186782","other",0,"FUSELAGE MISCELLANEOUS STRUCTURE"
29513,53,"Fuselage","5320","AALA202307188385","other",0,"FUSELAGE MISCELLANEOUS STRUCTURE"
29513,53,"Fuselage","5320","AALA202307184494","door",0,"FUSELAGE MISCELLANEOUS STRUCTURE"
33328,53,"Fuselage","5320","AALA202307186554","other",0,"FUSELAGE MISCELLANEOUS STRUCTURE"
40767,52,"Doors","5250","AALA202309076684","door",0,"FIXED INNER DOORS"
29514,57,"Wings","5720","AALA202309076300","panel",0,"WING MISCELLANEOUS STRUCTURE"
30828,53,"Fuselage","5340","AALA202307199127","other",0,"FUSELAGE MAIN, ATTACH FITTINGS"
30858,53,"Fuselage","5320","AALA202309083451","other",0,"FUSELAGE MISCELLANEOUS STRUCTURE"
33316,25,"Equipment / Furnishings","2520","AALA202307194901","window",1,"PASSENGER COMPARTMENT EQUIPMENT"
30828,53,"Fuselage","5340","AALA202307197774","other",0,"FUSELAGE MAIN, ATTACH FITTINGS"
30858,33,"Lights","3350","AALA202309115961","other",1,"EMERGENCY LIGHTING"
29566,53,"Fuselage","5310","AALA202308185578","wheel",0,"FUSELAGE MAIN, STRUCTURE"
40767,53,"Fuselage","5320","AALA202308181179","other",0,"FUSELAGE MISCELLANEOUS STRUCTURE"
33243,21,"Air Conditioning","2100","AALA202306140119","CND",3,"AIR CONDITIONING SYSTEM"
31145,33,"Lights","3350","AALA202309129164","battery",1,"EMERGENCY LIGHTING"
30090,53,"Fuselage","5300","AALA202306200041","other",0,"FUSELAGE STRUCTURE (GENERAL)"
44481,33,"Lights","3350","AALA202306206758","other",1,"EMERGENCY LIGHTING"
33219,53,"Fuselage","5310","AALA202306216568","wheel",0,"FUSELAGE MAIN, STRUCTURE"
31137,52,"Doors","5250","AALA202308213956","door",0,"FIXED INNER DOORS"
29511,55,"Stabilizers","5510","AALA202306277556","other",0,"HORIZONTAL STABILIZER STRUCTURE"
33225,33,"Lights","3350","AALA202308213205","other",1,"EMERGENCY LIGHTING"
30828,52,"Doors","5250","AALA202306294126","latch",0,"FIXED INNER DOORS"
30091,53,"Fuselage","5320","AALA202309278159","other",0,"FUSELAGE MISCELLANEOUS STRUCTURE"
29531,57,"Wings","5710","AALA202310252949","other",0,"WING, MAIN FRAME STRUCTURE"
29531,53,"Fuselage","5340","AALA202310258472","other",0,"FUSELAGE MAIN, ATTACH FITTINGS"
29556,78,"Exhaust","7830","AALA202307287996","CND",3,"THRUST REVERSER"
29558,34,"Navigation","3400","AALA202307037478","module",3,"NAVIGATION SYSTEM"
29513,53,"Fuselage","5320","AALA202310030783","door",0,"FUSELAGE MISCELLANEOUS STRUCTURE"
33220,53,"Fuselage","5320","AALA202308075639","door",0,"FUSELAGE MISCELLANEOUS STRUCTURE"
31229,25,"Equipment / Furnishings","2560","AALA202307107162","door",1,"EMERGENCY EQUIPMENT"
31131,53,"Fuselage","5340","AALA202310054162","other",0,"FUSELAGE MAIN, ATTACH FITTINGS"
31192,25,"Equipment / Furnishings","2530","AALA202307102832","other",3,"BUFFET/GALLEYS"
31154,56,"Windows","5610","AALA202307101730","window",3,"FLIGHT COMPARTMENT WINDOWS"
33206,55,"Stabilizers","5510","AALA202308084972","other",0,"HORIZONTAL STABILIZER STRUCTURE"
29564,55,"Stabilizers","5540","AALA202307187153","duct",0,"RUDDER STRUCTURE"
31131,53,"Fuselage","5320","AALA202310065538","other",0,"FUSELAGE MISCELLANEOUS STRUCTURE"
31133,53,"Fuselage","5320","AALA202310065066","panel",0,"FUSELAGE MISCELLANEOUS STRUCTURE"
29525,53,"Fuselage","5320","AALA202308094551","other",0,"FUSELAGE MISCELLANEOUS STRUCTURE"
29515,53,"Fuselage","5320","AALA202306021378","other",0,"FUSELAGE MISCELLANEOUS STRUCTURE"
29525,53,"Fuselage","5320","AALA202308091300","panel",0,"FUSELAGE MISCELLANEOUS STRUCTURE"
33328,52,"Doors","5250","AALA202507241307","CND",0,"FIXED INNER DOORS"
33319,27,"Flight Controls","2740","AALA202309018060","control unit",3,"STABILIZER CONTROL SYSTEM"
33521,25,"Equipment / Furnishings","2560","AALA202307125445","battery",1,"EMERGENCY EQUIPMENT"
29544,53,"Fuselage","5340","AALA202307132649","other",0,"FUSELAGE MAIN, ATTACH FITTINGS"
31218,21,"Air Conditioning","2120","AALA202308143620","CND",3,"AIR DISTRIBUTION SYSTEM"
29543,53,"Fuselage","5320","AALA202308145140","other",0,"FUSELAGE MISCELLANEOUS STRUCTURE"
40765,53,"Fuselage","5310","AALA202307144164","other",0,"FUSELAGE MAIN, STRUCTURE"
40765,53,"Fuselage","5320","AALA202307144332","other",0,"FUSELAGE MISCELLANEOUS STRUCTURE"
29514,53,"Fuselage","5320","AALA202308146823","other",0,"FUSELAGE MISCELLANEOUS STRUCTURE"
31173,52,"Doors","5200","AALA202307178861","CND",0,"DOORS"
33224,25,"Equipment / Furnishings","2560","AALA202309064443","other",1,"EMERGENCY EQUIPMENT"
29514,57,"Wings","5700","AALA202309067083","other",0,"WING STRUCTURE"
30903,52,"Doors","5250","AALA202309067408","hinge",0,"FIXED INNER DOORS"
29511,53,"Fuselage","5330","AALA202307170765","other",0,"FUSELAGE MAIN, PLATE/SKIN"
33327,25,"Equipment / Furnishings","2560","AALA202306137812","pack",1,"EMERGENCY EQUIPMENT"
33521,73,"Engine - Fuel And Control","7300","AALA202309088545","engine",3,"ENGINE FUEL AND CONTROL"
33521,73,"Engine - Fuel And Control","7300","AALA202309088310","engine",3,"ENGINE FUEL AND CONTROL"
29513,53,"Fuselage","5320","AALA202307206453","door",0,"FUSELAGE MISCELLANEOUS STRUCTURE"
31226,21,"Air Conditioning","2120","AALA202309111697","filter",3,"AIR DISTRIBUTION SYSTEM"
29527,56,"Windows","5610","AALA202307214841","window",0,"FLIGHT COMPARTMENT WINDOWS"
29508,27,"Flight Controls","2700","AALA202307213161","other",3,"FLIGHT CONTROL SYSTEM"
33489,52,"Doors","5250","AALA202309129361","door",0,"FIXED INNER DOORS"
29527,53,"Fuselage","5320","AALA202306159161","panel",0,"FUSELAGE MISCELLANEOUS STRUCTURE"
29527,53,"Fuselage","5320","AALA202306168498","other",0,"FUSELAGE MISCELLANEOUS STRUCTURE"
29527,53,"Fuselage","5320","AALA202306168226","other",0,"FUSELAGE MISCELLANEOUS STRUCTURE"
33206,27,"Flight Controls","2720","AALA202309132771","other",3,"RUDDER CONTROL SYSTEM"
29527,53,"Fuselage","5320","AALA202306198335","other",0,"FUSELAGE MISCELLANEOUS STRUCTURE"
29511,53,"Fuselage","5320","AALA202306212625","other",0,"FUSELAGE MISCELLANEOUS STRUCTURE"
33519,53,"Fuselage","5310","AALA202309207312","wheel",0,"FUSELAGE MAIN, STRUCTURE"
33256,27,"Flight Controls","2750","AALA202309210571","other",3,"TE FLAP CONTROL SYSTEM"
31077,55,"Stabilizers","5530","AALA202311094580","other",0,"VERTICAL STABILIZER STRUCTURE"
30094,53,"Fuselage","5340","AALA202310232560","other",0,"FUSELAGE MAIN, ATTACH FITTINGS"
30084,52,"Doors","5250","AALA202309254093","door",0,"FIXED INNER DOORS"
29526,28,"Fuel","2800","AALA202308213269","CND",3,"AIRCRAFT FUEL SYSTEM"
29525,55,"Stabilizers","5510","AALA202308212863","other",0,"HORIZONTAL STABILIZER STRUCTURE"
29514,53,"Fuselage","5320","AALA202307252417","panel",0,"FUSELAGE MISCELLANEOUS STRUCTURE"
31143,52,"Doors","5200","AALA202305126453","door",0,"DOORS"
31269,33,"Lights","3350","AALA202307255728","pack",1,"EMERGENCY LIGHTING"
29513,53,"Fuselage","5320","AALA202309278790","panel",0,"FUSELAGE MISCELLANEOUS STRUCTURE"
30091,53,"Fuselage","5320","AALA202309275254","other",0,"FUSELAGE MISCELLANEOUS STRUCTURE"
31273,53,"Fuselage","5320","AALA202308222612","other",0,"FUSELAGE MISCELLANEOUS STRUCTURE"
29531,53,"Fuselage","5340","AALA202310252187","other",0,"FUSELAGE MAIN, ATTACH FITTINGS"
29533,57,"Wings","5710","AALA202307269921","other",0,"WING, MAIN FRAME STRUCTURE"
40584,26,"Fire Protection","2600","AALA202308224097","engine",3,"FIRE PROTECTION SYSTEM"
30091,53,"Fuselage","5310","AALA202309276485","other",0,"FUSELAGE MAIN, STRUCTURE"
44459,53,"Fuselage","5320","AALA202309274030","panel",0,"FUSELAGE MISCELLANEOUS STRUCTURE"
29513,53,"Fuselage","5320","AALA202309278517","panel",0,"FUSELAGE MISCELLANEOUS STRUCTURE"
31133,53,"Fuselage","5310","AALA202309272130","other",0,"FUSELAGE MAIN, STRUCTURE"
31253,27,"Flight Controls","2780","AALA202306308286","CND",3,"LE SLAT CONTROL SYSTEM"
29528,22,"Auto Flight","2210","AALA202307031363","actuator",3,"AUTOPILOT SYSTEM"
29514,26,"Fire Protection","2610","AALA202307053932","CND",2,"DETECTION SYSTEM"
33219,53,"Fuselage","5320","AALA202307058214","panel",0,"FUSELAGE MISCELLANEOUS STRUCTURE"
29513,53,"Fuselage","5320","AALA202310026821","other",0,"FUSELAGE MISCELLANEOUS STRUCTURE"
33346,33,"Lights","3350","AALA202403048893","other",1,"EMERGENCY LIGHTING"
29514,53,"Fuselage","5340","AALA202308023980","door",0,"FUSELAGE MAIN, ATTACH FITTINGS"
29542,53,"Fuselage","5320","AALA202308294797","other",0,"FUSELAGE MISCELLANEOUS STRUCTURE"
29542,53,"Fuselage","5320","AALA202308299355","other",0,"FUSELAGE MISCELLANEOUS STRUCTURE"
30912,52,"Doors","5250","AALA202307103781","door",0,"FIXED INNER DOORS"
31131,53,"Fuselage","5320","AALA202310058419","panel",0,"FUSELAGE MISCELLANEOUS STRUCTURE"
31178,33,"Lights","3350","AALA202308087464","battery",1,"EMERGENCY LIGHTING"
29534,33,"Lights","3350","AALA202307118579","door",1,"EMERGENCY LIGHTING"
33340,52,"Doors","5250","AALA202309018011","door",0,"FIXED INNER DOORS"
29525,55,"Stabilizers","5510","AALA202308108178","other",0,"HORIZONTAL STABILIZER STRUCTURE"
44455,29,"Hydraulic Power","2910","AALA202309057787","pump",3,"HYDRAULIC SYSTEM, MAIN"
33205,55,"Stabilizers","5510","AALA202306072851","other",0,"HORIZONTAL STABILIZER STRUCTURE"
30094,52,"Doors","5250","AALA202307131027","door",0,"FIXED INNER DOORS"
29560,25,"Equipment / Furnishings","2560","AALA202308141941","door",1,"EMERGENCY EQUIPMENT"
29525,53,"Fuselage","5320","AALA202308149193","other",0,"FUSELAGE MISCELLANEOUS STRUCTURE"
30095,53,"Fuselage","5310","AALA202308141219","other",0,"FUSELAGE MAIN, STRUCTURE"
31145,52,"Doors","5250","AALA202306079468","panel",0,"FIXED INNER DOORS"
29543,53,"Fuselage","5320","AALA202308141384","other",0,"FUSELAGE MISCELLANEOUS STRUCTURE"
29514,53,"Fuselage","5320","AALA202308144678","other",0,"FUSELAGE MISCELLANEOUS STRUCTURE"
30914,53,"Fuselage","5300","AALA202306079117","latch",0,"FUSELAGE STRUCTURE (GENERAL)"
29514,53,"Fuselage","5300","AALA202309063161","other",0,"FUSELAGE STRUCTURE (GENERAL)"
31153,52,"Doors","5250","AALA202309069581","latch",0,"FIXED INNER DOORS"
33239,25,"Equipment / Furnishings","2560","AALA202306096941","other",1,"EMERGENCY EQUIPMENT"
31145,52,"Doors","5250","AALA202309069339","door",0,"FIXED INNER DOORS"
33331,56,"Windows","5620","AALA202307187512","CND",0,"PASSENGER COMPARTMENT WINDOWS"
40766,53,"Fuselage","5320","AALA202308169969","panel",0,"FUSELAGE MISCELLANEOUS STRUCTURE"
33487,23,"Communication","2300","AALA202306134457","CND",3,"COMMUNICATIONS SYSTEM"
29513,33,"Lights","3350","AALA202307190239","other",1,"EMERGENCY LIGHTING"
44466,32,"Landing Gear","3220","AALA202306132611","CND",3,"NOSE/TAIL LANDING GEAR"
30918,52,"Doors","5250","AALA202307206490","door",0,"FIXED INNER DOORS"
31269,53,"Fuselage","5320","AALA202307201551","panel",0,"FUSELAGE MISCELLANEOUS STRUCTURE"
33323,52,"Doors","5250","AALA202309081320","hinge",0,"FIXED INNER DOORS"
29525,53,"Fuselage","5310","AALA202308182427","other",0,"FUSELAGE MAIN, STRUCTURE"
29511,53,"Fuselage","5320","AALA202306147775","panel",0,"FUSELAGE MISCELLANEOUS STRUCTURE"
31228,52,"Doors","5250","AALA202309122889","hinge",0,"FIXED INNER DOORS"
29527,53,"Fuselage","5320","AALA202306151320","panel",0,"FUSELAGE MISCELLANEOUS STRUCTURE"
31133,53,"Fuselage","5320","AALA202309129284","other",0,"FUSELAGE MISCELLANEOUS STRUCTURE"
31127,53,"Fuselage","5320","AALA202306160093","other",0,"FUSELAGE MISCELLANEOUS STRUCTURE"
31127,53,"Fuselage","5320","AALA202306183857","panel",0,"FUSELAGE MISCELLANEOUS STRUCTURE"
30092,53,"Fuselage","5340","AALA202309139786","other",0,"FUSELAGE MAIN, ATTACH FITTINGS"
33346,53,"Fuselage","5320","AALA202306196134","panel",0,"FUSELAGE MISCELLANEOUS STRUCTURE"
29527,53,"Fuselage","5320","AALA202306195610","other",0,"FUSELAGE MISCELLANEOUS STRUCTURE"
31133,53,"Fuselage","5320","AALA202309147099","other",0,"FUSELAGE MISCELLANEOUS STRUCTURE"
30090,53,"Fuselage","5300","AALA202306206035","other",0,"FUSELAGE STRUCTURE (GENERAL)"
29511,53,"Fuselage","5320","AALA202306232374","panel",0,"FUSELAGE MISCELLANEOUS STRUCTURE"
31077,55,"Stabilizers","5510","AALA202309215426","other",0,"HORIZONTAL STABILIZER STRUCTURE"
30080,53,"Fuselage","5330","AALA202309217899","other",0,"FUSELAGE MAIN, PLATE/SKIN"
33519,27,"Flight Controls","2750","AALA202309223382","other",3,"TE FLAP CONTROL SYSTEM"
29544,52,"Doors","5250","AALA202307245020","latch",0,"FIXED INNER DOORS"
31215,25,"Equipment / Furnishings","2560","AALA202306263624","other",1,"EMERGENCY EQUIPMENT"
29513,53,"Fuselage","5320","AALA202309252763","panel",0,"FUSELAGE MISCELLANEOUS STRUCTURE"
33344,52,"Doors","5250","AALA202309267204","door",0,"FIXED INNER DOORS"
29554,52,"Doors","5250","AALA202309264538","hinge",0,"FIXED INNER DOORS"
29513,53,"Fuselage","5340","AALA202309274542","other",0,"FUSELAGE MAIN, ATTACH FITTINGS"
29515,33,"Lights","3350","AALA202306288043","door",1,"EMERGENCY LIGHTING"
29533,57,"Wings","5700","AALA202307262411","other",0,"WING STRUCTURE"
31129,33,"Lights","3350","AALA202307269732","other",1,"EMERGENCY LIGHTING"
29514,53,"Fuselage","5320","AALA202307266318","panel",0,"FUSELAGE MISCELLANEOUS STRUCTURE"
29527,53,"Fuselage","5340","AALA202306299269","other",0,"FUSELAGE MAIN, ATTACH FITTINGS"
29556,25,"Equipment / Furnishings","2560","AALA202306305230","battery",1,"EMERGENCY EQUIPMENT"
30091,53,"Fuselage","5340","AALA202310255811","other",0,"FUSELAGE MAIN, ATTACH FITTINGS"
31253,27,"Flight Controls","2750","AALA202307038286","other",3,"TE FLAP CONTROL SYSTEM"
31133,53,"Fuselage","5320","AALA202309286469","other",0,"FUSELAGE MISCELLANEOUS STRUCTURE"
33330,52,"Doors","5250","AALA202308249485","door",0,"FIXED INNER DOORS"
31229,52,"Doors","5250","AALA202307030757","door",0,"FIXED INNER DOORS"
31205,33,"Lights","3320","AALA202307312051","other",3,"PASSENGER COMPARTMENT LIGHTING"
31273,53,"Fuselage","5310","AALA202308241646","panel",0,"FUSELAGE MAIN, STRUCTURE"
31137,25,"Equipment / Furnishings","2560","AALA202308249732","battery",1,"EMERGENCY EQUIPMENT"
29514,53,"Fuselage","5320","AALA202308017175","other",0,"FUSELAGE MISCELLANEOUS STRUCTURE"
33219,53,"Fuselage","5320","AALA202307055237","panel",0,"FUSELAGE MISCELLANEOUS STRUCTURE"
33219,25,"Equipment / Furnishings","2530","AALA202308015059","other",1,"BUFFET/GALLEYS"
31145,52,"Doors","5250","AALA202308012707","door",0,"FIXED INNER DOORS"
31190,52,"Doors","5250","AALA202308043516","door",0,"FIXED INNER DOORS"
33316,21,"Air Conditioning","2100","AALA202309010865","CND",3,"AIR CONDITIONING SYSTEM"
33521,25,"Equipment / Furnishings","2560","AALA202306051655","pack",3,"EMERGENCY EQUIPMENT"
29544,53,"Fuselage","5340","AALA202307138572","other",0,"FUSELAGE MAIN, ATTACH FITTINGS"
31199,53,"Fuselage","5320","AALA202308114884","panel",3,"FUSELAGE MISCELLANEOUS STRUCTURE"
29525,53,"Fuselage","5310","AALA202308111516","wheel",0,"FUSELAGE MAIN, STRUCTURE"
29515,53,"Fuselage","5310","AALA202306069076","other",0,"FUSELAGE MAIN, STRUCTURE"
29543,53,"Fuselage","5320","AALA202308148489","other",0,"FUSELAGE MISCELLANEOUS STRUCTURE"
30095,53,"Fuselage","5310","AALA202308147773","other",0,"FUSELAGE MAIN, STRUCTURE"
29515,53,"Fuselage","5320","AALA202306072272","other",0,"FUSELAGE MISCELLANEOUS STRUCTURE"
40765,53,"Fuselage","5320","AALA202307141442","panel",0,"FUSELAGE MISCELLANEOUS STRUCTURE"
33207,55,"Stabilizers","5510","AALA202309064669","other",0,"HORIZONTAL STABILIZER STRUCTURE"
31129,53,"Fuselage","5320","AALA202307182740","panel",0,"FUSELAGE MISCELLANEOUS STRUCTURE"
29564,55,"Stabilizers","5510","AALA202307186690","other",0,"HORIZONTAL STABILIZER STRUCTURE"
29515,53,"Fuselage","5300","AALA202306125009","other",0,"FUSELAGE STRUCTURE (GENERAL)"
29540,33,"Lights","3350","AALA202306133281","CND",1,"EMERGENCY LIGHTING"
30858,53,"Fuselage","5320","AALA202309085638","other",0,"FUSELAGE MISCELLANEOUS STRUCTURE"
29524,33,"Lights","3350","AALA202308171282","other",1,"EMERGENCY LIGHTING"
40762,25,"Equipment / Furnishings","2560","AALA202306139556","door",1,"EMERGENCY EQUIPMENT"
31199,56,"Windows","5610","AALA202308181411","window",0,"FLIGHT COMPARTMENT WINDOWS"
40768,53,"Fuselage","5310","AALA202309089013","other",0,"FUSELAGE MAIN, STRUCTURE"
29563,55,"Stabilizers","5510","AALA202306141201","other",0,"HORIZONTAL STABILIZER STRUCTURE"
33334,33,"Lights","3350","AALA202306163054","door",1,"EMERGENCY LIGHTING"
31127,53,"Fuselage","5320","AALA202306189195","panel",0,"FUSELAGE MISCELLANEOUS STRUCTURE"
40768,53,"Fuselage","5320","AALA202309138553","other",0,"FUSELAGE MISCELLANEOUS STRUCTURE"
31171,25,"Equipment / Furnishings","2560","AALA202309131364","door",1,"EMERGENCY EQUIPMENT"
31197,52,"Doors","5250","AALA202306212022","door",0,"FIXED INNER DOORS"
40769,52,"Doors","5250","AALA202306221726","door",0,"FIXED INNER DOORS"
29511,53,"Fuselage","5320","AALA202306233952","other",0,"FUSELAGE MISCELLANEOUS STRUCTURE"
40766,56,"Windows","5610","AALA202309202818","window",3,"FLIGHT COMPARTMENT WINDOWS"
31133,53,"Fuselage","5320","AALA202309273709","other",0,"FUSELAGE MISCELLANEOUS STRUCTURE"
31133,53,"Fuselage","5320","AALA202309275990","other",0,"FUSELAGE MISCELLANEOUS STRUCTURE"
29511,53,"Fuselage","5320","AALA202307054953","other",0,"FUSELAGE MISCELLANEOUS STRUCTURE"
33222,29,"Hydraulic Power","2910","AALA202308283507","pump",3,"HYDRAULIC SYSTEM, MAIN"
29542,53,"Fuselage","5320","AALA202308297944","other",0,"FUSELAGE MISCELLANEOUS STRUCTURE"
29542,53,"Fuselage","5320","AALA202308291936","other",0,"FUSELAGE MISCELLANEOUS STRUCTURE"
44451,52,"Doors","5250","AALA202307107384","door",0,"FIXED INNER DOORS"
29537,53,"Fuselage","5320","AALA202306023402","other",0,"FUSELAGE MISCELLANEOUS STRUCTURE"
29515,53,"Fuselage","5320","AALA202306077281","other",0,"FUSELAGE MISCELLANEOUS STRUCTURE"
29543,53,"Fuselage","5320","AALA202308146040","other",0,"FUSELAGE MISCELLANEOUS STRUCTURE"
29511,55,"Stabilizers","5510","AALA202308150006","other",0,"HORIZONTAL STABILIZER STRUCTURE"
29511,55,"Stabilizers","5550","AALA202308157476","other",0,"EMPENNAGE FLT. CONT., ATTACH FITTING"
29514,53,"Fuselage","5310","AALA202308159077","other",0,"FUSELAGE MAIN, STRUCTURE"
29511,55,"Stabilizers","5550","AALA202308154399","other",0,"EMPENNAGE FLT. CONT., ATTACH FITTING"
31258,27,"Flight Controls","2780","AALA202306093676","CND",3,"LE SLAT CONTROL SYSTEM"
29554,25,"Equipment / Furnishings","2560","AALA202309154635","battery",1,"EMERGENCY EQUIPMENT"
33329,25,"Equipment / Furnishings","2530","AALA202309194530","oven",1,"BUFFET/GALLEYS"
30088,25,"Equipment / Furnishings","2560","AALA202309191968","door",1,"EMERGENCY EQUIPMENT"
30599,52,"Doors","5250","AALA202309225127","door",0,"FIXED INNER DOORS"
29533,57,"Wings","5710","AALA202307260042","other",0,"WING, MAIN FRAME STRUCTURE"
29512,27,"Flight Controls","2750","AALA202307269930","CND",3,"TE FLAP CONTROL SYSTEM"
29554,52,"Doors","5250","AALA202309267313","door",0,"FIXED INNER DOORS"
31273,53,"Fuselage","5320","AALA202308225585","panel",0,"FUSELAGE MISCELLANEOUS STRUCTURE"
31133,53,"Fuselage","5320","AALA202309273352","door",0,"FUSELAGE MISCELLANEOUS STRUCTURE"
29539,52,"Doors","5210","AALA202309279020","CND",3,"PASSENGER/CREW DOORS"
30077,53,"Fuselage","5320","AALA202306300626","panel",0,"FUSELAGE MISCELLANEOUS STRUCTURE"
29527,53,"Fuselage","5320","AALA202306304390","other",0,"FUSELAGE MISCELLANEOUS STRUCTURE"
29514,53,"Fuselage","5320","AALA202308018101","other",0,"FUSELAGE MISCELLANEOUS STRUCTURE"
29514,53,"Fuselage","5320","AALA202308012357","other",0,"FUSELAGE MISCELLANEOUS STRUCTURE"
33219,53,"Fuselage","5320","AALA202307050560","other",0,"FUSELAGE MISCELLANEOUS STRUCTURE"
29514,53,"Fuselage","5320","AALA202308020639","panel",0,"FUSELAGE MISCELLANEOUS STRUCTURE"
33230,33,"Lights","3350","AALA202310024793","door",1,"EMERGENCY LIGHTING"
29513,53,"Fuselage","5320","AALA202310028584","other",0,"FUSELAGE MISCELLANEOUS STRUCTURE"
31241,25,"Equipment / Furnishings","2560","AALA202307074661","other",3,"EMERGENCY EQUIPMENT"
44476,33,"Lights","3350","AALA202308075931","other",1,"EMERGENCY LIGHTING"
31131,53,"Fuselage","5320","AALA202310052435","panel",0,"FUSELAGE MISCELLANEOUS STRUCTURE"
33518,52,"Doors","5210","AALA202307108937","hinge",3,"PASSENGER/CREW DOORS"
29515,53,"Fuselage","5320","AALA202306027194","other",0,"FUSELAGE MISCELLANEOUS STRUCTURE"
29537,53,"Fuselage","5320","AALA202306024749","other",0,"FUSELAGE MISCELLANEOUS STRUCTURE"
29537,53,"Fuselage","5320","AALA202306022182","other",0,"FUSELAGE MISCELLANEOUS STRUCTURE"
29511,52,"Doors","5210","AALA202306027444","door",0,"PASSENGER/CREW DOORS"
29525,53,"Fuselage","5320","AALA202308100585","other",0,"FUSELAGE MISCELLANEOUS STRUCTURE"
29525,53,"Fuselage","5320","AALA202308102704","panel",0,"FUSELAGE MISCELLANEOUS STRUCTURE"
29544,53,"Fuselage","5340","AALA202307132546","other",0,"FUSELAGE MAIN, ATTACH FITTINGS"
29539,52,"Doors","5250","AALA202308145736","door",0,"FIXED INNER DOORS"
29567,56,"Windows","5610","AALA202308114359","window",3,"FLIGHT COMPARTMENT WINDOWS"
29525,53,"Fuselage","5320","AALA202308149564","other",0,"FUSELAGE MISCELLANEOUS STRUCTURE"
30095,53,"Fuselage","5310","AALA202308143952","other",0,"FUSELAGE MAIN, STRUCTURE"
40765,53,"Fuselage","5320","AALA202307145804","panel",0,"FUSELAGE MISCELLANEOUS STRUCTURE"
33225,52,"Doors","5210","AALA202309061896","door",0,"PASSENGER/CREW DOORS"
29514,53,"Fuselage","5300","AALA202309060258","other",0,"FUSELAGE STRUCTURE (GENERAL)"
30092,53,"Fuselage","5340","AALA202309134503","other",0,"FUSELAGE MAIN, ATTACH FITTINGS"
29564,24,"Electrical Power","2420","AALA202306190170","generator",2,"AC GENERATION SYSTEM"
31203,52,"Doors","5250","AALA202309199233","door",0,"FIXED INNER DOORS"
29534,27,"Flight Controls","2750","AALA202306228286","other",3,"TE FLAP CONTROL SYSTEM"
29534,27,"Flight Controls","2750","AALA202306220550","other",3,"TE FLAP CONTROL SYSTEM"
29511,55,"Stabilizers","5510","AALA202306235131","other",0,"HORIZONTAL STABILIZER STRUCTURE"
33340,25,"Equipment / Furnishings","2560","AALA202309217285","pack",1,"EMERGENCY EQUIPMENT"
29510,52,"Doors","5210","AALA202309225749","door",3,"PASSENGER/CREW DOORS"
29511,53,"Fuselage","5320","AALA202306086726","other",0,"FUSELAGE MISCELLANEOUS STRUCTURE"
30077,53,"Fuselage","5340","AALA202306279573","other",0,"FUSELAGE MAIN, ATTACH FITTINGS"
31165,52,"Doors","5250","AALA202306280659","door",0,"FIXED INNER DOORS"
30598,52,"Doors","5210","AALA202309267661","door",0,"PASSENGER/CREW DOORS"
30077,53,"Fuselage","5340","AALA202306290485","other",0,"FUSELAGE MAIN, ATTACH FITTINGS"
30091,53,"Fuselage","5320","AALA202309279604","other",0,"FUSELAGE MISCELLANEOUS STRUCTURE"
30091,53,"Fuselage","5320","AALA202309272463","other",0,"FUSELAGE MISCELLANEOUS STRUCTURE"
31133,53,"Fuselage","5320","AALA202309273085","panel",0,"FUSELAGE MISCELLANEOUS STRUCTURE"
44472,33,"Lights","3350","AALA202307031670","pack",1,"EMERGENCY LIGHTING"
31133,53,"Fuselage","5320","AALA202309289372","panel",0,"FUSELAGE MISCELLANEOUS STRUCTURE"
33219,53,"Fuselage","5320","AALA202307050045","panel",0,"FUSELAGE MISCELLANEOUS STRUCTURE"
33219,53,"Fuselage","5320","AALA202307050050","panel",0,"FUSELAGE MISCELLANEOUS STRUCTURE"
29514,53,"Fuselage","5320","AALA202308017243","other",0,"FUSELAGE MISCELLANEOUS STRUCTURE"
29525,55,"Stabilizers","5540","AALA202308107829","other",0,"RUDDER STRUCTURE"
33247,25,"Equipment / Furnishings","2560","AALA202308250221","other",1,"EMERGENCY EQUIPMENT"
31099,25,"Equipment / Furnishings","2560","AALA202308256914","battery",1,"EMERGENCY EQUIPMENT"
29513,53,"Fuselage","5300","AALA202310025659","other",0,"FUSELAGE STRUCTURE (GENERAL)"
31131,53,"Fuselage","5320","AALA202310057842","panel",0,"FUSELAGE MISCELLANEOUS STRUCTURE"
33219,52,"Doors","5250","AALA202308097135","latch",0,"FIXED INNER DOORS"
31135,53,"Fuselage","5320","AALA202310061564","panel",0,"FUSELAGE MISCELLANEOUS STRUCTURE"
29515,53,"Fuselage","5320","AALA202306051538","other",0,"FUSELAGE MISCELLANEOUS STRUCTURE"
29515,53,"Fuselage","5320","AALA202306059174","other",0,"FUSELAGE MISCELLANEOUS STRUCTURE"
29515,53,"Fuselage","5320","AALA202306054756","other",0,"FUSELAGE MISCELLANEOUS STRUCTURE"
30906,33,"Lights","3350","AALA202306055887","other",1,"EMERGENCY LIGHTING"
31165,52,"Doors","5250","AALA202306053377","hinge",0,"FIXED INNER DOORS"
31257,52,"Doors","5250","AALA202308111895","switch",0,"FIXED INNER DOORS"
29520,25,"Equipment / Furnishings","2560","AALA202308115556","door",1,"EMERGENCY EQUIPMENT"
33243,55,"Stabilizers","5500","AALA202308112457","CND",3,"EMPENNAGE STRUCTURE"
31145,52,"Doors","5250","AALA202309059339","CND",0,"FIXED INNER DOORS"
29531,51,"Standard Practices And Structures - General","5100","AALA202307133988","window",0,"STANDARD PRACTICES/STRUCTURES"
29534,33,"Lights","3350","AALA202307130915","door",1,"EMERGENCY LIGHTING"
33223,56,"Windows","5610","AALA202308143754","window",3,"FLIGHT COMPARTMENT WINDOWS"
29563,55,"Stabilizers","5510","AALA202306124383","other",0,"HORIZONTAL STABILIZER STRUCTURE"
29563,55,"Stabilizers","5510","AALA202306126057","other",0,"HORIZONTAL STABILIZER STRUCTURE"
30858,53,"Fuselage","5320","AALA202309087192","other",0,"FUSELAGE MISCELLANEOUS STRUCTURE"
31277,25,"Equipment / Furnishings","2560","AALA202309071861","door",1,"EMERGENCY EQUIPMENT"
30858,53,"Fuselage","5320","AALA202309089993","other",0,"FUSELAGE MISCELLANEOUS STRUCTURE"
30858,53,"Fuselage","5320","AALA202309082543","other",0,"FUSELAGE MISCELLANEOUS STRUCTURE"
29548,52,"Doors","5210","AALA202308181551","door",0,"PASSENGER/CREW DOORS"
33221,52,"Doors","5250","AALA202309115301","door",0,"FIXED INNER DOORS"
33256,53,"Fuselage","5310","AALA202308189449","other",0,"FUSELAGE MAIN, STRUCTURE"
30098,52,"Doors","5250","AALA202309110531","switch",0,"FIXED INNER DOORS"
33334,33,"Lights","3350","AALA202306162158","door",1,"EMERGENCY LIGHTING"
30085,21,"Air Conditioning","2120","AALA202306162838","fan",3,"AIR DISTRIBUTION SYSTEM"
33346,53,"Fuselage","5320","AALA202306161167","panel",0,"FUSELAGE MISCELLANEOUS STRUCTURE"
29525,53,"Fuselage","5320","AALA202308095939","other",0,"FUSELAGE MISCELLANEOUS STRUCTURE"
68101,75,"Bleed Air","7530","AALA202309137384","engine",3,"COMPRESSOR BLEED CONTROL"
29513,53,"Fuselage","5310","AALA202310170902","other",0,"FUSELAGE MAIN, STRUCTURE"
44454,25,"Equipment / Furnishings","2560","AALA202306201144","pack",1,"EMERGENCY EQUIPMENT"
30090,53,"Fuselage","5340","AALA202306216720","other",0,"FUSELAGE MAIN, ATTACH FITTINGS"
30090,53,"Fuselage","5320","AALA202306212177","other",0,"FUSELAGE MISCELLANEOUS STRUCTURE"
33219,53,"Fuselage","5320","AALA202306210356","other",0,"FUSELAGE MISCELLANEOUS STRUCTURE"
29514,53,"Fuselage","5320","AALA202309188970","panel",0,"FUSELAGE MISCELLANEOUS STRUCTURE"
33519,55,"Stabilizers","5510","AALA202309214357","other",0,"HORIZONTAL STABILIZER STRUCTURE"
33321,33,"Lights","3350","AALA202306268491","other",1,"EMERGENCY LIGHTING"
40769,33,"Lights","3350","AALA202306271270","other",1,"EMERGENCY LIGHTING"
33314,25,"Equipment / Furnishings","2560","AALA202308213259","pack",1,"EMERGENCY EQUIPMENT"
40584,26,"Fire Protection","2610","AALA202308221262","engine",3,"DETECTION SYSTEM"
29527,53,"Fuselage","5340","AALA202306299017","other",0,"FUSELAGE MAIN, ATTACH FITTINGS"
29527,53,"Fuselage","5340","AALA202306295147","other",0,"FUSELAGE MAIN, ATTACH FITTINGS"
29513,53,"Fuselage","5320","AALA202306303784","other",0,"FUSELAGE MISCELLANEOUS STRUCTURE"
29531,53,"Fuselage","5340","AALA202310259809","other",0,"FUSELAGE MAIN, ATTACH FITTINGS"
30091,53,"Fuselage","5340","AALA202310259450","other",0,"FUSELAGE MAIN, ATTACH FITTINGS"
33220,52,"Doors","5210","AALA202308253519","door",0,"PASSENGER/CREW DOORS"
33219,53,"Fuselage","5320","AALA202307056468","other",0,"FUSELAGE MISCELLANEOUS STRUCTURE"
29513,53,"Fuselage","5320","AALA202307058567","other",0,"FUSELAGE MISCELLANEOUS STRUCTURE"
31275,53,"Fuselage","5320","AALA202310036981","other",0,"FUSELAGE MISCELLANEOUS STRUCTURE"
30088,27,"Flight Controls","2740","AALA202308044969","relay",3,"STABILIZER CONTROL SYSTEM"
30088,22,"Auto Flight","2210","AALA202308046573","relay",3,"AUTOPILOT SYSTEM"
33207,73,"Engine - Fuel And Control","7320","AALA202308077234","CND",3,"FUEL CONTROLLING SYSTEM"
29511,55,"Stabilizers","5510","AALA202308079406","other",0,"HORIZONTAL STABILIZER STRUCTURE"
29566,53,"Fuselage","5340","AALA202307110597","hinge",0,"FUSELAGE MAIN, ATTACH FITTINGS"
29525,53,"Fuselage","5320","AALA202308096259","panel",0,"FUSELAGE MISCELLANEOUS STRUCTURE"
29561,26,"Fire Protection","2610","AALA202309010062","CND",3,"DETECTION SYSTEM"
29525,53,"Fuselage","5320","AALA202309011519","other",0,"FUSELAGE MISCELLANEOUS STRUCTURE"
40766,53,"Fuselage","5340","AALA202308163403","other",0,"FUSELAGE MAIN, ATTACH FITTINGS"
33241,52,"Doors","5210","AALA202309013548","door",0,"PASSENGER/CREW DOORS"
29525,57,"Wings","5750","AALA202309016259","other",0,"WING, CONTROL SURFACES"
30089,25,"Equipment / Furnishings","2560","AALA202306056234","door",3,"EMERGENCY EQUIPMENT"
29544,53,"Fuselage","5340","AALA202307132723","other",0,"FUSELAGE MAIN, ATTACH FITTINGS"
29544,53,"Fuselage","5340","AALA202307130272","other",0,"FUSELAGE MAIN, ATTACH FITTINGS"
33205,55,"Stabilizers","5510","AALA202306077501","other",0,"HORIZONTAL STABILIZER STRUCTURE"
40765,53,"Fuselage","5320","AALA202307142369","panel",0,"FUSELAGE MISCELLANEOUS STRUCTURE"
30828,53,"Fuselage","5320","AALA202307177555","panel",0,"FUSELAGE MISCELLANEOUS STRUCTURE"
29514,53,"Fuselage","5300","AALA202309069629","other",0,"FUSELAGE STRUCTURE (GENERAL)"
40766,53,"Fuselage","5340","AALA202308162198","other",0,"FUSELAGE MAIN, ATTACH FITTINGS"
30828,53,"Fuselage","5340","AALA202307199470","other",0,"FUSELAGE MAIN, ATTACH FITTINGS"
31135,56,"Windows","5610","AALA202307211539","window",3,"FLIGHT COMPARTMENT WINDOWS"
30077,53,"Fuselage","5320","AALA202309123050","other",0,"FUSELAGE MISCELLANEOUS STRUCTURE"
29527,53,"Fuselage","5320","AALA202306161208","other",0,"FUSELAGE MISCELLANEOUS STRUCTURE"
30077,53,"Fuselage","5320","AALA202309136538","panel",0,"FUSELAGE MISCELLANEOUS STRUCTURE"
29565,55,"Stabilizers","5510","AALA202307213392","other",0,"HORIZONTAL STABILIZER STRUCTURE"
30094,53,"Fuselage","5340","AALA202310233621","other",0,"FUSELAGE MAIN, ATTACH FITTINGS"
33214,21,"Air Conditioning","2120","AALA202306260109","other",3,"AIR DISTRIBUTION SYSTEM"
30090,25,"Equipment / Furnishings","2560","AALA202306264167","door",1,"EMERGENCY EQUIPMENT"
29557,22,"Auto Flight","2200","AALA202308213436","relay",3,"AUTO FLIGHT SYSTEM"
29514,55,"Stabilizers","5510","AALA202308212097","other",0,"HORIZONTAL STABILIZER STRUCTURE"
29533,57,"Wings","5710","AALA202307267695","other",0,"WING, MAIN FRAME STRUCTURE"
31273,53,"Fuselage","5320","AALA202308224591","other",0,"FUSELAGE MISCELLANEOUS STRUCTURE"
29513,53,"Fuselage","5320","AALA202309278245","panel",0,"FUSELAGE MISCELLANEOUS STRUCTURE"
30091,53,"Fuselage","5320","AALA202309272121","other",0,"FUSELAGE MISCELLANEOUS STRUCTURE"
44478,52,"Doors","5250","AALA202308233792","panel",0,"FIXED INNER DOORS"
29531,53,"Fuselage","5340","AALA202310259347","other",0,"FUSELAGE MAIN, ATTACH FITTINGS"
30091,53,"Fuselage","5340","AALA202310252374","other",0,"FUSELAGE MAIN, ATTACH FITTINGS"
29516,52,"Doors","5210","AALA202307036591","door",0,"PASSENGER/CREW DOORS"
29533,21,"Air Conditioning","2150","AALA202309282563","window",3,"CABIN COOLING SYSTEM"
31133,53,"Fuselage","5310","AALA202309288458","other",0,"FUSELAGE MAIN, STRUCTURE"
44472,33,"Lights","3350","AALA202307037964","pack",1,"EMERGENCY LIGHTING"
29507,51,"Standard Practices And Structures - General","5100","AALA202307317691","CND",0,"STANDARD PRACTICES/STRUCTURES"
31165,52,"Doors","5250","AALA202307056294","door",0,"FIXED INNER DOORS"
33230,52,"Doors","5250","AALA202307058990","panel",0,"FIXED INNER DOORS"
29542,53,"Fuselage","5320","AALA202308299252","other",0,"FUSELAGE MISCELLANEOUS STRUCTURE"
33220,53,"Fuselage","5320","AALA202308079300","panel",0,"FUSELAGE MISCELLANEOUS STRUCTURE"
44466,25,"Equipment / Furnishings","2560","AALA202308071549","door",1,"EMERGENCY EQUIPMENT"
33256,33,"Lights","3350","AALA202403187421","CND",1,"EMERGENCY LIGHTING"
29515,53,"Fuselage","5320","AALA202306028238","other",0,"FUSELAGE MISCELLANEOUS STRUCTURE"
29515,53,"Fuselage","5320","AALA202306024053","other",0,"FUSELAGE MISCELLANEOUS STRUCTURE"
29511,53,"Fuselage","5320","AALA202306022539","other",0,"FUSELAGE MISCELLANEOUS STRUCTURE"
29527,53,"Fuselage","5320","AALA202307118182","panel",0,"FUSELAGE MISCELLANEOUS STRUCTURE"
29525,53,"Fuselage","5320","AALA202308104001","panel",0,"FUSELAGE MISCELLANEOUS STRUCTURE"
33317,53,"Fuselage","5320","AALA202409166248","other",0,"FUSELAGE MISCELLANEOUS STRUCTURE"
29554,27,"Flight Controls","2700","AALA202308102819","CND",3,"FLIGHT CONTROL SYSTEM"
40767,53,"Fuselage","5320","AALA202308117350","other",0,"FUSELAGE MISCELLANEOUS STRUCTURE"
29511,53,"Fuselage","5320","AALA202306071587","other",0,"FUSELAGE MISCELLANEOUS STRUCTURE"
30908,25,"Equipment / Furnishings","2560","AALA202308143720","pack",1,"EMERGENCY EQUIPMENT"
29511,33,"Lights","3350","AALA202308146579","other",1,"EMERGENCY LIGHTING"
31145,52,"Doors","5250","AALA202306074705","door",0,"FIXED INNER DOORS"
31172,33,"Lights","3350","AALA202306077301","door",1,"EMERGENCY LIGHTING"
29512,56,"Windows","5610","AALA202307146009","window",0,"FLIGHT COMPARTMENT WINDOWS"
29543,53,"Fuselage","5320","AALA202308149971","other",0,"FUSELAGE MISCELLANEOUS STRUCTURE"
31208,52,"Doors","5200","AALA202307172474","CND",0,"DOORS"
44453,56,"Windows","5610","AALA202306123036","window",0,"FLIGHT COMPARTMENT WINDOWS"
29505,52,"Doors","5210","AALA202309069548","control rod",3,"PASSENGER/CREW DOORS"
31269,53,"Fuselage","5340","AALA202307189791","other",0,"FUSELAGE MAIN, ATTACH FITTINGS"
29511,53,"Fuselage","5320","AALA202310122374","panel",0,"FUSELAGE MISCELLANEOUS STRUCTURE"
29515,33,"Lights","3350","AALA202308160869","door",1,"EMERGENCY LIGHTING"
40766,53,"Fuselage","5320","AALA202308161276","panel",0,"FUSELAGE MISCELLANEOUS STRUCTURE"
29515,53,"Fuselage","5310","AALA202306062185","other",0,"FUSELAGE MAIN, STRUCTURE"
40766,53,"Fuselage","5320","AALA202308178763","door",0,"FUSELAGE MISCELLANEOUS STRUCTURE"
30828,53,"Fuselage","5340","AALA202307192950","other",0,"FUSELAGE MAIN, ATTACH FITTINGS"
31208,51,"Standard Practices And Structures - General","5100","AALA202307192474","window",0,"STANDARD PRACTICES/STRUCTURES"
40579,72,"Engine","7200","AALA202307201104","CND",3,"ENGINE (TURBINE/TURBOPROP)"
31199,52,"Doors","5210","AALA202308183128","door",3,"PASSENGER/CREW DOORS"
29538,33,"Lights","3350","AALA202309120126","other",1,"EMERGENCY LIGHTING"
29540,33,"Lights","3350","AALA202306153281","other",1,"EMERGENCY LIGHTING"
30077,53,"Fuselage","5320","AALA202309121862","panel",0,"FUSELAGE MISCELLANEOUS STRUCTURE"
31127,53,"Fuselage","5310","AALA202306168061","other",0,"FUSELAGE MAIN, STRUCTURE"
31127,53,"Fuselage","5310","AALA202306163492","other",0,"FUSELAGE MAIN, STRUCTURE"
30092,53,"Fuselage","5340","AALA202309130770","other",0,"FUSELAGE MAIN, ATTACH FITTINGS"
44471,53,"Fuselage","5320","AALA202306197859","panel",0,"FUSELAGE MISCELLANEOUS STRUCTURE"
31127,53,"Fuselage","5320","AALA202306182961","panel",0,"FUSELAGE MISCELLANEOUS STRUCTURE"
31258,25,"Equipment / Furnishings","2560","AALA202309137644","door",1,"EMERGENCY EQUIPMENT"
40766,56,"Windows","5610","AALA202309199844","window",0,"FLIGHT COMPARTMENT WINDOWS"
29548,52,"Doors","5250","AALA202309216216","door",0,"FIXED INNER DOORS"
29527,53,"Fuselage","5340","AALA202306293205","other",0,"FUSELAGE MAIN, ATTACH FITTINGS"
29513,33,"Lights","3350","AALA202307281825","other",1,"EMERGENCY LIGHTING"
33219,53,"Fuselage","5310","AALA202307053422","other",0,"FUSELAGE MAIN, STRUCTURE"
29513,53,"Fuselage","5300","AALA202310023798","other",0,"FUSELAGE STRUCTURE (GENERAL)"
29529,33,"Lights","3350","AALA202308025411","other",1,"EMERGENCY LIGHTING"
29514,53,"Fuselage","5320","AALA202308022428","other",0,"FUSELAGE MISCELLANEOUS STRUCTURE"
30085,27,"Flight Controls","2780","AALA202308297197","other",3,"LE SLAT CONTROL SYSTEM"
29507,51,"Standard Practices And Structures - General","5100","AALA202308295665","window",0,"STANDARD PRACTICES/STRUCTURES"
29565,52,"Doors","5270","AALA202306050361","CND",0,"DOOR WARNING SYSTEM"
40767,53,"Fuselage","5310","AALA202308110618","other",0,"FUSELAGE MAIN, STRUCTURE"
40767,53,"Fuselage","5320","AALA202308110860","panel",0,"FUSELAGE MISCELLANEOUS STRUCTURE"
31226,33,"Lights","3350","AALA202308111054","other",1,"EMERGENCY LIGHTING"
31255,27,"Flight Controls","2740","AALA202309053458","switch",3,"STABILIZER CONTROL SYSTEM"
33205,55,"Stabilizers","5510","AALA202306074817","other",0,"HORIZONTAL STABILIZER STRUCTURE"
31129,53,"Fuselage","5320","AALA202307180071","panel",0,"FUSELAGE MISCELLANEOUS STRUCTURE"
33240,25,"Equipment / Furnishings","2560","AALA202306131894","door",1,"EMERGENCY EQUIPMENT"
33323,52,"Doors","5250","AALA202309086141","door",0,"FIXED INNER DOORS"
40767,53,"Fuselage","5320","AALA202308186784","other",0,"FUSELAGE MISCELLANEOUS STRUCTURE"
33346,53,"Fuselage","5320","AALA202306161417","other",0,"FUSELAGE MISCELLANEOUS STRUCTURE"
29511,53,"Fuselage","5320","AALA202306167290","panel",0,"FUSELAGE MISCELLANEOUS STRUCTURE"
29511,53,"Fuselage","5330","AALA202306190997","door",0,"FUSELAGE MAIN, PLATE/SKIN"
29514,33,"Lights","3350","AALA202309137596","door",1,"EMERGENCY LIGHTING"
30090,53,"Fuselage","5300","AALA202306207796","other",0,"FUSELAGE STRUCTURE (GENERAL)"
33349,33,"Lights","3350","AALA202306206413","door",1,"EMERGENCY LIGHTING"
31194,53,"Fuselage","5300","AALA202306211381","latch",0,"FUSELAGE STRUCTURE (GENERAL)"
33219,53,"Fuselage","5320","AALA202306217723","other",0,"FUSELAGE MISCELLANEOUS STRUCTURE"
40768,53,"Fuselage","5320","AALA202309210194","panel",0,"FUSELAGE MISCELLANEOUS STRUCTURE"
30094,53,"Fuselage","5340","AALA202310238845","other",0,"FUSELAGE MAIN, ATTACH FITTINGS"
30903,52,"Doors","5210","AALA202306265692","latch",0,"PASSENGER/CREW DOORS"
30904,25,"Equipment / Furnishings","2560","AALA202306263285","door",1,"EMERGENCY EQUIPMENT"
31107,25,"Equipment / Furnishings","2560","AALA202309250109","other",1,"EMERGENCY EQUIPMENT"
29525,55,"Stabilizers","5510","AALA202308210560","other",0,"HORIZONTAL STABILIZER STRUCTURE"
29513,53,"Fuselage","5320","AALA202309276161","panel",0,"FUSELAGE MISCELLANEOUS STRUCTURE"
29513,53,"Fuselage","5320","AALA202309277248","panel",0,"FUSELAGE MISCELLANEOUS STRUCTURE"
29504,53,"Fuselage","5320","AALA202309275971","other",0,"FUSELAGE MISCELLANEOUS STRUCTURE"
29504,53,"Fuselage","5320","AALA202309278022","other",0,"FUSELAGE MISCELLANEOUS STRUCTURE"
30091,53,"Fuselage","5320","AALA202309279994","other",0,"FUSELAGE MISCELLANEOUS STRUCTURE"
30091,53,"Fuselage","5320","AALA202309271822","other",0,"FUSELAGE MISCELLANEOUS STRUCTURE"
31133,53,"Fuselage","5320","AALA202309276362","panel",0,"FUSELAGE MISCELLANEOUS STRUCTURE"
40582,33,"Lights","3350","AALA202309289804","pack",1,"EMERGENCY LIGHTING"
29513,53,"Fuselage","5310","AALA202307039812","other",0,"FUSELAGE MAIN, STRUCTURE"
29514,53,"Fuselage","5320","AALA202308011870","other",0,"FUSELAGE MISCELLANEOUS STRUCTURE"
30600,52,"Doors","5210","AALA202307058779","door",3,"PASSENGER/CREW DOORS"
29511,55,"Stabilizers","5530","AALA202308023703","other",0,"VERTICAL STABILIZER STRUCTURE"
31165,52,"Doors","5250","AALA202307068760","door",0,"FIXED INNER DOORS"
33220,53,"Fuselage","5320","AALA202308071346","door",0,"FUSELAGE MISCELLANEOUS STRUCTURE"
31261,25,"Equipment / Furnishings","2560","AALA202308076107","pack",1,"EMERGENCY EQUIPMENT"
33344,52,"Doors","5250","AALA202308073244","door",0,"FIXED INNER DOORS"
29511,57,"Wings","5720","AALA202308078017","other",0,"WING MISCELLANEOUS STRUCTURE"
33346,25,"Equipment / Furnishings","2560","AALA202307109181","door",1,"EMERGENCY EQUIPMENT"
31156,28,"Fuel","2800","AALA202307115099","engine",3,"AIRCRAFT FUEL SYSTEM"
31131,53,"Fuselage","5320","AALA202310068061","panel",0,"FUSELAGE MISCELLANEOUS STRUCTURE"
29520,52,"Doors","5250","AALA202308088294","door",0,"FIXED INNER DOORS"
29515,53,"Fuselage","5320","AALA202306025553","other",0,"FUSELAGE MISCELLANEOUS STRUCTURE"
29525,53,"Fuselage","5320","AALA202308097197","other",0,"FUSELAGE MISCELLANEOUS STRUCTURE"
29561,26,"Fire Protection","2610","AALA202309013051","CND",3,"DETECTION SYSTEM"
33490,25,"Equipment / Furnishings","2560","AALA202306062234","other",1,"EMERGENCY EQUIPMENT"
40767,53,"Fuselage","5320","AALA202308147856","other",0,"FUSELAGE MISCELLANEOUS STRUCTURE"
40765,53,"Fuselage","5320","AALA202307142796","other",0,"FUSELAGE MISCELLANEOUS STRUCTURE"
40765,53,"Fuselage","5320","AALA202307145460","panel",0,"FUSELAGE MISCELLANEOUS STRUCTURE"
40767,53,"Fuselage","5320","AALA202307146513","door",0,"FUSELAGE MISCELLANEOUS STRUCTURE"
31203,52,"Doors","5250","AALA202307175212","door",0,"FIXED INNER DOORS"
33209,33,"Lights","3350","AALA202307173338","other",1,"EMERGENCY LIGHTING"
31171,25,"Equipment / Furnishings","2560","AALA202307189051","battery",1,"EMERGENCY EQUIPMENT"
30828,53,"Fuselage","5340","AALA202307192880","other",0,"FUSELAGE MAIN, ATTACH FITTINGS"
31242,25,"Equipment / Furnishings","2530","AALA202306132922","CND",3,"BUFFET/GALLEYS"
40765,53,"Fuselage","5320","AALA202307200702","panel",0,"FUSELAGE MISCELLANEOUS STRUCTURE"
29527,53,"Fuselage","5320","AALA202306141370","other",0,"FUSELAGE MISCELLANEOUS STRUCTURE"
44479,53,"Fuselage","5310","AALA202307210197","door",0,"FUSELAGE MAIN, STRUCTURE"
40765,33,"Lights","3350","AALA202307212489","battery",1,"EMERGENCY LIGHTING"
30099,33,"Lights","3350","AALA202307214125","switch",1,"EMERGENCY LIGHTING"
31133,53,"Fuselage","5320","AALA202309129356","panel",0,"FUSELAGE MISCELLANEOUS STRUCTURE"
44466,32,"Landing Gear","3240","AALA202306151821","strut",3,"LANDING GEAR BRAKE SYSTEM"
29513,53,"Fuselage","5320","AALA202309277776","panel",0,"FUSELAGE MISCELLANEOUS STRUCTURE"
44466,32,"Landing Gear","3240","AALA202306159932","strut",3,"LANDING GEAR BRAKE SYSTEM"
29527,53,"Fuselage","5320","AALA202306150408","panel",0,"FUSELAGE MISCELLANEOUS STRUCTURE"
31160,52,"Doors","5210","AALA202309126150","door",0,"PASSENGER/CREW DOORS"
29507,26,"Fire Protection","2610","AALA202309128554","engine",3,"DETECTION SYSTEM"
29527,53,"Fuselage","5320","AALA202306205512","panel",0,"FUSELAGE MISCELLANEOUS STRUCTURE"
44477,52,"Doors","5250","AALA202309157323","door",0,"FIXED INNER DOORS"
29511,53,"Fuselage","5310","AALA202306232922","other",0,"FUSELAGE MAIN, STRUCTURE"
29527,53,"Fuselage","5320","AALA202306230921","other",0,"FUSELAGE MISCELLANEOUS STRUCTURE"
40579,72,"Engine","7200","AALA202307241104","engine",3,"ENGINE (TURBINE/TURBOPROP)"
40767,53,"Fuselage","5320","AALA202308213029","panel",0,"FUSELAGE MISCELLANEOUS STRUCTURE"
40766,53,"Fuselage","5320","AALA202308218381","panel",0,"FUSELAGE MISCELLANEOUS STRUCTURE"
29511,25,"Equipment / Furnishings","2560","AALA202308215656","other",1,"EMERGENCY EQUIPMENT"
40582,25,"Equipment / Furnishings","2560","AALA202307255047","other",1,"EMERGENCY EQUIPMENT"
29533,21,"Air Conditioning","2150","AALA202309262563","CND",3,"CABIN COOLING SYSTEM"
29527,53,"Fuselage","5340","AALA202306290109","other",0,"FUSELAGE MAIN, ATTACH FITTINGS"
29544,53,"Fuselage","5340","AALA202307139750","other",0,"FUSELAGE MAIN, ATTACH FITTINGS"
40584,26,"Fire Protection","2610","AALA202308220767","engine",3,"DETECTION SYSTEM"
29504,53,"Fuselage","5320","AALA202309275750","other",0,"FUSELAGE MISCELLANEOUS STRUCTURE"
29504,53,"Fuselage","5320","AALA202309272567","other",0,"FUSELAGE MISCELLANEOUS STRUCTURE"
40763,51,"Standard Practices And Structures - General","5100","AALA202308235501","window",0,"STANDARD PRACTICES/STRUCTURES"
31131,53,"Fuselage","5320","AALA202309281217","other",0,"FUSELAGE MISCELLANEOUS STRUCTURE"
31133,53,"Fuselage","5320","AALA202309283178","panel",0,"FUSELAGE MISCELLANEOUS STRUCTURE"
33219,25,"Equipment / Furnishings","2530","AALA202307315059","CND",1,"BUFFET/GALLEYS"
33219,53,"Fuselage","5310","AALA202307051960","other",0,"FUSELAGE MAIN, STRUCTURE"
31219,52,"Doors","5250","AALA202308016801","door",0,"FIXED INNER DOORS"
29514,53,"Fuselage","5320","AALA202308024245","other",0,"FUSELAGE MISCELLANEOUS STRUCTURE"
29568,28,"Fuel","2800","AALA202308256858","CND",3,"AIRCRAFT FUEL SYSTEM"
31275,53,"Fuselage","5320","AALA202310039818","panel",0,"FUSELAGE MISCELLANEOUS STRUCTURE"
33331,52,"Doors","5250","AALA202308291102","panel",0,"FIXED INNER DOORS"
31131,53,"Fuselage","5320","AALA202310051742","panel",0,"FUSELAGE MISCELLANEOUS STRUCTURE"
40580,25,"Equipment / Furnishings","2560","AALA202308090330","battery",1,"EMERGENCY EQUIPMENT"
31165,52,"Doors","5250","AALA202307117473","door",0,"FIXED INNER DOORS"
33229,33,"Lights","3350","AALA202307119127","other",1,"EMERGENCY LIGHTING"
29541,52,"Doors","5210","AALA202306023839","hinge",0,"PASSENGER/CREW DOORS"
29537,53,"Fuselage","5320","AALA202306024203","other",0,"FUSELAGE MISCELLANEOUS STRUCTURE"
29544,53,"Fuselage","5340","AALA202307130873","other",0,"FUSELAGE MAIN, ATTACH FITTINGS"
33206,55,"Stabilizers","5510","AALA202308116993","other",0,"HORIZONTAL STABILIZER STRUCTURE"
30083,33,"Lights","3350","AALA202308113804","other",1,"EMERGENCY LIGHTING"
44472,79,"Oil","7900","AALA202309051263","pack",3,"ENGINE OIL SYSTEM (AIRFRAME)"
44475,52,"Doors","5250","AALA202309057267","door",0,"FIXED INNER DOORS"
30080,53,"Fuselage","5310","AALA202308143815","other",0,"FUSELAGE MAIN, STRUCTURE"
29511,33,"Lights","3350","AALA202308148727","door",1,"EMERGENCY LIGHTING"
30095,57,"Wings","5710","AALA202308142449","other",0,"WING, MAIN FRAME STRUCTURE"
30095,53,"Fuselage","5310","AALA202308140474","other",0,"FUSELAGE MAIN, STRUCTURE"
29514,53,"Fuselage","5300","AALA202309067520","other",0,"FUSELAGE STRUCTURE (GENERAL)"
29513,53,"Fuselage","5340","AALA202307185419","other",0,"FUSELAGE MAIN, ATTACH FITTINGS"
33209,52,"Doors","5210","AALA202306125964","door",0,"PASSENGER/CREW DOORS"
30094,53,"Fuselage","5320","AALA202309075735","panel",0,"FUSELAGE MISCELLANEOUS STRUCTURE"
31199,28,"Fuel","2840","AALA202306135442","compensator",3,"ACFT FUEL INDICATING SYSTEM"
44472,33,"Lights","3350","AALA202309116296","switch",3,"EMERGENCY LIGHTING"
40767,53,"Fuselage","5340","AALA202308182690","other",0,"FUSELAGE MAIN, ATTACH FITTINGS"
31173,51,"Standard Practices And Structures - General","5100","AALA202307218861","window",0,"STANDARD PRACTICES/STRUCTURES"
33328,52,"Doors","5210","AALA202309123560","door",0,"PASSENGER/CREW DOORS"
29527,53,"Fuselage","5320","AALA202306161280","panel",0,"FUSELAGE MISCELLANEOUS STRUCTURE"
30920,53,"Fuselage","5310","AALA202306164742","wheel",0,"FUSELAGE MAIN, STRUCTURE"
30077,53,"Fuselage","5320","AALA202309134539","panel",0,"FUSELAGE MISCELLANEOUS STRUCTURE"
33224,33,"Lights","3350","AALA202306078395","battery",1,"EMERGENCY LIGHTING"
33207,55,"Stabilizers","5510","AALA202309135519","other",0,"HORIZONTAL STABILIZER STRUCTURE"
29507,52,"Doors","5250","AALA202306198262","door",0,"FIXED INNER DOORS"
31127,53,"Fuselage","5320","AALA202306205620","panel",0,"FUSELAGE MISCELLANEOUS STRUCTURE"
31071,55,"Stabilizers","5510","AALA202306216653","other",0,"HORIZONTAL STABILIZER STRUCTURE"
31127,53,"Fuselage","5320","AALA202306211772","other",0,"FUSELAGE MISCELLANEOUS STRUCTURE"
29544,33,"Lights","3350","AALA202306214224","other",1,"EMERGENCY LIGHTING"
30920,33,"Lights","3350","AALA202306227090","other",1,"EMERGENCY LIGHTING"
31077,55,"Stabilizers","5510","AALA202404115426","other",0,"HORIZONTAL STABILIZER STRUCTURE"
40584,52,"Doors","5250","AALA202307244762","door",0,"FIXED INNER DOORS"
30094,53,"Fuselage","5340","AALA202310236343","other",0,"FUSELAGE MAIN, ATTACH FITTINGS"
29507,52,"Doors","5220","AALA202306269301","window",0,"EMERGENCY EXITS"
29527,53,"Fuselage","5320","AALA202306269092","other",0,"FUSELAGE MISCELLANEOUS STRUCTURE"
29511,55,"Stabilizers","5510","AALA202306288462","control rod",0,"HORIZONTAL STABILIZER STRUCTURE"
31231,21,"Air Conditioning","2120","AALA202307261503","CND",3,"AIR DISTRIBUTION SYSTEM"
29533,57,"Wings","5740","AALA202307269720","other",0,"WING, ATTACH FITTINGS"
29533,57,"Wings","5710","AALA202307268254","other",0,"WING, MAIN FRAME STRUCTURE"
29514,53,"Fuselage","5320","AALA202307260040","panel",0,"FUSELAGE MISCELLANEOUS STRUCTURE"
31273,53,"Fuselage","5320","AALA202308222852","other",0,"FUSELAGE MISCELLANEOUS STRUCTURE"
29527,53,"Fuselage","5340","AALA202306292162","other",0,"FUSELAGE MAIN, ATTACH FITTINGS"
33212,52,"Doors","5250","AALA202307272289","door",0,"FIXED INNER DOORS"
31131,53,"Fuselage","5320","AALA202309283133","other",0,"FUSELAGE MISCELLANEOUS STRUCTURE"
29513,53,"Fuselage","5320","AALA202306309384","panel",0,"FUSELAGE MISCELLANEOUS STRUCTURE"
31133,53,"Fuselage","5310","AALA202309273702","other",0,"FUSELAGE MAIN, STRUCTURE"
29533,21,"Air Conditioning","2150","AALA202309283701","window",3,"CABIN COOLING SYSTEM"
31097,56,"Windows","5610","AALA202307316682","window",0,"FLIGHT COMPARTMENT WINDOWS"
29514,53,"Fuselage","5320","AALA202308015510","other",0,"FUSELAGE MISCELLANEOUS STRUCTURE"
31095,56,"Windows","5610","AALA202308010689","window",3,"FLIGHT COMPARTMENT WINDOWS"
31158,51,"Standard Practices And Structures - General","5100","AALA202308014434","CND",0,"STANDARD PRACTICES/STRUCTURES"
33321,25,"Equipment / Furnishings","2560","AALA202310027032","pack",1,"EMERGENCY EQUIPMENT"
29542,53,"Fuselage","5320","AALA202308297067","other",0,"FUSELAGE MISCELLANEOUS STRUCTURE"
29542,53,"Fuselage","5320","AALA202308291937","other",0,"FUSELAGE MISCELLANEOUS STRUCTURE"
31265,26,"Fire Protection","2610","AALA202307078182","other",2,"DETECTION SYSTEM"
31131,53,"Fuselage","5320","AALA202310052417","panel",0,"FUSELAGE MISCELLANEOUS STRUCTURE"
33207,73,"Engine - Fuel And Control","7320","AALA202308097234","engine",3,"FUEL CONTROLLING SYSTEM"
29515,53,"Fuselage","5320","AALA202306025720","door",0,"FUSELAGE MISCELLANEOUS STRUCTURE"
33327,56,"Windows","5610","AALA202308319007","window",0,"FLIGHT COMPARTMENT WINDOWS"
40766,53,"Fuselage","5300","AALA202309015114","other",0,"FUSELAGE STRUCTURE (GENERAL)"
29525,53,"Fuselage","5310","AALA202308103889","other",0,"FUSELAGE MAIN, STRUCTURE"
29513,53,"Fuselage","5310","AALA202307129172","other",0,"FUSELAGE MAIN, STRUCTURE"
29513,53,"Fuselage","5310","AALA202307120612","other",0,"FUSELAGE MAIN, STRUCTURE"
29570,25,"Equipment / Furnishings","2560","AALA202403269576","door",1,"EMERGENCY EQUIPMENT"
44480,21,"Air Conditioning","2120","AALA202403257910","CND",3,"AIR DISTRIBUTION SYSTEM"
33314,52,"Doors","5250","AALA202309188648","latch",0,"FIXED INNER DOORS"
30095,53,"Fuselage","5310","AALA202308147703","other",0,"FUSELAGE MAIN, STRUCTURE"
29543,53,"Fuselage","5320","AALA202308143595","other",0,"FUSELAGE MISCELLANEOUS STRUCTURE"
29514,53,"Fuselage","5300","AALA202309065313","other",0,"FUSELAGE STRUCTURE (GENERAL)"
29514,53,"Fuselage","5300","AALA202309060538","other",0,"FUSELAGE STRUCTURE (GENERAL)"
33331,52,"Doors","5250","AALA202309063990","control rod",0,"FIXED INNER DOORS"
33486,52,"Doors","5210","AALA202309077582","door",0,"PASSENGER/CREW DOORS"
29564,55,"Stabilizers","5510","AALA202307180566","other",0,"HORIZONTAL STABILIZER STRUCTURE"
29530,33,"Lights","3350","AALA202306092068","panel",1,"EMERGENCY LIGHTING"
33492,56,"Windows","5610","AALA202306122148","window",0,"FLIGHT COMPARTMENT WINDOWS"
29514,53,"Fuselage","5320","AALA202308160147","other",0,"FUSELAGE MISCELLANEOUS STRUCTURE"
30858,53,"Fuselage","5320","AALA202309087907","other",0,"FUSELAGE MISCELLANEOUS STRUCTURE"
31199,56,"Windows","5610","AALA202308182010","window",0,"FLIGHT COMPARTMENT WINDOWS"
29511,53,"Fuselage","5310","AALA202306148329","other",0,"FUSELAGE MAIN, STRUCTURE"
30077,53,"Fuselage","5320","AALA202309123848","panel",0,"FUSELAGE MISCELLANEOUS STRUCTURE"
30085,21,"Air Conditioning","2120","AALA202306168806","fan",3,"AIR DISTRIBUTION SYSTEM"
40768,53,"Fuselage","5320","AALA202309136353","panel",0,"FUSELAGE MISCELLANEOUS STRUCTURE"
33330,25,"Equipment / Furnishings","2560","AALA202306194546","other",1,"EMERGENCY EQUIPMENT"
30084,25,"Equipment / Furnishings","2560","AALA202306203205","other",1,"EMERGENCY EQUIPMENT"
29527,53,"Fuselage","5320","AALA202306206548","panel",0,"FUSELAGE MISCELLANEOUS STRUCTURE"
33519,55,"Stabilizers","5510","AALA202309205786","other",0,"HORIZONTAL STABILIZER STRUCTURE"
44471,25,"Equipment / Furnishings","2560","AALA202304171130","door",1,"EMERGENCY EQUIPMENT"
29514,26,"Fire Protection","2610","AALA202309213932","other",2,"DETECTION SYSTEM"
31165,33,"Lights","3350","AALA202309259720","other",1,"EMERGENCY LIGHTING"
29548,52,"Doors","5250","AALA202306080560","hinge",0,"FIXED INNER DOORS"
31071,55,"Stabilizers","5510","AALA202306277297","other",0,"HORIZONTAL STABILIZER STRUCTURE"
31200,25,"Equipment / Furnishings","2560","AALA202308210984","other",1,"EMERGENCY EQUIPMENT"
29514,55,"Stabilizers","5510","AALA202308217345","other",0,"HORIZONTAL STABILIZER STRUCTURE"
44450,25,"Equipment / Furnishings","2560","AALA202308217332","pack",1,"EMERGENCY EQUIPMENT"
29513,53,"Fuselage","5320","AALA202309271792","panel",0,"FUSELAGE MISCELLANEOUS STRUCTURE"
30095,52,"Doors","5250","AALA202309266887","door",3,"FIXED INNER DOORS"
30828,52,"Doors","5250","AALA202306284126","CND",0,"FIXED INNER DOORS"
29533,57,"Wings","5710","AALA202307263925","other",0,"WING, MAIN FRAME STRUCTURE"
44459,53,"Fuselage","5320","AALA202309274405","panel",0,"FUSELAGE MISCELLANEOUS STRUCTURE"
29504,53,"Fuselage","5320","AALA202309275691","other",0,"FUSELAGE MISCELLANEOUS STRUCTURE"
31133,53,"Fuselage","5320","AALA202309277590","other",0,"FUSELAGE MISCELLANEOUS STRUCTURE"
29511,53,"Fuselage","5340","AALA202307275726","other",0,"FUSELAGE MAIN, ATTACH FITTINGS"
30091,53,"Fuselage","5340","AALA202310258442","other",0,"FUSELAGE MAIN, ATTACH FITTINGS"
29558,34,"Navigation","3410","AALA202306307478","CND",3,"FLIGHT ENVIRONMENT DATA"
31133,53,"Fuselage","5320","AALA202309283959","other",0,"FUSELAGE MISCELLANEOUS STRUCTURE"
29543,53,"Fuselage","5340","AALA202308155936","other",0,"FUSELAGE MAIN, ATTACH FITTINGS"
29533,21,"Air Conditioning","2150","AALA202309285092","window",3,"CABIN COOLING SYSTEM"
29558,34,"Navigation","3410","AALA202307033263","module",3,"FLIGHT ENVIRONMENT DATA"
29513,53,"Fuselage","5320","AALA202310025762","other",0,"FUSELAGE MISCELLANEOUS STRUCTURE"
30088,33,"Lights","3350","AALA202503255162","door",1,"EMERGENCY LIGHTING"
30828,52,"Doors","5250","AALA202310047789","door",3,"FIXED INNER DOORS"
31231,33,"Lights","3350","AALA202307102069","other",1,"EMERGENCY LIGHTING"
33214,52,"Doors","5210","AALA202307115568","door",3,"PASSENGER/CREW DOORS"
29515,57,"Wings","5710","AALA202306022071","other",0,"WING, MAIN FRAME STRUCTURE"
30084,33,"Lights","3350","AALA202308095428","other",1,"EMERGENCY LIGHTING"
29514,53,"Fuselage","5320","AALA202308115184","panel",0,"FUSELAGE MISCELLANEOUS STRUCTURE"
33206,55,"Stabilizers","5510","AALA202308115067","other",0,"HORIZONTAL STABILIZER STRUCTURE"
33206,53,"Fuselage","5310","AALA202308113244","other",0,"FUSELAGE MAIN, STRUCTURE"
29515,53,"Fuselage","5310","AALA202306070968","other",0,"FUSELAGE MAIN, STRUCTURE"
29511,53,"Fuselage","5320","AALA202306076777","other",0,"FUSELAGE MISCELLANEOUS STRUCTURE"
29544,33,"Lights","3350","AALA202307136717","other",1,"EMERGENCY LIGHTING"
30095,53,"Fuselage","5310","AALA202308144773","other",0,"FUSELAGE MAIN, STRUCTURE"
33211,52,"Doors","5210","AALA202307143499","door",3,"PASSENGER/CREW DOORS"
44459,53,"Fuselage","5320","AALA202310104079","panel",0,"FUSELAGE MISCELLANEOUS STRUCTURE"
40767,53,"Fuselage","5320","AALA202308153735","other",0,"FUSELAGE MISCELLANEOUS STRUCTURE"
29511,53,"Fuselage","5320","AALA202306097894","panel",0,"FUSELAGE MISCELLANEOUS STRUCTURE"
30858,53,"Fuselage","5320","AALA202309082786","other",0,"FUSELAGE MISCELLANEOUS STRUCTURE"
40766,53,"Fuselage","5320","AALA202308172289","door",0,"FUSELAGE MISCELLANEOUS STRUCTURE"
30828,53,"Fuselage","5340","AALA202307197262","other",0,"FUSELAGE MAIN, ATTACH FITTINGS"
30828,53,"Fuselage","5340","AALA202307191912","other",0,"FUSELAGE MAIN, ATTACH FITTINGS"
31226,21,"Air Conditioning","2120","AALA202309115280","filter",3,"AIR DISTRIBUTION SYSTEM"
29513,33,"Lights","3350","AALA202306141825","CND",1,"EMERGENCY LIGHTING"
31133,53,"Fuselage","5320","AALA202309120531","other",0,"FUSELAGE MISCELLANEOUS STRUCTURE"
31160,32,"Landing Gear","3240","AALA202309121421","valve",3,"LANDING GEAR BRAKE SYSTEM"
30092,53,"Fuselage","5340","AALA202309139237","other",0,"FUSELAGE MAIN, ATTACH FITTINGS"
30092,53,"Fuselage","5340","AALA202309134502","other",0,"FUSELAGE MAIN, ATTACH FITTINGS"
29540,33,"Lights","3350","AALA202306194626","other",1,"EMERGENCY LIGHTING"
33346,53,"Fuselage","5320","AALA202306196742","panel",0,"FUSELAGE MISCELLANEOUS STRUCTURE"
40769,33,"Lights","3350","AALA202306161270","CND",1,"EMERGENCY LIGHTING"
31093,25,"Equipment / Furnishings","2560","AALA202306209604","battery",1,"EMERGENCY EQUIPMENT"
30090,53,"Fuselage","5300","AALA202306204568","other",0,"FUSELAGE STRUCTURE (GENERAL)"
29511,53,"Fuselage","5300","AALA202306211409","other",0,"FUSELAGE STRUCTURE (GENERAL)"
29511,53,"Fuselage","5320","AALA202306231165","panel",0,"FUSELAGE MISCELLANEOUS STRUCTURE"
30091,53,"Fuselage","5320","AALA202309273382","other",0,"FUSELAGE MISCELLANEOUS STRUCTURE"
29513,53,"Fuselage","5320","AALA202306308784","panel",0,"FUSELAGE MISCELLANEOUS STRUCTURE"
30091,53,"Fuselage","5340","AALA202310257795","other",0,"FUSELAGE MAIN, ATTACH FITTINGS"
29574,25,"Equipment / Furnishings","2560","AALA202307057764","door",1,"EMERGENCY EQUIPMENT"
33220,53,"Fuselage","5320","AALA202308073561","panel",0,"FUSELAGE MISCELLANEOUS STRUCTURE"
44465,33,"Lights","3350","AALA202308077978","other",1,"EMERGENCY LIGHTING"
29525,53,"Fuselage","5320","AALA202308101815","panel",0,"FUSELAGE MISCELLANEOUS STRUCTURE"
29525,53,"Fuselage","5320","AALA202308103780","other",0,"FUSELAGE MISCELLANEOUS STRUCTURE"
29525,53,"Fuselage","5320","AALA202308105565","other",0,"FUSELAGE MISCELLANEOUS STRUCTURE"
40769,32,"Landing Gear","3240","AALA202307145368","tire",3,"LANDING GEAR BRAKE SYSTEM"
29511,53,"Fuselage","5320","AALA202306077678","other",0,"FUSELAGE MISCELLANEOUS STRUCTURE"
40765,53,"Fuselage","5320","AALA202307143491","other",0,"FUSELAGE MISCELLANEOUS STRUCTURE"
29514,53,"Fuselage","5320","AALA202308147084","panel",0,"FUSELAGE MISCELLANEOUS STRUCTURE"
29543,53,"Fuselage","5320","AALA202308149922","other",0,"FUSELAGE MISCELLANEOUS STRUCTURE"
29513,53,"Fuselage","5310","AALA202308154600","other",0,"FUSELAGE MAIN, STRUCTURE"
29570,52,"Doors","5210","AALA202306094062","door",3,"PASSENGER/CREW DOORS"
31131,53,"Fuselage","5320","AALA202310115198","control rod",0,"FUSELAGE MISCELLANEOUS STRUCTURE"
29508,33,"Lights","3350","AALA202309213733","other",1,"EMERGENCY LIGHTING"
30094,53,"Fuselage","5340","AALA202310230275","other",0,"FUSELAGE MAIN, ATTACH FITTINGS"
30094,53,"Fuselage","5340","AALA202310235392","other",0,"FUSELAGE MAIN, ATTACH FITTINGS"
30094,53,"Fuselage","5340","AALA202310236086","other",0,"FUSELAGE MAIN, ATTACH FITTINGS"
44453,25,"Equipment / Furnishings","2560","AALA202306261571","door",1,"EMERGENCY EQUIPMENT"
29511,55,"Stabilizers","5510","AALA202306277036","other",0,"HORIZONTAL STABILIZER STRUCTURE"
31071,55,"Stabilizers","5510","AALA202306274340","other",0,"HORIZONTAL STABILIZER STRUCTURE"
29514,53,"Fuselage","5310","AALA202308212781","other",0,"FUSELAGE MAIN, STRUCTURE"
29525,55,"Stabilizers","5510","AALA202308212852","other",0,"HORIZONTAL STABILIZER STRUCTURE"
29514,53,"Fuselage","5320","AALA202307251303","door",0,"FUSELAGE MISCELLANEOUS STRUCTURE"
30599,52,"Doors","5250","AALA202309265761","door",0,"FIXED INNER DOORS"
30091,53,"Fuselage","5340","AALA202310254978","other",0,"FUSELAGE MAIN, ATTACH FITTINGS"
31273,53,"Fuselage","5320","AALA202308227823","panel",0,"FUSELAGE MISCELLANEOUS STRUCTURE"
40584,26,"Fire Protection","2610","AALA202308221394","engine",3,"DETECTION SYSTEM"
29504,53,"Fuselage","5320","AALA202309276364","other",0,"FUSELAGE MISCELLANEOUS STRUCTURE"
29513,53,"Fuselage","5320","AALA202309277389","panel",0,"FUSELAGE MISCELLANEOUS STRUCTURE"
29504,53,"Fuselage","5320","AALA202309278773","other",0,"FUSELAGE MISCELLANEOUS STRUCTURE"
30077,53,"Fuselage","5340","AALA202306290965","other",0,"FUSELAGE MAIN, ATTACH FITTINGS"
30077,53,"Fuselage","5340","AALA202306290441","other",0,"FUSELAGE MAIN, ATTACH FITTINGS"
29505,26,"Fire Protection","2610","AALA202308237325","module",3,"DETECTION SYSTEM"
31147,25,"Equipment / Furnishings","2560","AALA202308238662","other",1,"EMERGENCY EQUIPMENT"
29531,53,"Fuselage","5340","AALA202310252458","other",0,"FUSELAGE MAIN, ATTACH FITTINGS"
29567,56,"Windows","5610","AALA202307037731","window",3,"FLIGHT COMPARTMENT WINDOWS"
44472,33,"Lights","3350","AALA202307034950","pack",1,"EMERGENCY LIGHTING"
29548,52,"Doors","5250","AALA202309293201","door",0,"FIXED INNER DOORS"
44472,52,"Doors","5250","AALA202309199836","panel",0,"FIXED INNER DOORS"
29513,53,"Fuselage","5320","AALA202307053391","other",0,"FUSELAGE MISCELLANEOUS STRUCTURE"
44477,52,"Doors","5250","AALA202307055895","latch",0,"FIXED INNER DOORS"
31081,73,"Engine - Fuel And Control","7300","AALA202307066397","switch",0,"ENGINE FUEL AND CONTROL"
31190,52,"Doors","5250","AALA202307076766","latch",0,"FIXED INNER DOORS"
33319,25,"Equipment / Furnishings","2530","AALA202307073961","oven",3,"BUFFET/GALLEYS"
30828,52,"Doors","5250","AALA202310042290","door",3,"FIXED INNER DOORS"
31141,52,"Doors","5250","AALA202310044323","CND",0,"FIXED INNER DOORS"
29511,53,"Fuselage","5320","AALA202308073341","panel",0,"FUSELAGE MISCELLANEOUS STRUCTURE"
31131,53,"Fuselage","5320","AALA202310050114","other",0,"FUSELAGE MISCELLANEOUS STRUCTURE"
44487,21,"Air Conditioning","2120","AALA202307108244","CND",3,"AIR DISTRIBUTION SYSTEM"
31135,53,"Fuselage","5320","AALA202310066833","panel",0,"FUSELAGE MISCELLANEOUS STRUCTURE"
33220,53,"Fuselage","5310","AALA202308088004","other",0,"FUSELAGE MAIN, STRUCTURE"
29515,53,"Fuselage","5320","AALA202306028826","other",0,"FUSELAGE MISCELLANEOUS STRUCTURE"
33221,56,"Windows","5610","AALA202306053573","window",3,"FLIGHT COMPARTMENT WINDOWS"
29513,26,"Fire Protection","2610","AALA202306053333","CND",2,"DETECTION SYSTEM"
40767,53,"Fuselage","5320","AALA202308119782","panel",0,"FUSELAGE MISCELLANEOUS STRUCTURE"
31172,52,"Doors","5250","AALA202308115854","door",0,"FIXED INNER DOORS"
29514,53,"Fuselage","5340","AALA202308111828","other",0,"FUSELAGE MAIN, ATTACH FITTINGS"
40581,80,"Starting","8010","AALA202306064949","starter",3,"ENGINE CRANKING"
33205,55,"Stabilizers","5510","AALA202306077669","other",0,"HORIZONTAL STABILIZER STRUCTURE"
40766,53,"Fuselage","5340","AALA202308147821","other",0,"FUSELAGE MAIN, ATTACH FITTINGS"
44452,25,"Equipment / Furnishings","2560","AALA202307170055","other",1,"EMERGENCY EQUIPMENT"
29514,53,"Fuselage","5300","AALA202309066080","other",0,"FUSELAGE STRUCTURE (GENERAL)"
44453,56,"Windows","5610","AALA202306122770","window",0,"FLIGHT COMPARTMENT WINDOWS"
40768,53,"Fuselage","5310","AALA202309063002","other",0,"FUSELAGE MAIN, STRUCTURE"
29564,53,"Fuselage","5320","AALA202307184904","panel",0,"FUSELAGE MISCELLANEOUS STRUCTURE"
40766,53,"Fuselage","5320","AALA202308169827","panel",0,"FUSELAGE MISCELLANEOUS STRUCTURE"
33240,25,"Equipment / Furnishings","2560","AALA202306137117","door",1,"EMERGENCY EQUIPMENT"
30858,53,"Fuselage","5320","AALA202309081135","other",0,"FUSELAGE MISCELLANEOUS STRUCTURE"
31269,53,"Fuselage","5320","AALA202307204522","panel",0,"FUSELAGE MISCELLANEOUS STRUCTURE"
33318,52,"Doors","5210","AALA202308180596","door",0,"PASSENGER/CREW DOORS"
31135,55,"Stabilizers","5510","AALA202310137338","other",0,"HORIZONTAL STABILIZER STRUCTURE"
31133,53,"Fuselage","5320","AALA202309121422","other",0,"FUSELAGE MISCELLANEOUS STRUCTURE"
44466,32,"Landing Gear","3210","AALA202306152611","strut",3,"MAIN LANDING GEAR"
29527,53,"Fuselage","5320","AALA202306169630","other",0,"FUSELAGE MISCELLANEOUS STRUCTURE"
31127,53,"Fuselage","5320","AALA202306167018","other",0,"FUSELAGE MISCELLANEOUS STRUCTURE"
44480,33,"Lights","3350","AALA202309130252","other",1,"EMERGENCY LIGHTING"
31127,53,"Fuselage","5320","AALA202306214452","door",0,"FUSELAGE MISCELLANEOUS STRUCTURE"
33234,33,"Lights","3350","AALA202306232620","other",1,"EMERGENCY LIGHTING"
30077,53,"Fuselage","5340","AALA202306278195","other",0,"FUSELAGE MAIN, ATTACH FITTINGS"
30077,53,"Fuselage","5340","AALA202306278071","other",0,"FUSELAGE MAIN, ATTACH FITTINGS"
33331,51,"Standard Practices And Structures - General","5100","AALA202307267512","window",0,"STANDARD PRACTICES/STRUCTURES"
30077,53,"Fuselage","5340","AALA202306295399","other",0,"FUSELAGE MAIN, ATTACH FITTINGS"
31131,53,"Fuselage","5310","AALA202309288517","other",0,"FUSELAGE MAIN, STRUCTURE"
31158,51,"Standard Practices And Structures - General","5100","AALA202308074434","window",0,"STANDARD PRACTICES/STRUCTURES"
33220,53,"Fuselage","5320","AALA202308073616","panel",0,"FUSELAGE MISCELLANEOUS STRUCTURE"
31131,53,"Fuselage","5320","AALA202310054699","panel",0,"FUSELAGE MISCELLANEOUS STRUCTURE"
67990,25,"Equipment / Furnishings","2560","AALA202307102173","door",1,"EMERGENCY EQUIPMENT"
31135,53,"Fuselage","5310","AALA202310064507","other",0,"FUSELAGE MAIN, STRUCTURE"
29515,53,"Fuselage","5320","AALA202306020908","other",0,"FUSELAGE MISCELLANEOUS STRUCTURE"
44468,32,"Landing Gear","3240","AALA202308319762","brake",3,"LANDING GEAR BRAKE SYSTEM"
30078,34,"Navigation","3410","AALA202309015479","sensor",3,"FLIGHT ENVIRONMENT DATA"
29511,53,"Fuselage","5310","AALA202306075464","other",0,"FUSELAGE MAIN, STRUCTURE"
33209,33,"Lights","3350","AALA202307172199","other",1,"EMERGENCY LIGHTING"
29511,55,"Stabilizers","5510","AALA202307188466","other",0,"HORIZONTAL STABILIZER STRUCTURE"
30077,53,"Fuselage","5320","AALA202309131619","panel",0,"FUSELAGE MISCELLANEOUS STRUCTURE"
30077,53,"Fuselage","5320","AALA202309138108","other",0,"FUSELAGE MISCELLANEOUS STRUCTURE"
44465,33,"Lights","3350","AALA202306196022","other",1,"EMERGENCY LIGHTING"
31155,52,"Doors","5270","AALA202307247501","sensor",3,"DOOR WARNING SYSTEM"
29516,33,"Lights","3350","AALA202306261486","other",1,"EMERGENCY LIGHTING"
31083,25,"Equipment / Furnishings","2560","AALA202309267246","door",3,"EMERGENCY EQUIPMENT"
33328,52,"Doors","5250","AALA202307263918","latch",0,"FIXED INNER DOORS"
31273,53,"Fuselage","5320","AALA202308220323","panel",0,"FUSELAGE MISCELLANEOUS STRUCTURE"
29527,53,"Fuselage","5340","AALA202306297325","other",0,"FUSELAGE MAIN, ATTACH FITTINGS"
31215,25,"Equipment / Furnishings","2530","AALA202309112449","oven",3,"BUFFET/GALLEYS"
30091,53,"Fuselage","5340","AALA202310259405","other",0,"FUSELAGE MAIN, ATTACH FITTINGS"
30091,53,"Fuselage","5340","AALA202310255835","other",0,"FUSELAGE MAIN, ATTACH FITTINGS"
31133,53,"Fuselage","5320","AALA202309280265","other",0,"FUSELAGE MISCELLANEOUS STRUCTURE"
29568,49,"Airborne Auxiliary Power","4900","AALA202307311913","actuator",3,"AIRBORNE APU SYSTEM"
29525,57,"Wings","5710","AALA202308256420","door",0,"WING, MAIN FRAME STRUCTURE"
29514,53,"Fuselage","5320","AALA202308015994","other",0,"FUSELAGE MISCELLANEOUS STRUCTURE"
33219,53,"Fuselage","5320","AALA202307055841","door",0,"FUSELAGE MISCELLANEOUS STRUCTURE"
29514,53,"Fuselage","5320","AALA202308017310","other",0,"FUSELAGE MISCELLANEOUS STRUCTURE"
31077,33,"Lights","3350","AALA202308022746","other",1,"EMERGENCY LIGHTING"
30085,52,"Doors","5250","AALA202308258782","CND",0,"FIXED INNER DOORS"
30082,33,"Lights","3350","AALA202308049633","door",1,"EMERGENCY LIGHTING"
29515,53,"Fuselage","5320","AALA202306027219","other",0,"FUSELAGE MISCELLANEOUS STRUCTURE"
29515,53,"Fuselage","5320","AALA202306021763","other",0,"FUSELAGE MISCELLANEOUS STRUCTURE"
29537,53,"Fuselage","5320","AALA202306022852","other",0,"FUSELAGE MISCELLANEOUS STRUCTURE"
29515,53,"Fuselage","5320","AALA202306051290","other",0,"FUSELAGE MISCELLANEOUS STRUCTURE"
29544,53,"Fuselage","5340","AALA202307133547","other",0,"FUSELAGE MAIN, ATTACH FITTINGS"
33521,28,"Fuel","2800","AALA202309050300","CND",3,"AIRCRAFT FUEL SYSTEM"
30085,52,"Doors","5250","AALA202309050921","door",0,"FIXED INNER DOORS"
30095,53,"Fuselage","5310","AALA202308143153","other",0,"FUSELAGE MAIN, STRUCTURE"
30094,33,"Lights","3350","AALA202307140902","other",1,"EMERGENCY LIGHTING"
33205,33,"Lights","3350","AALA202308241423","other",1,"EMERGENCY LIGHTING"
29514,53,"Fuselage","5300","AALA202309061628","other",0,"FUSELAGE STRUCTURE (GENERAL)"
29514,53,"Fuselage","5300","AALA202309060253","other",0,"FUSELAGE STRUCTURE (GENERAL)"
33207,53,"Fuselage","5310","AALA202309065377","other",0,"FUSELAGE MAIN, STRUCTURE"
29513,53,"Fuselage","5320","AALA202307180132","other",0,"FUSELAGE MISCELLANEOUS STRUCTURE"
30094,53,"Fuselage","5310","AALA202309077642","panel",0,"FUSELAGE MAIN, STRUCTURE"
31203,25,"Equipment / Furnishings","2530","AALA202309071586","oven",1,"BUFFET/GALLEYS"
31097,56,"Windows","5610","AALA202306136682","CND",0,"FLIGHT COMPARTMENT WINDOWS"
33521,73,"Engine - Fuel And Control","7300","AALA202309084103","engine",3,"ENGINE FUEL AND CONTROL"
30858,53,"Fuselage","5320","AALA202309084397","other",0,"FUSELAGE MISCELLANEOUS STRUCTURE"
30828,53,"Fuselage","5340","AALA202307193532","other",0,"FUSELAGE MAIN, ATTACH FITTINGS"
33492,51,"Standard Practices And Structures - General","5100","AALA202307218615","window",0,"STANDARD PRACTICES/STRUCTURES"
31111,25,"Equipment / Furnishings","2560","AALA202309259685","door",1,"EMERGENCY EQUIPMENT"
29527,53,"Fuselage","5340","AALA202306161278","other",0,"FUSELAGE MAIN, ATTACH FITTINGS"
30092,53,"Fuselage","5340","AALA202309133101","other",0,"FUSELAGE MAIN, ATTACH FITTINGS"
40768,53,"Fuselage","5320","AALA202309138592","panel",0,"FUSELAGE MISCELLANEOUS STRUCTURE"
29527,53,"Fuselage","5320","AALA202306205182","panel",0,"FUSELAGE MISCELLANEOUS STRUCTURE"
30090,57,"Wings","5710","AALA202306218758","other",0,"WING, MAIN FRAME STRUCTURE"
29516,33,"Lights","3350","AALA202306211486","CND",1,"EMERGENCY LIGHTING"
29527,53,"Fuselage","5320","AALA202306235050","other",0,"FUSELAGE MISCELLANEOUS STRUCTURE"
29511,53,"Fuselage","5320","AALA202306231398","panel",0,"FUSELAGE MISCELLANEOUS STRUCTURE"
29511,53,"Fuselage","5310","AALA202306232019","other",0,"FUSELAGE MAIN, STRUCTURE"
30094,53,"Fuselage","5340","AALA202310238877","other",0,"FUSELAGE MAIN, ATTACH FITTINGS"
29527,53,"Fuselage","5320","AALA202306266129","other",0,"FUSELAGE MISCELLANEOUS STRUCTURE"
33219,53,"Fuselage","5320","AALA202306264794","other",0,"FUSELAGE MISCELLANEOUS STRUCTURE"
44455,29,"Hydraulic Power","2910","AALA202309254469","pump",3,"HYDRAULIC SYSTEM, MAIN"
30600,21,"Air Conditioning","2120","AALA202309264301","valve",2,"AIR DISTRIBUTION SYSTEM"
29515,33,"Lights","3350","AALA202306284134","other",1,"EMERGENCY LIGHTING"
40582,72,"Engine","7200","AALA202309264692","engine",3,"ENGINE (TURBINE/TURBOPROP)"
30077,53,"Fuselage","5340","AALA202306292844","other",0,"FUSELAGE MAIN, ATTACH FITTINGS"
31133,53,"Fuselage","5310","AALA202309273304","other",0,"FUSELAGE MAIN, STRUCTURE"
29577,25,"Equipment / Furnishings","2560","AALA202309276218","door",1,"EMERGENCY EQUIPMENT"
31133,53,"Fuselage","5320","AALA202309278616","door",0,"FUSELAGE MISCELLANEOUS STRUCTURE"
31133,53,"Fuselage","5320","AALA202309277112","other",0,"FUSELAGE MISCELLANEOUS STRUCTURE"
29527,53,"Fuselage","5310","AALA202306306619","other",0,"FUSELAGE MAIN, STRUCTURE"
29513,53,"Fuselage","5320","AALA202306309106","panel",0,"FUSELAGE MISCELLANEOUS STRUCTURE"
29533,21,"Air Conditioning","2150","AALA202309282070","window",3,"CABIN COOLING SYSTEM"
31197,52,"Doors","5250","AALA202307313284","latch",0,"FIXED INNER DOORS"
29514,53,"Fuselage","5320","AALA202308019301","other",0,"FUSELAGE MISCELLANEOUS STRUCTURE"
29511,53,"Fuselage","5310","AALA202307057255","other",0,"FUSELAGE MAIN, STRUCTURE"
30828,52,"Doors","5250","AALA202308010479","door",0,"FIXED INNER DOORS"
29514,53,"Fuselage","5320","AALA202308017743","other",0,"FUSELAGE MISCELLANEOUS STRUCTURE"
30828,53,"Fuselage","5320","AALA202308023789","door",0,"FUSELAGE MISCELLANEOUS STRUCTURE"
31177,25,"Equipment / Furnishings","2500","AALA202309295291","other",3,"CABIN EQUIPMENT/FURNISHINGS"
29513,53,"Fuselage","5320","AALA202310029661","other",0,"FUSELAGE MISCELLANEOUS STRUCTURE"
30095,53,"Fuselage","5310","AALA202308145412","other",0,"FUSELAGE MAIN, STRUCTURE"
30080,53,"Fuselage","5310","AALA202308144000","other",0,"FUSELAGE MAIN, STRUCTURE"
29543,53,"Fuselage","5320","AALA202308144207","other",0,"FUSELAGE MISCELLANEOUS STRUCTURE"
31219,52,"Doors","5250","AALA202308157138","latch",0,"FIXED INNER DOORS"
29565,52,"Doors","5270","AALA202306090361","switch",0,"DOOR WARNING SYSTEM"
31127,53,"Fuselage","5320","AALA202306126084","other",0,"FUSELAGE MISCELLANEOUS STRUCTURE"
29564,53,"Fuselage","5340","AALA202307187886","other",0,"FUSELAGE MAIN, ATTACH FITTINGS"
29514,53,"Fuselage","5340","AALA202308162342","other",0,"FUSELAGE MAIN, ATTACH FITTINGS"
30858,53,"Fuselage","5320","AALA202309085229","other",0,"FUSELAGE MISCELLANEOUS STRUCTURE"
33316,27,"Flight Controls","2720","AALA202309080865","control unit",3,"RUDDER CONTROL SYSTEM"
29511,53,"Fuselage","5300","AALA202306149995","other",0,"FUSELAGE STRUCTURE (GENERAL)"
31133,53,"Fuselage","5320","AALA202309129749","panel",0,"FUSELAGE MISCELLANEOUS STRUCTURE"
30077,53,"Fuselage","5320","AALA202309122851","other",0,"FUSELAGE MISCELLANEOUS STRUCTURE"
33231,25,"Equipment / Furnishings","2530","AALA202309139985","oven",1,"BUFFET/GALLEYS"
31230,52,"Doors","5250","AALA202309143198","hinge",0,"FIXED INNER DOORS"
31071,53,"Fuselage","5310","AALA202306211242","other",0,"FUSELAGE MAIN, STRUCTURE"
33346,53,"Fuselage","5320","AALA202306219933","panel",0,"FUSELAGE MISCELLANEOUS STRUCTURE"
33346,53,"Fuselage","5320","AALA202306210202","panel",0,"FUSELAGE MISCELLANEOUS STRUCTURE"
33211,52,"Doors","5250","AALA202309197353","door",0,"FIXED INNER DOORS"
33222,52,"Doors","5250","AALA202309196459","door",0,"FIXED INNER DOORS"
31111,52,"Doors","5250","AALA202309198816","latch",0,"FIXED INNER DOORS"
33519,55,"Stabilizers","5510","AALA202309206148","other",0,"HORIZONTAL STABILIZER STRUCTURE"
31077,57,"Wings","5740","AALA202309216277","other",0,"WING, ATTACH FITTINGS"
30077,55,"Stabilizers","5510","AALA202309217320","other",0,"HORIZONTAL STABILIZER STRUCTURE"
44455,29,"Hydraulic Power","2910","AALA202309223972","CND",3,"HYDRAULIC SYSTEM, MAIN"
29565,55,"Stabilizers","5510","AALA202307213790","panel",0,"HORIZONTAL STABILIZER STRUCTURE"
30094,53,"Fuselage","5340","AALA202310234486","other",0,"FUSELAGE MAIN, ATTACH FITTINGS"
29520,52,"Doors","5250","AALA202306086598","door",0,"FIXED INNER DOORS"
40584,26,"Fire Protection","2610","AALA202308214097","CND",3,"DETECTION SYSTEM"
30084,52,"Doors","5250","AALA202309266158","door",0,"FIXED INNER DOORS"
29513,53,"Fuselage","5320","AALA202309279600","other",0,"FUSELAGE MISCELLANEOUS STRUCTURE"
29515,52,"Doors","5210","AALA202306287737","door",0,"PASSENGER/CREW DOORS"
29533,57,"Wings","5710","AALA202307261157","other",0,"WING, MAIN FRAME STRUCTURE"
29513,53,"Fuselage","5310","AALA202307267270","other",0,"FUSELAGE MAIN, STRUCTURE"
29533,57,"Wings","5710","AALA202307264480","other",0,"WING, MAIN FRAME STRUCTURE"
31273,53,"Fuselage","5320","AALA202308223958","panel",0,"FUSELAGE MISCELLANEOUS STRUCTURE"
30091,53,"Fuselage","5320","AALA202309272392","other",0,"FUSELAGE MISCELLANEOUS STRUCTURE"
30091,53,"Fuselage","5320","AALA202309276789","other",0,"FUSELAGE MISCELLANEOUS STRUCTURE"
29513,53,"Fuselage","5320","AALA202309279799","panel",0,"FUSELAGE MISCELLANEOUS STRUCTURE"
29531,53,"Fuselage","5340","AALA202310256733","other",0,"FUSELAGE MAIN, ATTACH FITTINGS"
29531,52,"Doors","5200","AALA202306303988","CND",0,"DOORS"
29513,53,"Fuselage","5320","AALA202306303032","other",0,"FUSELAGE MISCELLANEOUS STRUCTURE"
33227,53,"Fuselage","5340","AALA202307030127","hinge",0,"FUSELAGE MAIN, ATTACH FITTINGS"
40766,34,"Navigation","3410","AALA202307035060","other",3,"FLIGHT ENVIRONMENT DATA"
31133,53,"Fuselage","5310","AALA202309289074","other",0,"FUSELAGE MAIN, STRUCTURE"
31071,32,"Landing Gear","3250","AALA202307033033","other",2,"LANDING GEAR STEERING SYSTEM"
30600,33,"Lights","3350","AALA202307316867","other",3,"EMERGENCY LIGHTING"
33219,53,"Fuselage","5320","AALA202307050116","panel",0,"FUSELAGE MISCELLANEOUS STRUCTURE"
33219,53,"Fuselage","5320","AALA202307055410","other",0,"FUSELAGE MISCELLANEOUS STRUCTURE"
31173,51,"Standard Practices And Structures - General","5100","AALA202308045035","window",0,"STANDARD PRACTICES/STRUCTURES"
29542,53,"Fuselage","5320","AALA202308292043","other",0,"FUSELAGE MISCELLANEOUS STRUCTURE"
29542,53,"Fuselage","5320","AALA202308298733","other",0,"FUSELAGE MISCELLANEOUS STRUCTURE"
33486,25,"Equipment / Furnishings","2560","AALA202308030810","pack",3,"EMERGENCY EQUIPMENT"
29557,53,"Fuselage","5330","AALA202308038403","other",0,"FUSELAGE MAIN, PLATE/SKIN"
30078,29,"Hydraulic Power","2910","AALA202308044396","engine",3,"HYDRAULIC SYSTEM, MAIN"
31192,25,"Equipment / Furnishings","2530","AALA202307109572","other",3,"BUFFET/GALLEYS"
29515,53,"Fuselage","5320","AALA202306026340","other",0,"FUSELAGE MISCELLANEOUS STRUCTURE"
33219,53,"Fuselage","5310","AALA202306218960","other",0,"FUSELAGE MAIN, STRUCTURE"
29537,53,"Fuselage","5320","AALA202306028551","other",0,"FUSELAGE MISCELLANEOUS STRUCTURE"
31236,52,"Doors","5250","AALA202308094059","latch",0,"FIXED INNER DOORS"
29525,53,"Fuselage","5320","AALA202308105360","other",0,"FUSELAGE MISCELLANEOUS STRUCTURE"
40766,53,"Fuselage","5320","AALA202308118847","other",0,"FUSELAGE MISCELLANEOUS STRUCTURE"
33206,55,"Stabilizers","5510","AALA202308110271","other",0,"HORIZONTAL STABILIZER STRUCTURE"
31233,52,"Doors","5250","AALA202308111157","latch",0,"FIXED INNER DOORS"
29543,53,"Fuselage","5320","AALA202308140207","other",0,"FUSELAGE MISCELLANEOUS STRUCTURE"
31172,33,"Lights","3350","AALA202306076978","other",1,"EMERGENCY LIGHTING"
29543,53,"Fuselage","5320","AALA202308148801","other",0,"FUSELAGE MISCELLANEOUS STRUCTURE"
29515,53,"Fuselage","5320","AALA202306027641","other",0,"FUSELAGE MISCELLANEOUS STRUCTURE"
33208,72,"Engine","7200","AALA202309054001","engine",3,"ENGINE (TURBINE/TURBOPROP)"
30085,33,"Lights","3350","AALA202306091707","battery",1,"EMERGENCY LIGHTING"
31129,53,"Fuselage","5320","AALA202307183760","panel",0,"FUSELAGE MISCELLANEOUS STRUCTURE"
29568,28,"Fuel","2800","AALA202311086858","CND",3,"AIRCRAFT FUEL SYSTEM"
33256,53,"Fuselage","5310","AALA202308169516","other",0,"FUSELAGE MAIN, STRUCTURE"
40766,53,"Fuselage","5320","AALA202308163302","other",0,"FUSELAGE MISCELLANEOUS STRUCTURE"
31133,33,"Lights","3350","AALA202308169452","door",1,"EMERGENCY LIGHTING"
33317,29,"Hydraulic Power","2910","AALA202308171434","pump",3,"HYDRAULIC SYSTEM, MAIN"
30828,53,"Fuselage","5340","AALA202307193004","other",0,"FUSELAGE MAIN, ATTACH FITTINGS"
29568,25,"Equipment / Furnishings","2560","AALA202306131205","pack",1,"EMERGENCY EQUIPMENT"
29513,53,"Fuselage","5310","AALA202307204786","other",0,"FUSELAGE MAIN, STRUCTURE"
31075,33,"Lights","3350","AALA202307206136","door",1,"EMERGENCY LIGHTING"
31273,21,"Air Conditioning","2130","AALA202309119176","valve",3,"CABIN PRESSURE CONTROL SYSTEM"
33241,25,"Equipment / Furnishings","2560","AALA202306147817","door",1,"EMERGENCY EQUIPMENT"
29517,34,"Navigation","3410","AALA202306153183","CND",3,"FLIGHT ENVIRONMENT DATA"
33519,55,"Stabilizers","5510","AALA202309124458","other",0,"HORIZONTAL STABILIZER STRUCTURE"
29527,53,"Fuselage","5320","AALA202306163629","other",0,"FUSELAGE MISCELLANEOUS STRUCTURE"
31127,53,"Fuselage","5310","AALA202306168635","other",0,"FUSELAGE MAIN, STRUCTURE"
31127,53,"Fuselage","5320","AALA202306186569","other",0,"FUSELAGE MISCELLANEOUS STRUCTURE"
31127,53,"Fuselage","5320","AALA202306187353","other",0,"FUSELAGE MISCELLANEOUS STRUCTURE"
30092,53,"Fuselage","5340","AALA202309132935","other",0,"FUSELAGE MAIN, ATTACH FITTINGS"
30077,53,"Fuselage","5320","AALA202309137962","other",0,"FUSELAGE MISCELLANEOUS STRUCTURE"
30090,53,"Fuselage","5300","AALA202306207127","other",0,"FUSELAGE STRUCTURE (GENERAL)"
33219,53,"Fuselage","5320","AALA202306216924","door",0,"FUSELAGE MISCELLANEOUS STRUCTURE"
29532,32,"Landing Gear","3230","AALA202309185996","switch",3,"LANDING GEAR RETRACT/EXTEND SYSTEM"
29545,53,"Fuselage","5320","AALA202306238163","door",0,"FUSELAGE MISCELLANEOUS STRUCTURE"
29565,56,"Windows","5610","AALA202306268085","window",3,"FLIGHT COMPARTMENT WINDOWS"
30920,33,"Lights","3350","AALA202309254834","other",1,"EMERGENCY LIGHTING"
44455,29,"Hydraulic Power","2930","AALA202309253972","pump",3,"HYDRAULIC INDICATING SYSTEM"
29505,26,"Fire Protection","2610","AALA202308217325","CND",3,"DETECTION SYSTEM"
31071,55,"Stabilizers","5510","AALA202306272223","other",0,"HORIZONTAL STABILIZER STRUCTURE"
29531,53,"Fuselage","5340","AALA202310254011","other",0,"FUSELAGE MAIN, ATTACH FITTINGS"
29531,57,"Wings","5710","AALA202310255652","other",0,"WING, MAIN FRAME STRUCTURE"
30914,52,"Doors","5210","AALA202307051638","door",0,"PASSENGER/CREW DOORS"
31093,33,"Lights","3350","AALA202307063670","pack",1,"EMERGENCY LIGHTING"
29535,52,"Doors","5210","AALA202307060834","door",3,"PASSENGER/CREW DOORS"
30077,53,"Fuselage","5310","AALA202310034058","other",0,"FUSELAGE MAIN, STRUCTURE"
44459,53,"Fuselage","5320","AALA202310036595","panel",0,"FUSELAGE MISCELLANEOUS STRUCTURE"
30078,29,"Hydraulic Power","2910","AALA202308049161","engine",3,"HYDRAULIC SYSTEM, MAIN"
44475,52,"Doors","5210","AALA202304034949","door",0,"PASSENGER/CREW DOORS"
33220,53,"Fuselage","5320","AALA202308110823","other",0,"FUSELAGE MISCELLANEOUS STRUCTURE"
31196,53,"Fuselage","5330","AALA202307184074","door",0,"FUSELAGE MAIN, PLATE/SKIN"
31111,25,"Equipment / Furnishings","2560","AALA202306129931","door",1,"EMERGENCY EQUIPMENT"
31149,56,"Windows","5610","AALA202308150761","window",0,"FLIGHT COMPARTMENT WINDOWS"
33521,73,"Engine - Fuel And Control","7300","AALA202309080300","engine",3,"ENGINE FUEL AND CONTROL"
31127,53,"Fuselage","5320","AALA202306160350","panel",0,"FUSELAGE MISCELLANEOUS STRUCTURE"
29517,34,"Navigation","3410","AALA202306163183","probe",3,"FLIGHT ENVIRONMENT DATA"
33346,57,"Wings","5720","AALA202306164124","other",0,"WING MISCELLANEOUS STRUCTURE"
30092,53,"Fuselage","5340","AALA202309130842","other",0,"FUSELAGE MAIN, ATTACH FITTINGS"
30092,53,"Fuselage","5340","AALA202309131723","other",0,"FUSELAGE MAIN, ATTACH FITTINGS"
31127,53,"Fuselage","5320","AALA202306165445","other",0,"FUSELAGE MISCELLANEOUS STRUCTURE"
29527,53,"Fuselage","5320","AALA202306199217","other",0,"FUSELAGE MISCELLANEOUS STRUCTURE"
29576,33,"Lights","3350","AALA202309141243","other",1,"EMERGENCY LIGHTING"
33234,33,"Lights","3350","AALA202306238601","other",1,"EMERGENCY LIGHTING"
31083,52,"Doors","5250","AALA202307245174","switch",0,"FIXED INNER DOORS"
33487,23,"Communication","2330","AALA202306264457","other",3,"ENTERTAINMENT SYSTEM"
30916,25,"Equipment / Furnishings","2560","AALA202309256944","pack",1,"EMERGENCY EQUIPMENT"
29527,53,"Fuselage","5340","AALA202306294823","other",0,"FUSELAGE MAIN, ATTACH FITTINGS"
29527,53,"Fuselage","5340","AALA202306292566","other",0,"FUSELAGE MAIN, ATTACH FITTINGS"
29513,53,"Fuselage","5320","AALA202309278153","panel",0,"FUSELAGE MISCELLANEOUS STRUCTURE"
29504,53,"Fuselage","5320","AALA202309278932","other",0,"FUSELAGE MISCELLANEOUS STRUCTURE"
29504,53,"Fuselage","5320","AALA202309273938","other",0,"FUSELAGE MISCELLANEOUS STRUCTURE"
30091,53,"Fuselage","5320","AALA202309277725","other",0,"FUSELAGE MISCELLANEOUS STRUCTURE"
29539,52,"Doors","5210","AALA202309289020","door",3,"PASSENGER/CREW DOORS"
29514,53,"Fuselage","5320","AALA202308019261","other",0,"FUSELAGE MISCELLANEOUS STRUCTURE"
29513,53,"Fuselage","5320","AALA202310029031","other",0,"FUSELAGE MISCELLANEOUS STRUCTURE"
29516,25,"Equipment / Furnishings","2560","AALA202308292669","other",1,"EMERGENCY EQUIPMENT"
33220,53,"Fuselage","5320","AALA202308079965","panel",0,"FUSELAGE MISCELLANEOUS STRUCTURE"
33220,53,"Fuselage","5320","AALA202308078497","other",0,"FUSELAGE MISCELLANEOUS STRUCTURE"
31158,25,"Equipment / Furnishings","2560","AALA202307101668","door",1,"EMERGENCY EQUIPMENT"
29511,55,"Stabilizers","5510","AALA202308086112","other",0,"HORIZONTAL STABILIZER STRUCTURE"
29525,53,"Fuselage","5320","AALA202308091619","other",0,"FUSELAGE MISCELLANEOUS STRUCTURE"
40766,53,"Fuselage","5320","AALA202308094936","other",0,"FUSELAGE MISCELLANEOUS STRUCTURE"
29511,53,"Fuselage","5320","AALA202306023125","other",0,"FUSELAGE MISCELLANEOUS STRUCTURE"
29515,53,"Fuselage","5320","AALA202306025862","other",0,"FUSELAGE MISCELLANEOUS STRUCTURE"
29535,52,"Doors","5250","AALA202305239096","door",0,"FIXED INNER DOORS"
29568,33,"Lights","3350","AALA202410116839","other",1,"EMERGENCY LIGHTING"
68101,52,"Doors","5220","AALA202309053599","panel",0,"EMERGENCY EXITS"
30916,28,"Fuel","2820","AALA202308113847","switch",1,"ACFT FUEL DISTRIB. SYSTEM"
30099,52,"Doors","5250","AALA202309054778","switch",0,"FIXED INNER DOORS"
33205,55,"Stabilizers","5510","AALA202306077704","other",0,"HORIZONTAL STABILIZER STRUCTURE"
40767,53,"Fuselage","5320","AALA202308143982","panel",0,"FUSELAGE MISCELLANEOUS STRUCTURE"
40765,53,"Fuselage","5320","AALA202307149630","other",0,"FUSELAGE MISCELLANEOUS STRUCTURE"
33206,51,"Standard Practices And Structures - General","5100","AALA202307142829","window",0,"STANDARD PRACTICES/STRUCTURES"
40765,53,"Fuselage","5310","AALA202307140778","other",0,"FUSELAGE MAIN, STRUCTURE"
31171,52,"Doors","5210","AALA202309050339","door",0,"PASSENGER/CREW DOORS"
30828,53,"Fuselage","5340","AALA202307198968","other",0,"FUSELAGE MAIN, ATTACH FITTINGS"
30090,53,"Fuselage","5300","AALA202306200412","other",0,"FUSELAGE STRUCTURE (GENERAL)"
30090,53,"Fuselage","5300","AALA202306200637","other",0,"FUSELAGE STRUCTURE (GENERAL)"
29555,53,"Fuselage","5310","AALA202306206189","door",0,"FUSELAGE MAIN, STRUCTURE"
33519,55,"Stabilizers","5510","AALA202309215161","other",0,"HORIZONTAL STABILIZER STRUCTURE"
40768,53,"Fuselage","5320","AALA202309218390","panel",0,"FUSELAGE MISCELLANEOUS STRUCTURE"
40768,55,"Stabilizers","5510","AALA202309215065","other",0,"HORIZONTAL STABILIZER STRUCTURE"
33489,52,"Doors","5250","AALA202309206826","door",0,"FIXED INNER DOORS"
30084,52,"Doors","5250","AALA202309209637","latch",0,"FIXED INNER DOORS"
33519,55,"Stabilizers","5510","AALA202309200375","other",0,"HORIZONTAL STABILIZER STRUCTURE"
29520,53,"Fuselage","5320","AALA202304051264","other",0,"FUSELAGE MISCELLANEOUS STRUCTURE"
31141,52,"Doors","5250","AALA202304059560","CND",0,"FIXED INNER DOORS"
31192,52,"Doors","5210","AALA202305154727","door",0,"PASSENGER/CREW DOORS"
40764,53,"Fuselage","5320","AALA202305251865","panel",0,"FUSELAGE MISCELLANEOUS STRUCTURE"
40764,53,"Fuselage","5320","AALA202305257622","panel",0,"FUSELAGE MISCELLANEOUS STRUCTURE"
31197,33,"Lights","3350","AALA202305028934","other",1,"EMERGENCY LIGHTING"
31226,21,"Air Conditioning","2120","AALA202305304252","fan",3,"AIR DISTRIBUTION SYSTEM"
31218,52,"Doors","5250","AALA202305307756","door",0,"FIXED INNER DOORS"
31258,27,"Flight Controls","2750","AALA202305303646","sensor",3,"TE FLAP CONTROL SYSTEM"
44457,25,"Equipment / Furnishings","2560","AALA202304132275","other",1,"EMERGENCY EQUIPMENT"
30598,78,"Exhaust","7830","AALA202304176485","CND",0,"THRUST REVERSER"
31067,55,"Stabilizers","5510","AALA202304171653","other",0,"HORIZONTAL STABILIZER STRUCTURE"
31103,21,"Air Conditioning","2100","AALA202305163620","engine",3,"AIR CONDITIONING SYSTEM"
29570,55,"Stabilizers","5510","AALA202305198985","other",0,"HORIZONTAL STABILIZER STRUCTURE"
40762,53,"Fuselage","5320","AALA202304252564","other",0,"FUSELAGE MISCELLANEOUS STRUCTURE"
29537,52,"Doors","5250","AALA202304288588","panel",0,"FIXED INNER DOORS"
29507,51,"Standard Practices And Structures - General","5100","AALA202304282102","CND",0,"STANDARD PRACTICES/STRUCTURES"
31202,72,"Engine","7200","AALA202305047739","CND",3,"ENGINE (TURBINE/TURBOPROP)"
31165,33,"Lights","3350","AALA202304240206","door",1,"EMERGENCY LIGHTING"
31244,52,"Doors","5250","AALA202304198674","latch",0,"FIXED INNER DOORS"
31147,27,"Flight Controls","2750","AALA202304280689","other",3,"TE FLAP CONTROL SYSTEM"
33491,52,"Doors","5250","AALA202305254903","door",0,"FIXED INNER DOORS"
29512,52,"Doors","5210","AALA202305308431","door",0,"PASSENGER/CREW DOORS"
29512,52,"Doors","5210","AALA202305306020","door",0,"PASSENGER/CREW DOORS"
40767,33,"Lights","3350","AALA202304182972","door",1,"EMERGENCY LIGHTING"
30099,33,"Lights","3350","AALA202305086370","other",3,"EMERGENCY LIGHTING"
40764,53,"Fuselage","5320","AALA202305117207","panel",0,"FUSELAGE MISCELLANEOUS STRUCTURE"
31202,73,"Engine - Fuel And Control","7310","AALA202305117739","engine",3,"ENGINE FUEL DISTRIBUTION"
40764,53,"Fuselage","5310","AALA202305169980","wheel",0,"FUSELAGE MAIN, STRUCTURE"
29528,52,"Doors","5200","AALA202305229145","CND",0,"DOORS"
29520,53,"Fuselage","5310","AALA202304180290","other",0,"FUSELAGE MAIN, STRUCTURE"
29535,53,"Fuselage","5320","AALA202310249140","other",0,"FUSELAGE MISCELLANEOUS STRUCTURE"
30099,27,"Flight Controls","2750","AALA202305017136","sensor",3,"TE FLAP CONTROL SYSTEM"
40764,53,"Fuselage","5330","AALA202305256940","other",0,"FUSELAGE MAIN, PLATE/SKIN"
40763,53,"Fuselage","5320","AALA202305256965","panel",0,"FUSELAGE MISCELLANEOUS STRUCTURE"
31234,32,"Landing Gear","3240","AALA202305313343","wheel",3,"LANDING GEAR BRAKE SYSTEM"
31272,25,"Equipment / Furnishings","2560","AALA202305093894","other",1,"EMERGENCY EQUIPMENT"
44485,52,"Doors","5250","AALA202305102237","panel",0,"FIXED INNER DOORS"
30600,51,"Standard Practices And Structures - General","5100","AALA202306125057","window",0,"STANDARD PRACTICES/STRUCTURES"
29507,33,"Lights","3350","AALA202304243164","other",1,"EMERGENCY LIGHTING"
29503,25,"Equipment / Furnishings","2560","AALA202304241416","battery",1,"EMERGENCY EQUIPMENT"
29535,52,"Doors","5250","AALA202305196864","door",0,"FIXED INNER DOORS"
31067,55,"Stabilizers","5510","AALA202304262926","other",0,"HORIZONTAL STABILIZER STRUCTURE"
29535,53,"Fuselage","5320","AALA202310249707","other",0,"FUSELAGE MISCELLANEOUS STRUCTURE"
31105,21,"Air Conditioning","2150","AALA202305248568","pack",3,"CABIN COOLING SYSTEM"
29540,33,"Lights","3350","AALA202305106844","door",1,"EMERGENCY LIGHTING"
31218,33,"Lights","3350","AALA202304212857","other",1,"EMERGENCY LIGHTING"
31141,52,"Doors","5250","AALA202304119560","door",0,"FIXED INNER DOORS"
29520,53,"Fuselage","5330","AALA202305052608","door",0,"FUSELAGE MAIN, PLATE/SKIN"
29520,33,"Lights","3350","AALA202305054198","other",1,"EMERGENCY LIGHTING"
31151,52,"Doors","5210","AALA202304135074","door",0,"PASSENGER/CREW DOORS"
30093,21,"Air Conditioning","2150","AALA202305096239","valve",3,"CABIN COOLING SYSTEM"
44482,33,"Lights","3350","AALA202305093433","other",1,"EMERGENCY LIGHTING"
31265,53,"Fuselage","5320","AALA202305097564","other",0,"FUSELAGE MISCELLANEOUS STRUCTURE"
33344,53,"Fuselage","5320","AALA202304171602","door",0,"FUSELAGE MISCELLANEOUS STRUCTURE"
29540,33,"Lights","3350","AALA202305102069","door",1,"EMERGENCY LIGHTING"
30097,33,"Lights","3350","AALA202305126228","other",1,"EMERGENCY LIGHTING"
31190,53,"Fuselage","5320","AALA202305172172","other",0,"FUSELAGE MISCELLANEOUS STRUCTURE"
29540,57,"Wings","5710","AALA202305171331","other",0,"WING, MAIN FRAME STRUCTURE"
40762,53,"Fuselage","5330","AALA202304254812","other",0,"FUSELAGE MAIN, PLATE/SKIN"
29536,52,"Doors","5250","AALA202305191321","latch",0,"FIXED INNER DOORS"
31258,27,"Flight Controls","2750","AALA202305225530","sensor",3,"TE FLAP CONTROL SYSTEM"
31143,52,"Doors","5250","AALA202304268765","hinge",0,"FIXED INNER DOORS"
30083,53,"Fuselage","5320","AALA202305236285","other",0,"FUSELAGE MISCELLANEOUS STRUCTURE"
31105,21,"Air Conditioning","2150","AALA202305246496","duct",3,"CABIN COOLING SYSTEM"
29566,56,"Windows","5610","AALA202305010331","window",3,"FLIGHT COMPARTMENT WINDOWS"
31151,52,"Doors","5210","AALA202304055074","CND",0,"PASSENGER/CREW DOORS"
30858,52,"Doors","5210","AALA202304054645","latch",0,"PASSENGER/CREW DOORS"
31229,25,"Equipment / Furnishings","2560","AALA202304069699","door",1,"EMERGENCY EQUIPMENT"
40579,21,"Air Conditioning","2120","AALA202305269452","filter",3,"AIR DISTRIBUTION SYSTEM"
31226,21,"Air Conditioning","2120","AALA202305306338","fan",3,"AIR DISTRIBUTION SYSTEM"
31097,33,"Lights","3350","AALA202305301483","door",1,"EMERGENCY LIGHTING"
29520,53,"Fuselage","5310","AALA202305054097","control rod",0,"FUSELAGE MAIN, STRUCTURE"
29520,33,"Lights","3350","AALA202305058550","door",1,"EMERGENCY LIGHTING"
31265,53,"Fuselage","5320","AALA202305099276","panel",0,"FUSELAGE MISCELLANEOUS STRUCTURE"
29541,52,"Doors","5210","AALA202306013409","CND",0,"PASSENGER/CREW DOORS"
29520,53,"Fuselage","5340","AALA202304172919","other",0,"FUSELAGE MAIN, ATTACH FITTINGS"
29520,53,"Fuselage","5310","AALA202305112262","other",0,"FUSELAGE MAIN, STRUCTURE"
40763,53,"Fuselage","5320","AALA202305119314","other",0,"FUSELAGE MISCELLANEOUS STRUCTURE"
29540,57,"Wings","5710","AALA202305175735","other",0,"WING, MAIN FRAME STRUCTURE"
29520,53,"Fuselage","5310","AALA202304183482","other",0,"FUSELAGE MAIN, STRUCTURE"
30083,53,"Fuselage","5320","AALA202305237224","other",0,"FUSELAGE MISCELLANEOUS STRUCTURE"
30083,53,"Fuselage","5320","AALA202305233759","other",0,"FUSELAGE MISCELLANEOUS STRUCTURE"
29528,53,"Fuselage","5320","AALA202304052966","panel",0,"FUSELAGE MISCELLANEOUS STRUCTURE"
33321,52,"Doors","5250","AALA202305254653","door",0,"FIXED INNER DOORS"
44451,34,"Navigation","3440","AALA202305164656","other",3,"INDEPENDENT POS. DETERMINING SYSTEM"
29515,53,"Fuselage","5320","AALA202305257580","panel",0,"FUSELAGE MISCELLANEOUS STRUCTURE"
29515,53,"Fuselage","5320","AALA202305258496","panel",0,"FUSELAGE MISCELLANEOUS STRUCTURE"
29515,53,"Fuselage","5300","AALA202305312859","other",0,"FUSELAGE STRUCTURE (GENERAL)"
30858,33,"Lights","3350","AALA202304175156","battery",1,"EMERGENCY LIGHTING"
31272,25,"Equipment / Furnishings","2560","AALA202304174233","other",1,"EMERGENCY EQUIPMENT"
44456,56,"Windows","5610","AALA202308292772","window",0,"FLIGHT COMPARTMENT WINDOWS"
29564,26,"Fire Protection","2610","AALA202305102856","other",2,"DETECTION SYSTEM"
33256,32,"Landing Gear","3230","AALA202305165481","module",3,"LANDING GEAR RETRACT/EXTEND SYSTEM"
30086,57,"Wings","5700","AALA202304256625","other",0,"WING STRUCTURE"
33228,53,"Fuselage","5320","AALA202305221799","panel",3,"FUSELAGE MISCELLANEOUS STRUCTURE"
44450,53,"Fuselage","5320","AALA202304281689","other",3,"FUSELAGE MISCELLANEOUS STRUCTURE"
30083,53,"Fuselage","5340","AALA202310252021","other",0,"FUSELAGE MAIN, ATTACH FITTINGS"
30598,78,"Exhaust","7830","AALA202305020231","engine",0,"THRUST REVERSER"
44469,52,"Doors","5250","AALA202305027590","latch",0,"FIXED INNER DOORS"
29515,53,"Fuselage","5320","AALA202305305188","panel",0,"FUSELAGE MISCELLANEOUS STRUCTURE"
33210,53,"Fuselage","5340","AALA202304107049","hinge",0,"FUSELAGE MAIN, ATTACH FITTINGS"
30091,25,"Equipment / Furnishings","2560","AALA202304119753","CND",1,"EMERGENCY EQUIPMENT"
30085,53,"Fuselage","5300","AALA202305300782","other",0,"FUSELAGE STRUCTURE (GENERAL)"
29528,55,"Stabilizers","5510","AALA202304145673","panel",0,"HORIZONTAL STABILIZER STRUCTURE"
33225,26,"Fire Protection","2610","AALA202305127371","engine",3,"DETECTION SYSTEM"
44478,36,"Pneumatic","3610","AALA202305120711","engine",3,"PNEUMATIC DISTRIBUTION SYSTEM"
29511,53,"Fuselage","5340","AALA202305175828","door",0,"FUSELAGE MAIN, ATTACH FITTINGS"
33490,52,"Doors","5250","AALA202305178509","door",0,"FIXED INNER DOORS"
29539,33,"Lights","3350","AALA202304240278","battery",1,"EMERGENCY LIGHTING"
30086,57,"Wings","5700","AALA202304257667","other",0,"WING STRUCTURE"
40765,52,"Doors","5210","AALA202304258842","latch",3,"PASSENGER/CREW DOORS"
29536,52,"Doors","5250","AALA202305199006","door",0,"FIXED INNER DOORS"
30091,25,"Equipment / Furnishings","2560","AALA202304269753","door",1,"EMERGENCY EQUIPMENT"
30914,28,"Fuel","2800","AALA202305226445","CND",3,"AIRCRAFT FUEL SYSTEM"
33486,52,"Doors","5220","AALA202305014228","CND",0,"EMERGENCY EXITS"
31258,27,"Flight Controls","2750","AALA202304040364","other",3,"TE FLAP CONTROL SYSTEM"
30083,53,"Fuselage","5340","AALA202310259104","other",0,"FUSELAGE MAIN, ATTACH FITTINGS"
31273,33,"Lights","3350","AALA202304056407","circuit breaker",1,"EMERGENCY LIGHTING"
29520,53,"Fuselage","5310","AALA202305038507","other",0,"FUSELAGE MAIN, STRUCTURE"
30085,53,"Fuselage","5300","AALA202305301127","other",0,"FUSELAGE STRUCTURE (GENERAL)"
29512,52,"Doors","5220","AALA202304113658","door",0,"EMERGENCY EXITS"
31069,55,"Stabilizers","5510","AALA202305058998","other",0,"HORIZONTAL STABILIZER STRUCTURE"
31069,55,"Stabilizers","5510","AALA202305050425","other",0,"HORIZONTAL STABILIZER STRUCTURE"
29547,34,"Navigation","3410","AALA202305089440","other",3,"FLIGHT ENVIRONMENT DATA"
44484,52,"Doors","5250","AALA202305081521","latch",0,"FIXED INNER DOORS"
33205,55,"Stabilizers","5510","AALA202306011349","other",0,"HORIZONTAL STABILIZER STRUCTURE"
33247,53,"Fuselage","5310","AALA202304175008","other",0,"FUSELAGE MAIN, STRUCTURE"
44448,52,"Doors","5250","AALA202304177893","latch",0,"FIXED INNER DOORS"
44478,36,"Pneumatic","3610","AALA202305122732","engine",3,"PNEUMATIC DISTRIBUTION SYSTEM"
40763,53,"Fuselage","5320","AALA202305173652","other",0,"FUSELAGE MISCELLANEOUS STRUCTURE"
40763,53,"Fuselage","5320","AALA202305175473","panel",0,"FUSELAGE MISCELLANEOUS STRUCTURE"
29540,57,"Wings","5710","AALA202305179724","other",0,"WING, MAIN FRAME STRUCTURE"
29507,53,"Fuselage","5320","AALA202305224248","window",0,"FUSELAGE MISCELLANEOUS STRUCTURE"
29543,56,"Windows","5610","AALA202304187274","window",3,"FLIGHT COMPARTMENT WINDOWS"
33344,53,"Fuselage","5310","AALA202304183037","panel",0,"FUSELAGE MAIN, STRUCTURE"
30089,52,"Doors","5220","AALA202304193036","CND",0,"EMERGENCY EXITS"
29515,53,"Fuselage","5320","AALA202305269355","panel",0,"FUSELAGE MISCELLANEOUS STRUCTURE"
33248,25,"Equipment / Furnishings","2560","AALA202305095944","other",1,"EMERGENCY EQUIPMENT"
33225,26,"Fire Protection","2610","AALA202305097371","CND",3,"DETECTION SYSTEM"
44471,52,"Doors","5250","AALA202304176342","latch",0,"FIXED INNER DOORS"
31143,52,"Doors","5250","AALA202305155723","door",0,"FIXED INNER DOORS"
31135,56,"Windows","5610","AALA202305161114","window",0,"FLIGHT COMPARTMENT WINDOWS"
31161,25,"Equipment / Furnishings","2560","AALA202304129869","door",1,"EMERGENCY EQUIPMENT"
31103,21,"Air Conditioning","2130","AALA202305167395","engine",3,"CABIN PRESSURE CONTROL SYSTEM"
29540,33,"Lights","3350","AALA202305175604","pack",1,"EMERGENCY LIGHTING"
29574,49,"Airborne Auxiliary Power","4990","AALA202304261306","apu component",3,"APU OIL SYSTEM"
29515,53,"Fuselage","5320","AALA202305223777","panel",0,"FUSELAGE MISCELLANEOUS STRUCTURE"
29515,53,"Fuselage","5320","AALA202305229633","panel",0,"FUSELAGE MISCELLANEOUS STRUCTURE"
31081,52,"Doors","5210","AALA202304193651","latch",0,"PASSENGER/CREW DOORS"
33328,25,"Equipment / Furnishings","2560","AALA202305253241","door",1,"EMERGENCY EQUIPMENT"
31107,25,"Equipment / Furnishings","2560","AALA202304042042","door",1,"EMERGENCY EQUIPMENT"
30083,53,"Fuselage","5340","AALA202310256842","other",0,"FUSELAGE MAIN, ATTACH FITTINGS"
29528,52,"Doors","5250","AALA202304217993","door",0,"FIXED INNER DOORS"
31147,52,"Doors","5210","AALA202304212499","door",0,"PASSENGER/CREW DOORS"
29503,25,"Equipment / Furnishings","2560","AALA202304105207","door",1,"EMERGENCY EQUIPMENT"
33344,53,"Fuselage","5310","AALA202305033165","other",0,"FUSELAGE MAIN, STRUCTURE"
30085,53,"Fuselage","5300","AALA202305300935","other",0,"FUSELAGE STRUCTURE (GENERAL)"
30085,53,"Fuselage","5300","AALA202305303393","other",0,"FUSELAGE STRUCTURE (GENERAL)"
29518,53,"Fuselage","5330","AALA202305309860","other",0,"FUSELAGE MAIN, PLATE/SKIN"
30916,25,"Equipment / Furnishings","2560","AALA202304199592","CND",1,"EMERGENCY EQUIPMENT"
30098,52,"Doors","5210","AALA202305314574","door",3,"PASSENGER/CREW DOORS"
40764,34,"Navigation","3400","AALA202304141322","probe",0,"NAVIGATION SYSTEM"
29528,25,"Equipment / Furnishings","2560","AALA202304174839","door",1,"EMERGENCY EQUIPMENT"
31202,73,"Engine - Fuel And Control","7310","AALA202305115493","engine",3,"ENGINE FUEL DISTRIBUTION"
40763,53,"Fuselage","5320","AALA202305150574","other",0,"FUSELAGE MISCELLANEOUS STRUCTURE"
31103,21,"Air Conditioning","2130","AALA202305161692","engine",3,"CABIN PRESSURE CONTROL SYSTEM"
31155,25,"Equipment / Furnishings","2560","AALA202304248644","door",1,"EMERGENCY EQUIPMENT"
29515,53,"Fuselage","5320","AALA202305225020","panel",0,"FUSELAGE MISCELLANEOUS STRUCTURE"
29516,25,"Equipment / Furnishings","2560","AALA202305011513","door",1,"EMERGENCY EQUIPMENT"
30095,52,"Doors","5250","AALA202305262547","door",0,"FIXED INNER DOORS"
44477,25,"Equipment / Furnishings","2560","AALA202304144688","door",1,"EMERGENCY EQUIPMENT"
33239,33,"Lights","3350","AALA202305093003","battery",1,"EMERGENCY LIGHTING"
29515,53,"Fuselage","5310","AALA202305107130","control rod",0,"FUSELAGE MAIN, STRUCTURE"
40764,53,"Fuselage","5320","AALA202305117502","panel",0,"FUSELAGE MISCELLANEOUS STRUCTURE"
29540,57,"Wings","5710","AALA202305179165","other",0,"WING, MAIN FRAME STRUCTURE"
29545,52,"Doors","5240","AALA202304249103","door",0,"SERVICE DOORS"
31218,33,"Lights","3350","AALA202304212841","other",1,"EMERGENCY LIGHTING"
33213,52,"Doors","5210","AALA202304108589","door",3,"PASSENGER/CREW DOORS"
33330,25,"Equipment / Furnishings","2560","AALA202305301499","door",3,"EMERGENCY EQUIPMENT"
29525,72,"Engine","7200","AALA202305317032","tire",0,"ENGINE (TURBINE/TURBOPROP)"
29515,53,"Fuselage","5320","AALA202305317987","other",0,"FUSELAGE MISCELLANEOUS STRUCTURE"
29520,53,"Fuselage","5320","AALA202305098264","other",0,"FUSELAGE MISCELLANEOUS STRUCTURE"
31277,25,"Equipment / Furnishings","2560","AALA202305099623","door",1,"EMERGENCY EQUIPMENT"
40763,53,"Fuselage","5320","AALA202305101211","panel",0,"FUSELAGE MISCELLANEOUS STRUCTURE"
29515,53,"Fuselage","5320","AALA202305113103","other",0,"FUSELAGE MISCELLANEOUS STRUCTURE"
29515,55,"Stabilizers","5510","AALA202305118236","other",0,"HORIZONTAL STABILIZER STRUCTURE"
30600,51,"Standard Practices And Structures - General","5100","AALA202306055057","CND",0,"STANDARD PRACTICES/STRUCTURES"
30828,33,"Lights","3350","AALA202304174215","circuit breaker",1,"EMERGENCY LIGHTING"
29520,53,"Fuselage","5320","AALA202305128264","engine",0,"FUSELAGE MISCELLANEOUS STRUCTURE"
29515,53,"Fuselage","5320","AALA202305127126","door",0,"FUSELAGE MISCELLANEOUS STRUCTURE"
29562,52,"Doors","5250","AALA202305157170","door",0,"FIXED INNER DOORS"
30600,55,"Stabilizers","5510","AALA202305173003","other",0,"HORIZONTAL STABILIZER STRUCTURE"
33486,51,"Standard Practices And Structures - General","5100","AALA202306124228","window",0,"STANDARD PRACTICES/STRUCTURES"
31210,53,"Fuselage","5320","AALA202305184382","window",0,"FUSELAGE MISCELLANEOUS STRUCTURE"
30086,53,"Fuselage","5300","AALA202304255425","other",0,"FUSELAGE STRUCTURE (GENERAL)"
30086,53,"Fuselage","5300","AALA202304253458","other",0,"FUSELAGE STRUCTURE (GENERAL)"
30086,53,"Fuselage","5300","AALA202304255774","other",0,"FUSELAGE STRUCTURE (GENERAL)"
40762,53,"Fuselage","5320","AALA202304251147","other",0,"FUSELAGE MISCELLANEOUS STRUCTURE"
33228,33,"Lights","3350","AALA202305190273","door",1,"EMERGENCY LIGHTING"
29569,55,"Stabilizers","5510","AALA202304262928","other",0,"HORIZONTAL STABILIZER STRUCTURE"
33241,56,"Windows","5610","AALA202304266710","window",3,"FLIGHT COMPARTMENT WINDOWS"
31067,55,"Stabilizers","5510","AALA202304262771","other",0,"HORIZONTAL STABILIZER STRUCTURE"
33227,25,"Equipment / Furnishings","2560","AALA202304265913","door",3,"EMERGENCY EQUIPMENT"
29515,53,"Fuselage","5320","AALA202305225192","other",0,"FUSELAGE MISCELLANEOUS STRUCTURE"
30083,53,"Fuselage","5320","AALA202305233900","other",0,"FUSELAGE MISCELLANEOUS STRUCTURE"
30094,25,"Equipment / Furnishings","2560","AALA202305225294","door",1,"EMERGENCY EQUIPMENT"
29535,53,"Fuselage","5320","AALA202310249796","other",0,"FUSELAGE MISCELLANEOUS STRUCTURE"
31067,55,"Stabilizers","5510","AALA202304205100","other",0,"HORIZONTAL STABILIZER STRUCTURE"
29517,27,"Flight Controls","2750","AALA202305010125","switch",2,"TE FLAP CONTROL SYSTEM"
30082,52,"Doors","5210","AALA202305244470","CND",3,"PASSENGER/CREW DOORS"
31105,21,"Air Conditioning","2150","AALA202305244769","pack",3,"CABIN COOLING SYSTEM"
30086,34,"Navigation","3460","AALA202304046273","relay",3,"FLT MANAGE. COMPUTING HARDWARE SYS"
30083,53,"Fuselage","5340","AALA202310251698","other",0,"FUSELAGE MAIN, ATTACH FITTINGS"
29520,55,"Stabilizers","5520","AALA202304058272","other",0,"ELEVATOR STRUCTURE"
33227,52,"Doors","5250","AALA202305258498","latch",0,"FIXED INNER DOORS"
29515,53,"Fuselage","5320","AALA202305258174","other",0,"FUSELAGE MISCELLANEOUS STRUCTURE"
40763,53,"Fuselage","5320","AALA202305251056","panel",0,"FUSELAGE MISCELLANEOUS STRUCTURE"
29564,52,"Doors","5250","AALA202305024417","door",0,"FIXED INNER DOORS"
40582,52,"Doors","5250","AALA202304068463","door",0,"FIXED INNER DOORS"
30085,53,"Fuselage","5300","AALA202305303760","other",0,"FUSELAGE STRUCTURE (GENERAL)"
33521,33,"Lights","3350","AALA202305044193","other",1,"EMERGENCY LIGHTING"
30085,53,"Fuselage","5300","AALA202305303479","other",0,"FUSELAGE STRUCTURE (GENERAL)"
29530,25,"Equipment / Furnishings","2560","AALA202304192638","door",1,"EMERGENCY EQUIPMENT"
30085,53,"Fuselage","5300","AALA202305304123","other",0,"FUSELAGE STRUCTURE (GENERAL)"
44476,52,"Doors","5250","AALA202305309228","panel",0,"FIXED INNER DOORS"
29520,57,"Wings","5710","AALA202305058265","panel",0,"WING, MAIN FRAME STRUCTURE"
40766,33,"Lights","3350","AALA202304136048","switch",1,"EMERGENCY LIGHTING"
40768,26,"Fire Protection","2600","AALA202305121974","other",3,"FIRE PROTECTION SYSTEM"
33225,26,"Fire Protection","2610","AALA202305120879","engine",3,"DETECTION SYSTEM"
31103,36,"Pneumatic","3600","AALA202305162596","engine",3,"PNEUMATIC SYSTEM"
29540,57,"Wings","5710","AALA202305174279","other",0,"WING, MAIN FRAME STRUCTURE"
29540,57,"Wings","5710","AALA202305177516","other",0,"WING, MAIN FRAME STRUCTURE"
29540,57,"Wings","5710","AALA202305176148","other",0,"WING, MAIN FRAME STRUCTURE"
33334,72,"Engine","7200","AALA202304263357","engine",3,"ENGINE (TURBINE/TURBOPROP)"
30083,53,"Fuselage","5320","AALA202305238466","other",0,"FUSELAGE MISCELLANEOUS STRUCTURE"
31210,25,"Equipment / Furnishings","2560","AALA202305085251","door",1,"EMERGENCY EQUIPMENT"
30099,27,"Flight Controls","2750","AALA202304286430","other",3,"TE FLAP CONTROL SYSTEM"
31244,25,"Equipment / Furnishings","2560","AALA202305016094","door",1,"EMERGENCY EQUIPMENT"
31073,52,"Doors","5210","AALA202305246548","door",3,"PASSENGER/CREW DOORS"
31176,28,"Fuel","2820","AALA202304057336","pump",3,"ACFT FUEL DISTRIB. SYSTEM"
29528,53,"Fuselage","5320","AALA202304053968","panel",0,"FUSELAGE MISCELLANEOUS STRUCTURE"
31190,52,"Doors","5250","AALA202305311529","panel",0,"FIXED INNER DOORS"
30912,25,"Equipment / Furnishings","2560","AALA202305087280","door",1,"EMERGENCY EQUIPMENT"
31081,52,"Doors","5250","AALA202305084240","door",0,"FIXED INNER DOORS"
30081,52,"Doors","5210","AALA202304240009","door",3,"PASSENGER/CREW DOORS"
33240,33,"Lights","3350","AALA202304249435","battery",1,"EMERGENCY LIGHTING"
33210,52,"Doors","5250","AALA202304245332","door",0,"FIXED INNER DOORS"
29570,55,"Stabilizers","5510","AALA202305196651","other",0,"HORIZONTAL STABILIZER STRUCTURE"
29515,53,"Fuselage","5320","AALA202305221261","other",0,"FUSELAGE MISCELLANEOUS STRUCTURE"
29535,53,"Fuselage","5320","AALA202310241740","other",0,"FUSELAGE MISCELLANEOUS STRUCTURE"
31071,52,"Doors","5250","AALA202305018798","panel",0,"FIXED INNER DOORS"
30908,52,"Doors","5210","AALA202304219738","sensor",0,"PASSENGER/CREW DOORS"
31161,25,"Equipment / Furnishings","2560","AALA202304109869","CND",1,"EMERGENCY EQUIPMENT"
30082,52,"Doors","5210","AALA202305254470","door",3,"PASSENGER/CREW DOORS"
30082,52,"Doors","5210","AALA202305252208","door",3,"PASSENGER/CREW DOORS"
30085,53,"Fuselage","5300","AALA202305309550","other",0,"FUSELAGE STRUCTURE (GENERAL)"
33322,52,"Doors","5250","AALA202304110816","latch",0,"FIXED INNER DOORS"
33488,52,"Doors","5210","AALA202305310885","control rod",3,"PASSENGER/CREW DOORS"
44460,56,"Windows","5610","AALA202305119280","window",0,"FLIGHT COMPARTMENT WINDOWS"
29575,79,"Oil","7900","AALA202305120396","engine",3,"ENGINE OIL SYSTEM (AIRFRAME)"
31069,51,"Standard Practices And Structures - General","5100","AALA202307139883","window",0,"STANDARD PRACTICES/STRUCTURES"
31153,33,"Lights","3350","AALA202305162308","battery",1,"EMERGENCY LIGHTING"
31103,21,"Air Conditioning","2100","AALA202305162546","engine",3,"AIR CONDITIONING SYSTEM"
29548,52,"Doors","5250","AALA202304199967","door",0,"FIXED INNER DOORS"
44454,33,"Lights","3350","AALA202304286384","other",1,"EMERGENCY LIGHTING"
29515,53,"Fuselage","5310","AALA202305233441","other",0,"FUSELAGE MAIN, STRUCTURE"
29528,53,"Fuselage","5320","AALA202304044534","other",0,"FUSELAGE MISCELLANEOUS STRUCTURE"
40763,53,"Fuselage","5320","AALA202305255775","panel",0,"FUSELAGE MISCELLANEOUS STRUCTURE"
31091,52,"Doors","5250","AALA202304101722","door",0,"FIXED INNER DOORS"
40579,21,"Air Conditioning","2120","AALA202305268641","filter",3,"AIR DISTRIBUTION SYSTEM"
31073,52,"Doors","5210","AALA202305262403","door",3,"PASSENGER/CREW DOORS"
31069,55,"Stabilizers","5510","AALA202305044761","other",0,"HORIZONTAL STABILIZER STRUCTURE"
31093,52,"Doors","5250","AALA202304106334","hinge",0,"FIXED INNER DOORS"
29520,33,"Lights","3350","AALA202305050326","door",1,"EMERGENCY LIGHTING"
44471,33,"Lights","3350","AALA202305301008","window",1,"EMERGENCY LIGHTING"
29515,53,"Fuselage","5320","AALA202305316243","door",0,"FUSELAGE MISCELLANEOUS STRUCTURE"
31234,33,"Lights","3350","AALA202405303865","other",1,"EMERGENCY LIGHTING"
31265,53,"Fuselage","5320","AALA202305093929","panel",0,"FUSELAGE MISCELLANEOUS STRUCTURE"
29570,53,"Fuselage","5330","AALA202305106540","other",0,"FUSELAGE MAIN, PLATE/SKIN"
29515,53,"Fuselage","5320","AALA202306079114","other",0,"FUSELAGE MISCELLANEOUS STRUCTURE"
30085,53,"Fuselage","5310","AALA202306092791","other",0,"FUSELAGE MAIN, STRUCTURE"
40765,52,"Doors","5210","AALA202304249178","control rod",3,"PASSENGER/CREW DOORS"
33345,53,"Fuselage","5320","AALA202305191963","other",0,"FUSELAGE MISCELLANEOUS STRUCTURE"
33345,53,"Fuselage","5320","AALA202305190893","panel",0,"FUSELAGE MISCELLANEOUS STRUCTURE"
29515,53,"Fuselage","5320","AALA202305225927","panel",0,"FUSELAGE MISCELLANEOUS STRUCTURE"
30083,53,"Fuselage","5320","AALA202305231117","other",0,"FUSELAGE MISCELLANEOUS STRUCTURE"
33233,56,"Windows","5610","AALA202305304706","window",0,"FLIGHT COMPARTMENT WINDOWS"
29546,25,"Equipment / Furnishings","2560","AALA202305306899","battery",1,"EMERGENCY EQUIPMENT"
33487,52,"Doors","5250","AALA202304120576","CND",0,"FIXED INNER DOORS"
31069,51,"Standard Practices And Structures - General","5100","AALA202306019883","CND",0,"STANDARD PRACTICES/STRUCTURES"
29520,53,"Fuselage","5320","AALA202304178487","other",0,"FUSELAGE MISCELLANEOUS STRUCTURE"
33345,53,"Fuselage","5320","AALA202305195766","panel",0,"FUSELAGE MISCELLANEOUS STRUCTURE"
40762,53,"Fuselage","5320","AALA202304254298","other",0,"FUSELAGE MISCELLANEOUS STRUCTURE"
29569,55,"Stabilizers","5510","AALA202304260078","other",0,"HORIZONTAL STABILIZER STRUCTURE"
33487,52,"Doors","5250","AALA202304180576","door",0,"FIXED INNER DOORS"
31099,26,"Fire Protection","2610","AALA202304195306","other",2,"DETECTION SYSTEM"
29535,53,"Fuselage","5320","AALA202310247934","other",0,"FUSELAGE MISCELLANEOUS STRUCTURE"
29535,53,"Fuselage","5320","AALA202310247269","other",0,"FUSELAGE MISCELLANEOUS STRUCTURE"
31218,33,"Lights","3350","AALA202304202841","CND",1,"EMERGENCY LIGHTING"
31107,33,"Lights","3350","AALA202304041850","door",1,"EMERGENCY LIGHTING"
44470,25,"Equipment / Furnishings","2560","AALA202305012632","other",1,"EMERGENCY EQUIPMENT"
40763,53,"Fuselage","5320","AALA202305258351","panel",0,"FUSELAGE MISCELLANEOUS STRUCTURE"
29506,53,"Fuselage","5320","AALA202304100468","hinge",0,"FUSELAGE MISCELLANEOUS STRUCTURE"
44459,33,"Lights","3350","AALA202304103269","pack",1,"EMERGENCY LIGHTING"
29520,53,"Fuselage","5320","AALA202305050007","other",0,"FUSELAGE MISCELLANEOUS STRUCTURE"
33345,53,"Fuselage","5320","AALA202305307007","other",0,"FUSELAGE MISCELLANEOUS STRUCTURE"
29520,33,"Lights","3350","AALA202305052606","other",1,"EMERGENCY LIGHTING"
31067,56,"Windows","5610","AALA202304138892","window",0,"FLIGHT COMPARTMENT WINDOWS"
33207,27,"Flight Controls","2740","AALA202304136836","other",3,"STABILIZER CONTROL SYSTEM"
30084,25,"Equipment / Furnishings","2560","AALA202305312486","pack",1,"EMERGENCY EQUIPMENT"
33223,52,"Doors","5210","AALA202305088258","door",0,"PASSENGER/CREW DOORS"
31157,56,"Windows","5610","AALA202305090664","window",0,"FLIGHT COMPARTMENT WINDOWS"
31265,53,"Fuselage","5320","AALA202305092762","other",0,"FUSELAGE MISCELLANEOUS STRUCTURE"
40764,53,"Fuselage","5320","AALA202305107293","other",0,"FUSELAGE MISCELLANEOUS STRUCTURE"
31265,53,"Fuselage","5320","AALA202305103693","panel",0,"FUSELAGE MISCELLANEOUS STRUCTURE"
40764,53,"Fuselage","5340","AALA202305128182","other",0,"FUSELAGE MAIN, ATTACH FITTINGS"
31097,52,"Doors","5250","AALA202305150465","door",0,"FIXED INNER DOORS"
33345,53,"Fuselage","5320","AALA202305156053","other",0,"FUSELAGE MISCELLANEOUS STRUCTURE"
40763,53,"Fuselage","5320","AALA202305172358","other",0,"FUSELAGE MISCELLANEOUS STRUCTURE"
29515,53,"Fuselage","5320","AALA202305178328","other",0,"FUSELAGE MISCELLANEOUS STRUCTURE"
29540,57,"Wings","5710","AALA202305170765","other",0,"WING, MAIN FRAME STRUCTURE"
29540,57,"Wings","5710","AALA202305174844","other",0,"WING, MAIN FRAME STRUCTURE"
30086,57,"Wings","5710","AALA202304255915","other",0,"WING, MAIN FRAME STRUCTURE"
30086,57,"Wings","5700","AALA202304259946","other",0,"WING STRUCTURE"
30086,53,"Fuselage","5300","AALA202304256510","other",0,"FUSELAGE STRUCTURE (GENERAL)"
30083,53,"Fuselage","5320","AALA202305233430","other",0,"FUSELAGE MISCELLANEOUS STRUCTURE"
29535,53,"Fuselage","5320","AALA202304283440","other",0,"FUSELAGE MISCELLANEOUS STRUCTURE"
44449,33,"Lights","3350","AALA202304204338","door",1,"EMERGENCY LIGHTING"
31073,25,"Equipment / Furnishings","2510","AALA202305242403","CND",3,"FLIGHT COMPARTMENT EQUIPMENT"
29515,53,"Fuselage","5310","AALA202501242318","door",0,"FUSELAGE MAIN, STRUCTURE"
31077,33,"Lights","3350","AALA202305097269","other",1,"EMERGENCY LIGHTING"
33330,21,"Air Conditioning","2150","AALA202305248744","pack",3,"CABIN COOLING SYSTEM"
30598,78,"Exhaust","7830","AALA202305028145","engine",0,"THRUST REVERSER"
30598,78,"Exhaust","7830","AALA202305026485","engine",0,"THRUST REVERSER"
29511,53,"Fuselage","5320","AALA202305252474","door",0,"FUSELAGE MISCELLANEOUS STRUCTURE"
31258,27,"Flight Controls","2750","AALA202305044445","switch",3,"TE FLAP CONTROL SYSTEM"
30085,53,"Fuselage","5300","AALA202305300575","other",0,"FUSELAGE STRUCTURE (GENERAL)"
30097,52,"Doors","5250","AALA202305300630","panel",0,"FIXED INNER DOORS"
31258,27,"Flight Controls","2750","AALA202305300669","sensor",3,"TE FLAP CONTROL SYSTEM"
31258,27,"Flight Controls","2750","AALA202305302809","sensor",3,"TE FLAP CONTROL SYSTEM"
31230,52,"Doors","5210","AALA202305309865","door",0,"PASSENGER/CREW DOORS"
29520,52,"Doors","5210","AALA202305089948","control rod",0,"PASSENGER/CREW DOORS"
33345,25,"Equipment / Furnishings","2560","AALA202305082986","door",1,"EMERGENCY EQUIPMENT"
33345,25,"Equipment / Furnishings","2560","AALA202305088351","door",1,"EMERGENCY EQUIPMENT"
44478,72,"Engine","7230","AALA202305129630","engine",3,"TURBINE ENGINE COMPRESSOR SECTION"
30600,55,"Stabilizers","5510","AALA202305173842","other",0,"HORIZONTAL STABILIZER STRUCTURE"
40764,53,"Fuselage","5310","AALA202305177264","other",0,"FUSELAGE MAIN, STRUCTURE"
31155,33,"Lights","3350","AALA202305170904","other",1,"EMERGENCY LIGHTING"
30085,26,"Fire Protection","2600","AALA202304245344","panel",2,"FIRE PROTECTION SYSTEM"
30085,26,"Fire Protection","2600","AALA202304244323","panel",2,"FIRE PROTECTION SYSTEM"
33345,53,"Fuselage","5320","AALA202305195875","other",0,"FUSELAGE MISCELLANEOUS STRUCTURE"
30599,56,"Windows","5610","AALA202305193617","window",3,"FLIGHT COMPARTMENT WINDOWS"
40762,53,"Fuselage","5320","AALA202304255678","other",0,"FUSELAGE MISCELLANEOUS STRUCTURE"
29507,53,"Fuselage","5320","AALA202305222102","window",0,"FUSELAGE MISCELLANEOUS STRUCTURE"
31147,33,"Lights","3350","AALA202304262090","battery",1,"EMERGENCY LIGHTING"
30083,53,"Fuselage","5320","AALA202305237011","other",0,"FUSELAGE MISCELLANEOUS STRUCTURE"
31095,52,"Doors","5210","AALA202305228330","door",3,"PASSENGER/CREW DOORS"
29535,53,"Fuselage","5320","AALA202310246273","other",0,"FUSELAGE MISCELLANEOUS STRUCTURE"
29516,25,"Equipment / Furnishings","2560","AALA202304286285","door",1,"EMERGENCY EQUIPMENT"
29518,34,"Navigation","3400","AALA202304288686","other",3,"NAVIGATION SYSTEM"
30086,34,"Navigation","3460","AALA202304049496","relay",3,"FLT MANAGE. COMPUTING HARDWARE SYS"
30083,53,"Fuselage","5340","AALA202310256140","other",0,"FUSELAGE MAIN, ATTACH FITTINGS"
30083,53,"Fuselage","5340","AALA202310253027","other",0,"FUSELAGE MAIN, ATTACH FITTINGS"
30083,53,"Fuselage","5340","AALA202310253738","other",0,"FUSELAGE MAIN, ATTACH FITTINGS"
31171,52,"Doors","5250","AALA202304120761","door",0,"FIXED INNER DOORS"
29515,53,"Fuselage","5300","AALA202305318513","other",0,"FUSELAGE STRUCTURE (GENERAL)"
29503,52,"Doors","5200","AALA202305081848","door",0,"DOORS"
31073,56,"Windows","5610","AALA202305085749","window",3,"FLIGHT COMPARTMENT WINDOWS"
30099,33,"Lights","3350","AALA202305086664","other",3,"EMERGENCY LIGHTING"
30099,52,"Doors","5250","AALA202305089304","latch",3,"FIXED INNER DOORS"
31241,33,"Lights","3350","AALA202305110168","other",1,"EMERGENCY LIGHTING"
31158,52,"Doors","5250","AALA202304030568","door",0,"FIXED INNER DOORS"
31091,52,"Doors","5250","AALA202304046057","latch",0,"FIXED INNER DOORS"
29547,57,"Wings","5740","AALA202304056640","other",0,"WING, ATTACH FITTINGS"
31226,21,"Air Conditioning","2120","AALA202305264252","CND",3,"AIR DISTRIBUTION SYSTEM"
29531,56,"Windows","5630","AALA202305109934","window",3,"DOOR WINDOWS"
31153,33,"Lights","3350","AALA202305163225","battery",1,"EMERGENCY LIGHTING"
29564,25,"Equipment / Furnishings","2560","AALA202304246973","door",1,"EMERGENCY EQUIPMENT"
29570,53,"Fuselage","5310","AALA202305197168","wheel",0,"FUSELAGE MAIN, STRUCTURE"
33213,52,"Doors","5210","AALA202305194306","door",3,"PASSENGER/CREW DOORS"
30089,53,"Fuselage","5300","AALA202304263036","window",0,"FUSELAGE STRUCTURE (GENERAL)"
31081,25,"Equipment / Furnishings","2560","AALA202304267580","door",1,"EMERGENCY EQUIPMENT"
40763,53,"Fuselage","5310","AALA202305230415","other",0,"FUSELAGE MAIN, STRUCTURE"
29528,52,"Doors","5220","AALA202306299145","window",0,"EMERGENCY EXITS"
44475,25,"Equipment / Furnishings","2560","AALA202304037398","door",1,"EMERGENCY EQUIPMENT"
29574,49,"Airborne Auxiliary Power","4900","AALA202304211306","CND",3,"AIRBORNE APU SYSTEM"
31190,56,"Windows","5610","AALA202304210462","window",0,"FLIGHT COMPARTMENT WINDOWS"
29518,56,"Windows","5610","AALA202304108781","window",3,"FLIGHT COMPARTMENT WINDOWS"
29535,25,"Equipment / Furnishings","2560","AALA202305251459","door",1,"EMERGENCY EQUIPMENT"
30085,53,"Fuselage","5300","AALA202305300947","other",0,"FUSELAGE STRUCTURE (GENERAL)"
30085,25,"Equipment / Furnishings","2560","AALA202304115154","other",1,"EMERGENCY EQUIPMENT"
29512,52,"Doors","5210","AALA202305302891","door",0,"PASSENGER/CREW DOORS"
33233,33,"Lights","3350","AALA202305306377","other",1,"EMERGENCY LIGHTING"
31172,25,"Equipment / Furnishings","2560","AALA202305312061","door",1,"EMERGENCY EQUIPMENT"
29543,56,"Windows","5610","AALA202304147274","CND",3,"FLIGHT COMPARTMENT WINDOWS"
31069,55,"Stabilizers","5510","AALA202305097485","other",0,"HORIZONTAL STABILIZER STRUCTURE"
31073,25,"Equipment / Furnishings","2560","AALA202305093810","battery",1,"EMERGENCY EQUIPMENT"
31265,53,"Fuselage","5320","AALA202305109166","other",0,"FUSELAGE MISCELLANEOUS STRUCTURE"
31202,73,"Engine - Fuel And Control","7320","AALA202305119633","engine",3,"FUEL CONTROLLING SYSTEM"
29515,53,"Fuselage","5320","AALA202305123338","wheel",0,"FUSELAGE MISCELLANEOUS STRUCTURE"
44478,72,"Engine","7230","AALA202305121845","engine",3,"TURBINE ENGINE COMPRESSOR SECTION"
40763,53,"Fuselage","5310","AALA202305150374","other",0,"FUSELAGE MAIN, STRUCTURE"
31103,21,"Air Conditioning","2130","AALA202305169725","engine",3,"CABIN PRESSURE CONTROL SYSTEM"
31149,33,"Lights","3350","AALA202305175865","pack",1,"EMERGENCY LIGHTING"
40764,53,"Fuselage","5320","AALA202305170906","other",0,"FUSELAGE MISCELLANEOUS STRUCTURE"
44456,56,"Windows","5610","AALA202304242772","CND",0,"FLIGHT COMPARTMENT WINDOWS"
30086,57,"Wings","5700","AALA202304250352","other",0,"WING STRUCTURE"
33243,52,"Doors","5210","AALA202304250021","door",3,"PASSENGER/CREW DOORS"
31067,57,"Wings","5750","AALA202304263943","other",0,"WING, CONTROL SURFACES"
29515,53,"Fuselage","5320","AALA202305229427","panel",0,"FUSELAGE MISCELLANEOUS STRUCTURE"
31160,25,"Equipment / Furnishings","2560","AALA202304035812","door",1,"EMERGENCY EQUIPMENT"
31189,52,"Doors","5210","AALA202305245368","latch",0,"PASSENGER/CREW DOORS"
30083,53,"Fuselage","5340","AALA202310258005","other",0,"FUSELAGE MAIN, ATTACH FITTINGS"
31165,53,"Fuselage","5340","AALA202305261387","hinge",0,"FUSELAGE MAIN, ATTACH FITTINGS"
31157,52,"Doors","5250","AALA202304102784","door",0,"FIXED INNER DOORS"
31069,55,"Stabilizers","5510","AALA202305045925","other",0,"HORIZONTAL STABILIZER STRUCTURE"
29533,33,"Lights","3350","AALA202305047214","door",1,"EMERGENCY LIGHTING"
29547,26,"Fire Protection","2610","AALA202304105945","other",2,"DETECTION SYSTEM"
29544,33,"Lights","3350","AALA202304110594","pack",1,"EMERGENCY LIGHTING"
33214,25,"Equipment / Furnishings","2560","AALA202305307654","other",1,"EMERGENCY EQUIPMENT"
31154,26,"Fire Protection","2610","AALA202304144631","other",2,"DETECTION SYSTEM"
31265,53,"Fuselage","5320","AALA202305091318","other",0,"FUSELAGE MISCELLANEOUS STRUCTURE"
33205,55,"Stabilizers","5510","AALA202306018776","other",0,"HORIZONTAL STABILIZER STRUCTURE"
40764,53,"Fuselage","5310","AALA202305124623","other",0,"FUSELAGE MAIN, STRUCTURE"
29540,57,"Wings","5700","AALA202305172022","other",0,"WING STRUCTURE"
30086,53,"Fuselage","5300","AALA202304251957","other",0,"FUSELAGE STRUCTURE (GENERAL)"
30083,53,"Fuselage","5320","AALA202305230315","other",0,"FUSELAGE MISCELLANEOUS STRUCTURE"
30083,53,"Fuselage","5320","AALA202305238162","other",0,"FUSELAGE MISCELLANEOUS STRUCTURE"
29535,53,"Fuselage","5320","AALA202310240929","other",0,"FUSELAGE MISCELLANEOUS STRUCTURE"
29535,53,"Fuselage","5320","AALA202310244626","other",0,"FUSELAGE MISCELLANEOUS STRUCTURE"
31244,52,"Doors","5250","AALA202304281001","latch",0,"FIXED INNER DOORS"
33226,25,"Equipment / Furnishings","2560","AALA202304208086","other",1,"EMERGENCY EQUIPMENT"
29545,53,"Fuselage","5320","AALA202311203055","other",0,"FUSELAGE MISCELLANEOUS STRUCTURE"
31194,72,"Engine","7200","AALA202310187504","CND",3,"ENGINE (TURBINE/TURBOPROP)"
40767,52,"Doors","5210","AALA202310044775","door",3,"PASSENGER/CREW DOORS"
33334,52,"Doors","5270","AALA202310192214","sensor",0,"DOOR WARNING SYSTEM"
31137,53,"Fuselage","5320","AALA202311095028","panel",0,"FUSELAGE MISCELLANEOUS STRUCTURE"
29529,53,"Fuselage","5320","AALA202311134400","other",0,"FUSELAGE MISCELLANEOUS STRUCTURE"
44463,53,"Fuselage","5330","AALA202310249522","other",0,"FUSELAGE MAIN, PLATE/SKIN"
31101,52,"Doors","5250","AALA202310248917","CND",3,"FIXED INNER DOORS"
29575,38,"Water / Waste","3800","AALA202312116892","other",3,"WATER AND WASTE SYSTEM"
31089,33,"Lights","3350","AALA202312269859","door",1,"EMERGENCY LIGHTING"
29529,53,"Fuselage","5330","AALA202311302675","door",0,"FUSELAGE MAIN, PLATE/SKIN"
30078,53,"Fuselage","5320","AALA202312068007","panel",0,"FUSELAGE MISCELLANEOUS STRUCTURE"
30078,53,"Fuselage","5320","AALA202312069776","panel",0,"FUSELAGE MISCELLANEOUS STRUCTURE"
30080,53,"Fuselage","5320","AALA202311281780","panel",0,"FUSELAGE MISCELLANEOUS STRUCTURE"
30078,53,"Fuselage","5320","AALA202312074478","other",0,"FUSELAGE MISCELLANEOUS STRUCTURE"
29529,72,"Engine","7200","AALA202401037007","engine",3,"ENGINE (TURBINE/TURBOPROP)"
30907,25,"Equipment / Furnishings","2560","AALA202311303175","CND",1,"EMERGENCY EQUIPMENT"
30079,53,"Fuselage","5320","AALA202401059825","other",0,"FUSELAGE MISCELLANEOUS STRUCTURE"
33223,53,"Fuselage","5320","AALA202401057362","other",0,"FUSELAGE MISCELLANEOUS STRUCTURE"
29541,53,"Fuselage","5340","AALA202312221617","other",0,"FUSELAGE MAIN, ATTACH FITTINGS"
44465,53,"Fuselage","5320","AALA202310311188","panel",0,"FUSELAGE MISCELLANEOUS STRUCTURE"
44459,53,"Fuselage","5320","AALA202310065767","other",0,"FUSELAGE MISCELLANEOUS STRUCTURE"
29505,27,"Flight Controls","2710","AALA202312121197","CND",3,"AILERON CONTROL SYSTEM"
31089,25,"Equipment / Furnishings","2560","AALA202310188755","pack",1,"EMERGENCY EQUIPMENT"
33348,25,"Equipment / Furnishings","2560","AALA202310184608","other",1,"EMERGENCY EQUIPMENT"
30828,27,"Flight Controls","2780","AALA202311138036","sensor",3,"LE SLAT CONTROL SYSTEM"
33222,53,"Fuselage","5320","AALA202312261712","other",0,"FUSELAGE MISCELLANEOUS STRUCTURE"
44465,53,"Fuselage","5320","AALA202311012190","panel",0,"FUSELAGE MISCELLANEOUS STRUCTURE"
29539,52,"Doors","5250","AALA202401027303","door",0,"FIXED INNER DOORS"
33223,53,"Fuselage","5320","AALA202401194631","panel",0,"FUSELAGE MISCELLANEOUS STRUCTURE"
29529,53,"Fuselage","5310","AALA202312182997","other",0,"FUSELAGE MAIN, STRUCTURE"
29529,53,"Fuselage","5310","AALA202312189516","other",0,"FUSELAGE MAIN, STRUCTURE"
44463,53,"Fuselage","5320","AALA202310236009","other",0,"FUSELAGE MISCELLANEOUS STRUCTURE"
33328,25,"Equipment / Furnishings","2560","AALA202311209696","battery",1,"EMERGENCY EQUIPMENT"
29530,53,"Fuselage","5330","AALA202312194839","hinge",0,"FUSELAGE MAIN, PLATE/SKIN"
31275,33,"Lights","3350","AALA202310269714","other",1,"EMERGENCY LIGHTING"
29530,53,"Fuselage","5320","AALA202311159868","panel",0,"FUSELAGE MISCELLANEOUS STRUCTURE"
68099,52,"Doors","5210","AALA202311162992","CND",3,"PASSENGER/CREW DOORS"
44485,52,"Doors","5250","AALA202311162844","latch",0,"FIXED INNER DOORS"
33349,33,"Lights","3350","AALA202311168548","other",1,"EMERGENCY LIGHTING"
33221,53,"Fuselage","5320","AALA202311156981","other",0,"FUSELAGE MISCELLANEOUS STRUCTURE"
33221,53,"Fuselage","5320","AALA202311150849","other",0,"FUSELAGE MISCELLANEOUS STRUCTURE"
30600,29,"Hydraulic Power","2910","AALA202312217951","engine",3,"HYDRAULIC SYSTEM, MAIN"
30077,33,"Lights","3350","AALA202310023413","other",1,"EMERGENCY LIGHTING"
33329,53,"Fuselage","5320","AALA202311203026","other",0,"FUSELAGE MISCELLANEOUS STRUCTURE"
29545,53,"Fuselage","5320","AALA202311208002","other",0,"FUSELAGE MISCELLANEOUS STRUCTURE"
31177,52,"Doors","5250","AALA202312119040","door",0,"FIXED INNER DOORS"
30079,53,"Fuselage","5320","AALA202312268856","other",0,"FUSELAGE MISCELLANEOUS STRUCTURE"
33222,53,"Fuselage","5320","AALA202312266389","other",0,"FUSELAGE MISCELLANEOUS STRUCTURE"
29548,52,"Doors","5250","AALA202311271645","door",0,"FIXED INNER DOORS"
44481,52,"Doors","5250","AALA202311275416","latch",0,"FIXED INNER DOORS"
31153,28,"Fuel","2820","AALA202312279358","pump",1,"ACFT FUEL DISTRIB. SYSTEM"
31277,57,"Wings","5730","AALA202310066990","panel",0,"WING, PLATES/SKINS"
31200,53,"Fuselage","5340","AALA202311037975","other",0,"FUSELAGE MAIN, ATTACH FITTINGS"
44484,28,"Fuel","2810","AALA202401037702","other",3,"FUEL STORAGE"
29505,52,"Doors","5250","AALA202401038453","door",0,"FIXED INNER DOORS"
29574,52,"Doors","5250","AALA202310118132","door",0,"FIXED INNER DOORS"
31172,25,"Equipment / Furnishings","2560","AALA202312049719","door",1,"EMERGENCY EQUIPMENT"
30078,53,"Fuselage","5310","AALA202312072238","other",0,"FUSELAGE MAIN, STRUCTURE"
29531,53,"Fuselage","5320","AALA202310173697","other",0,"FUSELAGE MISCELLANEOUS STRUCTURE"
30080,53,"Fuselage","5340","AALA202312113119","other",0,"FUSELAGE MAIN, ATTACH FITTINGS"
31280,53,"Fuselage","5320","AALA202312115525","other",0,"FUSELAGE MISCELLANEOUS STRUCTURE"
30080,53,"Fuselage","5320","AALA202310170247","panel",0,"FUSELAGE MISCELLANEOUS STRUCTURE"
68103,34,"Navigation","3440","AALA202310301487","CND",3,"INDEPENDENT POS. DETERMINING SYSTEM"
29505,32,"Landing Gear","3220","AALA202312129297","CND",3,"NOSE/TAIL LANDING GEAR"
29537,52,"Doors","5200","AALA202312145396","door",0,"DOORS"
30083,52,"Doors","5250","AALA202312143459","panel",0,"FIXED INNER DOORS"
31277,32,"Landing Gear","3230","AALA202312141233","CND",3,"LANDING GEAR RETRACT/EXTEND SYSTEM"
44457,52,"Doors","5250","AALA202312148566","latch",0,"FIXED INNER DOORS"
29531,57,"Wings","5710","AALA202310160302","other",0,"WING, MAIN FRAME STRUCTURE"
44450,52,"Doors","5250","AALA202310236695","hinge",0,"FIXED INNER DOORS"
30080,53,"Fuselage","5320","AALA202311137135","other",0,"FUSELAGE MISCELLANEOUS STRUCTURE"
31218,25,"Equipment / Furnishings","2560","AALA202312184999","other",1,"EMERGENCY EQUIPMENT"
30097,25,"Equipment / Furnishings","2560","AALA202312113763","door",1,"EMERGENCY EQUIPMENT"
29530,57,"Wings","5710","AALA202312118509","other",0,"WING, MAIN FRAME STRUCTURE"
29518,53,"Fuselage","5340","AALA202312208056","other",0,"FUSELAGE MAIN, ATTACH FITTINGS"
30082,53,"Fuselage","5320","AALA202311174378","wheel",0,"FUSELAGE MISCELLANEOUS STRUCTURE"
30600,29,"Hydraulic Power","2910","AALA202312213675","engine",3,"HYDRAULIC SYSTEM, MAIN"
29523,28,"Fuel","2800","AALA202310274196","CND",3,"AIRCRAFT FUEL SYSTEM"
33250,25,"Equipment / Furnishings","2560","AALA202310271044","door",1,"EMERGENCY EQUIPMENT"
30097,25,"Equipment / Furnishings","2560","AALA202311228800","other",1,"EMERGENCY EQUIPMENT"
29529,53,"Fuselage","5320","AALA202311160423","other",0,"FUSELAGE MISCELLANEOUS STRUCTURE"
31231,52,"Doors","5250","AALA202312222013","latch",0,"FIXED INNER DOORS"
31083,55,"Stabilizers","5510","AALA202310313883","other",0,"HORIZONTAL STABILIZER STRUCTURE"
30077,53,"Fuselage","5340","AALA202310316016","other",0,"FUSELAGE MAIN, ATTACH FITTINGS"
33346,25,"Equipment / Furnishings","2560","AALA202310314663","door",1,"EMERGENCY EQUIPMENT"
44465,53,"Fuselage","5320","AALA202311013927","panel",0,"FUSELAGE MISCELLANEOUS STRUCTURE"
33232,52,"Doors","5210","AALA202312264663","door",3,"PASSENGER/CREW DOORS"
44475,52,"Doors","5250","AALA202310057315","CND",3,"FIXED INNER DOORS"
31103,33,"Lights","3350","AALA202312265070","other",1,"EMERGENCY LIGHTING"
29522,53,"Fuselage","5300","AALA202311068953","other",0,"FUSELAGE STRUCTURE (GENERAL)"
29513,53,"Fuselage","5300","AALA202311063297","other",0,"FUSELAGE STRUCTURE (GENERAL)"
29529,53,"Fuselage","5320","AALA202311066248","other",0,"FUSELAGE MISCELLANEOUS STRUCTURE"
30600,52,"Doors","5250","AALA202311069527","door",0,"FIXED INNER DOORS"
29522,53,"Fuselage","5300","AALA202311060790","other",0,"FUSELAGE STRUCTURE (GENERAL)"
29513,57,"Wings","5720","AALA202311063368","panel",0,"WING MISCELLANEOUS STRUCTURE"
31217,28,"Fuel","2820","AALA202312291469","switch",1,"ACFT FUEL DISTRIB. SYSTEM"
31095,27,"Flight Controls","2740","AALA202311076331","switch",3,"STABILIZER CONTROL SYSTEM"
29526,32,"Landing Gear","3260","AALA202311072959","other",3,"LANDING GEAR POSITION AND WARNING"
30080,53,"Fuselage","5320","AALA202311084145","other",0,"FUSELAGE MISCELLANEOUS STRUCTURE"
30828,27,"Flight Controls","2780","AALA202311108036","CND",3,"LE SLAT CONTROL SYSTEM"
33340,52,"Doors","5250","AALA202312115397","door",0,"FIXED INNER DOORS"
30098,53,"Fuselage","5340","AALA202312119696","other",0,"FUSELAGE MAIN, ATTACH FITTINGS"
30098,53,"Fuselage","5340","AALA202312115757","other",0,"FUSELAGE MAIN, ATTACH FITTINGS"
31280,53,"Fuselage","5310","AALA202312118516","panel",0,"FUSELAGE MAIN, STRUCTURE"
29554,25,"Equipment / Furnishings","2560","AALA202310205232","other",1,"EMERGENCY EQUIPMENT"
29531,53,"Fuselage","5320","AALA202310166774","other",0,"FUSELAGE MISCELLANEOUS STRUCTURE"
29521,53,"Fuselage","5320","AALA202401166174","panel",0,"FUSELAGE MISCELLANEOUS STRUCTURE"
33223,53,"Fuselage","5320","AALA202401194040","panel",0,"FUSELAGE MISCELLANEOUS STRUCTURE"
30091,33,"Lights","3350","AALA202311135577","other",1,"EMERGENCY LIGHTING"
29541,53,"Fuselage","5320","AALA202312183487","other",0,"FUSELAGE MISCELLANEOUS STRUCTURE"
29529,53,"Fuselage","5340","AALA202311138286","other",0,"FUSELAGE MAIN, ATTACH FITTINGS"
31101,25,"Equipment / Furnishings","2560","AALA202311206598","door",1,"EMERGENCY EQUIPMENT"
31077,52,"Doors","5250","AALA202312110983","door",0,"FIXED INNER DOORS"
29518,53,"Fuselage","5340","AALA202312200358","other",0,"FUSELAGE MAIN, ATTACH FITTINGS"
29518,53,"Fuselage","5340","AALA202312200966","other",0,"FUSELAGE MAIN, ATTACH FITTINGS"
30600,72,"Engine","7200","AALA202312202926","engine",3,"ENGINE (TURBINE/TURBOPROP)"
33330,52,"Doors","5250","AALA202311152159","door",0,"FIXED INNER DOORS"
30093,53,"Fuselage","5330","AALA202311164149","other",0,"FUSELAGE MAIN, PLATE/SKIN"
29545,53,"Fuselage","5320","AALA202311173489","panel",0,"FUSELAGE MISCELLANEOUS STRUCTURE"
29541,53,"Fuselage","5340","AALA202312220130","other",0,"FUSELAGE MAIN, ATTACH FITTINGS"
33221,53,"Fuselage","5310","AALA202311200299","other",0,"FUSELAGE MAIN, STRUCTURE"
33221,53,"Fuselage","5320","AALA202311205700","other",0,"FUSELAGE MISCELLANEOUS STRUCTURE"
31257,33,"Lights","3350","AALA202310033543","other",1,"EMERGENCY LIGHTING"
31083,55,"Stabilizers","5510","AALA202310319299","other",0,"HORIZONTAL STABILIZER STRUCTURE"
30077,53,"Fuselage","5340","AALA202310315030","other",0,"FUSELAGE MAIN, ATTACH FITTINGS"
40769,53,"Fuselage","5310","AALA202310315419","other",0,"FUSELAGE MAIN, STRUCTURE"
33222,53,"Fuselage","5320","AALA202312269677","panel",0,"FUSELAGE MISCELLANEOUS STRUCTURE"
30084,52,"Doors","5250","AALA202310045850","hinge",0,"FIXED INNER DOORS"
44465,53,"Fuselage","5320","AALA202311013909","panel",0,"FUSELAGE MISCELLANEOUS STRUCTURE"
30081,52,"Doors","5210","AALA202312266761","CND",3,"PASSENGER/CREW DOORS"
33318,25,"Equipment / Furnishings","2560","AALA202312261914","door",1,"EMERGENCY EQUIPMENT"
44465,53,"Fuselage","5320","AALA202311010145","panel",0,"FUSELAGE MISCELLANEOUS STRUCTURE"
30080,53,"Fuselage","5310","AALA202311022596","other",0,"FUSELAGE MAIN, STRUCTURE"
30093,53,"Fuselage","5300","AALA202311295600","other",0,"FUSELAGE STRUCTURE (GENERAL)"
29518,52,"Doors","5250","AALA202311298898","door",0,"FIXED INNER DOORS"
44465,53,"Fuselage","5320","AALA202311069582","panel",0,"FUSELAGE MISCELLANEOUS STRUCTURE"
33240,25,"Equipment / Furnishings","2560","AALA202312010629","door",3,"EMERGENCY EQUIPMENT"
33488,33,"Lights","3350","AALA202401021916","door",1,"EMERGENCY LIGHTING"
33256,33,"Lights","3350","AALA202310168515","other",1,"EMERGENCY LIGHTING"
31160,52,"Doors","5250","AALA202312081556","CND",0,"FIXED INNER DOORS"
33340,52,"Doors","5250","AALA202312085397","CND",0,"FIXED INNER DOORS"
40767,25,"Equipment / Furnishings","2560","AALA202312142765","door",1,"EMERGENCY EQUIPMENT"
31105,33,"Lights","3350","AALA202312141154","door",1,"EMERGENCY LIGHTING"
29521,53,"Fuselage","5320","AALA202401163766","panel",0,"FUSELAGE MISCELLANEOUS STRUCTURE"
29521,53,"Fuselage","5320","AALA202401163466","other",0,"FUSELAGE MISCELLANEOUS STRUCTURE"
31137,53,"Fuselage","5310","AALA202311096686","other",0,"FUSELAGE MAIN, STRUCTURE"
33349,53,"Fuselage","5320","AALA202311098067","other",0,"FUSELAGE MISCELLANEOUS STRUCTURE"
29548,52,"Doors","5250","AALA202311098689","door",0,"FIXED INNER DOORS"
29575,52,"Doors","5250","AALA202311208193","door",0,"FIXED INNER DOORS"
33221,53,"Fuselage","5320","AALA202311136673","other",0,"FUSELAGE MISCELLANEOUS STRUCTURE"
29544,33,"Lights","3350","AALA202311139872","other",3,"EMERGENCY LIGHTING"
40762,52,"Doors","5210","AALA202312112947","door",0,"PASSENGER/CREW DOORS"
33219,25,"Equipment / Furnishings","2560","AALA202312215897","door",3,"EMERGENCY EQUIPMENT"
29510,27,"Flight Controls","2750","AALA202311163716","CND",3,"TE FLAP CONTROL SYSTEM"
33349,33,"Lights","3350","AALA202311169026","other",1,"EMERGENCY LIGHTING"
29545,53,"Fuselage","5320","AALA202311202436","other",0,"FUSELAGE MISCELLANEOUS STRUCTURE"
29545,53,"Fuselage","5320","AALA202311206623","other",0,"FUSELAGE MISCELLANEOUS STRUCTURE"
29541,53,"Fuselage","5340","AALA202312223432","other",0,"FUSELAGE MAIN, ATTACH FITTINGS"
31173,52,"Doors","5250","AALA202312227374","door",0,"FIXED INNER DOORS"
33342,21,"Air Conditioning","2120","AALA202311243591","CND",2,"AIR DISTRIBUTION SYSTEM"
33315,38,"Water / Waste","3830","AALA202310041657","other",3,"WASTE DISPOSAL SYSTEM"
29516,28,"Fuel","2820","AALA202311276287","CND",1,"ACFT FUEL DISTRIB. SYSTEM"
44466,56,"Windows","5610","AALA202311271186","window",0,"FLIGHT COMPARTMENT WINDOWS"
29521,53,"Fuselage","5310","AALA202312268725","other",0,"FUSELAGE MAIN, STRUCTURE"
31141,25,"Equipment / Furnishings","2560","AALA202310051021","door",1,"EMERGENCY EQUIPMENT"
68103,34,"Navigation","3440","AALA202311021487","antenna",3,"INDEPENDENT POS. DETERMINING SYSTEM"
33330,52,"Doors","5250","AALA202311283478","CND",0,"FIXED INNER DOORS"
29516,53,"Fuselage","5300","AALA202311066963","other",0,"FUSELAGE STRUCTURE (GENERAL)"
29513,53,"Fuselage","5300","AALA202311065321","other",0,"FUSELAGE STRUCTURE (GENERAL)"
29513,53,"Fuselage","5300","AALA202311069770","other",0,"FUSELAGE STRUCTURE (GENERAL)"
31141,52,"Doors","5250","AALA202311064495","door",0,"FIXED INNER DOORS"
40769,53,"Fuselage","5310","AALA202311060142","other",0,"FUSELAGE MAIN, STRUCTURE"
29571,52,"Doors","5250","AALA202311077767","latch",0,"FIXED INNER DOORS"
31197,52,"Doors","5250","AALA202401032461","switch",0,"FIXED INNER DOORS"
44475,52,"Doors","5250","AALA202312042489","door",0,"FIXED INNER DOORS"
40769,53,"Fuselage","5320","AALA202310170226","panel",0,"FUSELAGE MISCELLANEOUS STRUCTURE"
30080,53,"Fuselage","5340","AALA202312119362","other",0,"FUSELAGE MAIN, ATTACH FITTINGS"
29531,33,"Lights","3350","AALA202310176982","door",1,"EMERGENCY LIGHTING"
40769,53,"Fuselage","5320","AALA202310177786","panel",0,"FUSELAGE MISCELLANEOUS STRUCTURE"
40769,53,"Fuselage","5320","AALA202310178221","panel",0,"FUSELAGE MISCELLANEOUS STRUCTURE"
29521,53,"Fuselage","5320","AALA202401081380","other",0,"FUSELAGE MISCELLANEOUS STRUCTURE"
31233,53,"Fuselage","5320","AALA202401089479","panel",0,"FUSELAGE MISCELLANEOUS STRUCTURE"
33223,53,"Fuselage","5320","AALA202401089988","panel",0,"FUSELAGE MISCELLANEOUS STRUCTURE"
30079,53,"Fuselage","5320","AALA202312133287","other",0,"FUSELAGE MISCELLANEOUS STRUCTURE"
29554,25,"Equipment / Furnishings","2530","AALA202312131563","CND",1,"BUFFET/GALLEYS"
31155,25,"Equipment / Furnishings","2560","AALA202312136610","door",1,"EMERGENCY EQUIPMENT"
31194,72,"Engine","7200","AALA202310207504","engine",3,"ENGINE (TURBINE/TURBOPROP)"
29531,53,"Fuselage","5320","AALA202310169428","other",0,"FUSELAGE MISCELLANEOUS STRUCTURE"
31079,55,"Stabilizers","5510","AALA202310270862","other",0,"HORIZONTAL STABILIZER STRUCTURE"
31079,55,"Stabilizers","5510","AALA202310276655","other",0,"HORIZONTAL STABILIZER STRUCTURE"
40769,53,"Fuselage","5320","AALA202310312343","other",0,"FUSELAGE MISCELLANEOUS STRUCTURE"
31197,53,"Fuselage","5320","AALA202310314367","other",0,"FUSELAGE MISCELLANEOUS STRUCTURE"
31069,25,"Equipment / Furnishings","2560","AALA202310317643","pack",1,"EMERGENCY EQUIPMENT"
30598,25,"Equipment / Furnishings","2560","AALA202310319742","latch",1,"EMERGENCY EQUIPMENT"
29535,52,"Doors","5250","AALA202310313830","door",0,"FIXED INNER DOORS"
30081,52,"Doors","5210","AALA202312296761","sensor",3,"PASSENGER/CREW DOORS"
29529,33,"Lights","3350","AALA202312298746","other",3,"EMERGENCY LIGHTING"
31248,52,"Doors","5250","AALA202312299859","door",0,"FIXED INNER DOORS"
31200,53,"Fuselage","5320","AALA202311088645","other",0,"FUSELAGE MISCELLANEOUS STRUCTURE"
30078,53,"Fuselage","5320","AALA202312060769","panel",0,"FUSELAGE MISCELLANEOUS STRUCTURE"
33223,53,"Fuselage","5320","AALA202401054605","other",0,"FUSELAGE MISCELLANEOUS STRUCTURE"
30078,53,"Fuselage","5320","AALA202312076926","other",0,"FUSELAGE MISCELLANEOUS STRUCTURE"
30080,53,"Fuselage","5340","AALA202312114636","other",0,"FUSELAGE MAIN, ATTACH FITTINGS"
30080,53,"Fuselage","5340","AALA202312112594","other",0,"FUSELAGE MAIN, ATTACH FITTINGS"
29509,32,"Landing Gear","3240","AALA202310053077","bleed air component",3,"LANDING GEAR BRAKE SYSTEM"
30087,28,"Fuel","2820","AALA202310052510","relay",1,"ACFT FUEL DISTRIB. SYSTEM"
29532,28,"Fuel","2820","AALA202312277774","CND",1,"ACFT FUEL DISTRIB. SYSTEM"
31141,38,"Water / Waste","3800","AALA202312279260","CND",3,"WATER AND WASTE SYSTEM"
29529,53,"Fuselage","5320","AALA202311280732","panel",0,"FUSELAGE MISCELLANEOUS STRUCTURE"
40583,21,"Air Conditioning","2100","AALA202310091238","CND",3,"AIR CONDITIONING SYSTEM"
29513,53,"Fuselage","5300","AALA202311060166","other",0,"FUSELAGE STRUCTURE (GENERAL)"
33330,52,"Doors","5250","AALA202311303478","door",0,"FIXED INNER DOORS"
29522,57,"Wings","5700","AALA202311069215","other",0,"WING STRUCTURE"
44458,27,"Flight Controls","2750","AALA202310128576","other",3,"TE FLAP CONTROL SYSTEM"
30907,25,"Equipment / Furnishings","2560","AALA202312043175","door",1,"EMERGENCY EQUIPMENT"
29530,53,"Fuselage","5310","AALA202312065994","other",0,"FUSELAGE MAIN, STRUCTURE"
30078,53,"Fuselage","5320","AALA202312069713","other",0,"FUSELAGE MISCELLANEOUS STRUCTURE"
30078,55,"Stabilizers","5510","AALA202312074739","other",0,"HORIZONTAL STABILIZER STRUCTURE"
40769,53,"Fuselage","5320","AALA202310186136","panel",0,"FUSELAGE MISCELLANEOUS STRUCTURE"
31135,52,"Doors","5210","AALA202310193967","door",0,"PASSENGER/CREW DOORS"
31147,25,"Equipment / Furnishings","2560","AALA202312184362","other",1,"EMERGENCY EQUIPMENT"
30078,55,"Stabilizers","5510","AALA202312075418","other",0,"HORIZONTAL STABILIZER STRUCTURE"
31277,32,"Landing Gear","3230","AALA202312181233","valve",3,"LANDING GEAR RETRACT/EXTEND SYSTEM"
31149,52,"Doors","5250","AALA202310230670","door",0,"FIXED INNER DOORS"
44464,52,"Doors","5250","AALA202310231569","CND",0,"FIXED INNER DOORS"
29554,25,"Equipment / Furnishings","2560","AALA202311205863","battery",1,"EMERGENCY EQUIPMENT"
29532,27,"Flight Controls","2760","AALA202310244976","actuator",3,"DRAG CONTROL SYSTEM"
30084,25,"Equipment / Furnishings","2560","AALA202312213319","CND",1,"EMERGENCY EQUIPMENT"
33222,53,"Fuselage","5320","AALA202312267212","other",0,"FUSELAGE MISCELLANEOUS STRUCTURE"
33222,53,"Fuselage","5320","AALA202312265755","panel",0,"FUSELAGE MISCELLANEOUS STRUCTURE"
33342,25,"Equipment / Furnishings","2530","AALA202311273591","oven",1,"BUFFET/GALLEYS"
40762,25,"Equipment / Furnishings","2560","AALA202311276629","door",1,"EMERGENCY EQUIPMENT"
44475,52,"Doors","5250","AALA202310067315","door",3,"FIXED INNER DOORS"
30093,52,"Doors","5250","AALA202310060689","door",0,"FIXED INNER DOORS"
31202,53,"Fuselage","5320","AALA202311031934","other",0,"FUSELAGE MISCELLANEOUS STRUCTURE"
29546,25,"Equipment / Furnishings","2560","AALA202311295230","CND",1,"EMERGENCY EQUIPMENT"
33328,52,"Doors","5250","AALA202310104600","latch",0,"FIXED INNER DOORS"
29526,32,"Landing Gear","3260","AALA202311074106","other",3,"LANDING GEAR POSITION AND WARNING"
31143,33,"Lights","3350","AALA202310107505","other",1,"EMERGENCY LIGHTING"
29522,33,"Lights","3350","AALA202311072338","other",1,"EMERGENCY LIGHTING"
29574,52,"Doors","5250","AALA202310130892","door",0,"FIXED INNER DOORS"
30078,53,"Fuselage","5320","AALA202312079510","other",0,"FUSELAGE MISCELLANEOUS STRUCTURE"
29513,53,"Fuselage","5310","AALA202310179719","other",0,"FUSELAGE MAIN, STRUCTURE"
31280,53,"Fuselage","5320","AALA202312119795","other",0,"FUSELAGE MISCELLANEOUS STRUCTURE"
31280,53,"Fuselage","5320","AALA202312117646","other",0,"FUSELAGE MISCELLANEOUS STRUCTURE"
29521,53,"Fuselage","5320","AALA202401080005","other",0,"FUSELAGE MISCELLANEOUS STRUCTURE"
31157,25,"Equipment / Furnishings","2560","AALA202312136941","CND",1,"EMERGENCY EQUIPMENT"
30079,53,"Fuselage","5320","AALA202312137633","other",0,"FUSELAGE MISCELLANEOUS STRUCTURE"
29531,53,"Fuselage","5320","AALA202310169576","other",0,"FUSELAGE MISCELLANEOUS STRUCTURE"
29531,53,"Fuselage","5340","AALA202310167024","other",0,"FUSELAGE MAIN, ATTACH FITTINGS"
29531,53,"Fuselage","5300","AALA202310166963","other",0,"FUSELAGE STRUCTURE (GENERAL)"
29521,53,"Fuselage","5320","AALA202401160161","panel",0,"FUSELAGE MISCELLANEOUS STRUCTURE"
29521,53,"Fuselage","5320","AALA202401164218","panel",0,"FUSELAGE MISCELLANEOUS STRUCTURE"
31137,53,"Fuselage","5310","AALA202311099586","other",0,"FUSELAGE MAIN, STRUCTURE"
29513,38,"Water / Waste","3830","AALA202311175785","other",1,"WASTE DISPOSAL SYSTEM"
30078,53,"Fuselage","5320","AALA202312187239","other",0,"FUSELAGE MISCELLANEOUS STRUCTURE"
44457,25,"Equipment / Furnishings","2560","AALA202310237908","pack",1,"EMERGENCY EQUIPMENT"
30089,32,"Landing Gear","3240","AALA202310241858","brake",3,"LANDING GEAR BRAKE SYSTEM"
68099,52,"Doors","5210","AALA202311202992","hinge",3,"PASSENGER/CREW DOORS"
31079,55,"Stabilizers","5510","AALA202310273586","other",0,"HORIZONTAL STABILIZER STRUCTURE"
30084,53,"Fuselage","5340","AALA202312014512","hinge",0,"FUSELAGE MAIN, ATTACH FITTINGS"
29510,27,"Flight Controls","2750","AALA202311173103","other",3,"TE FLAP CONTROL SYSTEM"
29541,53,"Fuselage","5340","AALA202312227141","other",0,"FUSELAGE MAIN, ATTACH FITTINGS"
33229,25,"Equipment / Furnishings","2560","AALA202311170453","battery",1,"EMERGENCY EQUIPMENT"
29545,53,"Fuselage","5320","AALA202311200027","other",0,"FUSELAGE MISCELLANEOUS STRUCTURE"
31177,52,"Doors","5250","AALA202312112257","door",0,"FIXED INNER DOORS"
44465,53,"Fuselage","5320","AALA202310313920","panel",0,"FUSELAGE MISCELLANEOUS STRUCTURE"
29539,52,"Doors","5250","AALA202312266950","latch",0,"FIXED INNER DOORS"
33348,25,"Equipment / Furnishings","2560","AALA202311021411","door",3,"EMERGENCY EQUIPMENT"
29577,25,"Equipment / Furnishings","2560","AALA202311023585","door",1,"EMERGENCY EQUIPMENT"
29529,53,"Fuselage","5320","AALA202311285404","panel",0,"FUSELAGE MISCELLANEOUS STRUCTURE"
29529,53,"Fuselage","5320","AALA202311286275","panel",0,"FUSELAGE MISCELLANEOUS STRUCTURE"
40764,52,"Doors","5210","AALA202310097969","door",3,"PASSENGER/CREW DOORS"
30090,33,"Lights","3350","AALA202312286220","other",1,"EMERGENCY LIGHTING"
30093,53,"Fuselage","5300","AALA202311290531","other",0,"FUSELAGE STRUCTURE (GENERAL)"
31069,28,"Fuel","2810","AALA202311308183","CND",3,"FUEL STORAGE"
33221,53,"Fuselage","5310","AALA202311305113","other",0,"FUSELAGE MAIN, STRUCTURE"
29529,53,"Fuselage","5330","AALA202311302982","other",0,"FUSELAGE MAIN, PLATE/SKIN"
29516,53,"Fuselage","5300","AALA202311066648","other",0,"FUSELAGE STRUCTURE (GENERAL)"
29522,53,"Fuselage","5320","AALA202311060458","other",0,"FUSELAGE MISCELLANEOUS STRUCTURE"
31067,25,"Equipment / Furnishings","2560","AALA202311073324","CND",1,"EMERGENCY EQUIPMENT"
29522,33,"Lights","3350","AALA202311076088","other",1,"EMERGENCY LIGHTING"
30080,53,"Fuselage","5340","AALA202311089142","other",0,"FUSELAGE MAIN, ATTACH FITTINGS"
33221,53,"Fuselage","5320","AALA202311087483","other",0,"FUSELAGE MISCELLANEOUS STRUCTURE"
29542,33,"Lights","3350","AALA202311084897","other",1,"EMERGENCY LIGHTING"
33221,53,"Fuselage","5320","AALA202311100060","panel",0,"FUSELAGE MISCELLANEOUS STRUCTURE"
30078,53,"Fuselage","5320","AALA202312073000","other",0,"FUSELAGE MISCELLANEOUS STRUCTURE"
33208,72,"Engine","7230","AALA202310164731","other",3,"TURBINE ENGINE COMPRESSOR SECTION"
33348,53,"Fuselage","5310","AALA202310171457","other",0,"FUSELAGE MAIN, STRUCTURE"
30079,53,"Fuselage","5320","AALA202401050467","other",0,"FUSELAGE MISCELLANEOUS STRUCTURE"
30079,53,"Fuselage","5320","AALA202401055047","other",0,"FUSELAGE MISCELLANEOUS STRUCTURE"
31234,53,"Fuselage","5330","AALA202312117714","door",0,"FUSELAGE MAIN, PLATE/SKIN"
29531,33,"Lights","3350","AALA202310179395","other",1,"EMERGENCY LIGHTING"
33223,53,"Fuselage","5310","AALA202401194165","other",0,"FUSELAGE MAIN, STRUCTURE"
31280,53,"Fuselage","5310","AALA202312180918","other",0,"FUSELAGE MAIN, STRUCTURE"
30079,53,"Fuselage","5320","AALA202312185633","panel",0,"FUSELAGE MISCELLANEOUS STRUCTURE"
29529,53,"Fuselage","5320","AALA202311139737","other",0,"FUSELAGE MISCELLANEOUS STRUCTURE"
33520,52,"Doors","5250","AALA202311214739","door",0,"FIXED INNER DOORS"
44479,52,"Doors","5250","AALA202311151191","door",0,"FIXED INNER DOORS"
29510,27,"Flight Controls","2750","AALA202311176812","other",3,"TE FLAP CONTROL SYSTEM"
44465,53,"Fuselage","5320","AALA202311018977","panel",0,"FUSELAGE MISCELLANEOUS STRUCTURE"
44465,53,"Fuselage","5320","AALA202311014326","panel",0,"FUSELAGE MISCELLANEOUS STRUCTURE"
30080,53,"Fuselage","5320","AALA202311024229","other",0,"FUSELAGE MISCELLANEOUS STRUCTURE"
31143,52,"Doors","5250","AALA202312083045","latch",0,"FIXED INNER DOORS"
30098,53,"Fuselage","5340","AALA202312113934","other",0,"FUSELAGE MAIN, ATTACH FITTINGS"
44474,33,"Lights","3350","AALA202312123298","other",1,"EMERGENCY LIGHTING"
29521,53,"Fuselage","5320","AALA202401167280","panel",0,"FUSELAGE MISCELLANEOUS STRUCTURE"
33221,53,"Fuselage","5310","AALA202311090865","other",0,"FUSELAGE MAIN, STRUCTURE"
40768,52,"Doors","5210","AALA202312188218","latch",0,"PASSENGER/CREW DOORS"
40768,52,"Doors","5210","AALA202312183740","latch",0,"PASSENGER/CREW DOORS"
29573,53,"Fuselage","5340","AALA202311139223","hinge",3,"FUSELAGE MAIN, ATTACH FITTINGS"
33323,33,"Lights","3350","AALA202310268918","CND",1,"EMERGENCY LIGHTING"
33329,53,"Fuselage","5320","AALA202311151331","other",0,"FUSELAGE MISCELLANEOUS STRUCTURE"
29541,53,"Fuselage","5340","AALA202312222149","other",0,"FUSELAGE MAIN, ATTACH FITTINGS"
29545,53,"Fuselage","5320","AALA202311203227","other",0,"FUSELAGE MISCELLANEOUS STRUCTURE"
30916,28,"Fuel","2820","AALA202311249216","CND",3,"ACFT FUEL DISTRIB. SYSTEM"
33321,52,"Doors","5250","AALA202310045159","door",0,"FIXED INNER DOORS"
29541,52,"Doors","5210","AALA202310318337","door",3,"PASSENGER/CREW DOORS"
44465,53,"Fuselage","5320","AALA202311010482","panel",0,"FUSELAGE MISCELLANEOUS STRUCTURE"
29520,28,"Fuel","2820","AALA202312275967","pump",3,"ACFT FUEL DISTRIB. SYSTEM"
29522,53,"Fuselage","5300","AALA202311068570","other",0,"FUSELAGE STRUCTURE (GENERAL)"
29516,53,"Fuselage","5320","AALA202311062382","other",0,"FUSELAGE MISCELLANEOUS STRUCTURE"
29526,32,"Landing Gear","3260","AALA202311078200","other",3,"LANDING GEAR POSITION AND WARNING"
31210,25,"Equipment / Furnishings","2560","AALA202310139250","door",3,"EMERGENCY EQUIPMENT"
30078,53,"Fuselage","5320","AALA202312069748","other",0,"FUSELAGE MISCELLANEOUS STRUCTURE"
40769,53,"Fuselage","5320","AALA202310170418","panel",0,"FUSELAGE MISCELLANEOUS STRUCTURE"
30079,53,"Fuselage","5310","AALA202401058332","other",0,"FUSELAGE MAIN, STRUCTURE"
33232,27,"Flight Controls","2750","AALA202312126894","other",3,"TE FLAP CONTROL SYSTEM"
31210,25,"Equipment / Furnishings","2560","AALA202310208401","door",1,"EMERGENCY EQUIPMENT"
40769,53,"Fuselage","5310","AALA202310209635","other",0,"FUSELAGE MAIN, STRUCTURE"
31165,52,"Doors","5250","AALA202312135663","door",0,"FIXED INNER DOORS"
29554,25,"Equipment / Furnishings","2560","AALA202312155675","battery",1,"EMERGENCY EQUIPMENT"
31137,53,"Fuselage","5320","AALA202311090806","other",0,"FUSELAGE MISCELLANEOUS STRUCTURE"
33221,53,"Fuselage","5310","AALA202311131096","other",0,"FUSELAGE MAIN, STRUCTURE"
29530,53,"Fuselage","5310","AALA202401225643","door",0,"FUSELAGE MAIN, STRUCTURE"
29518,53,"Fuselage","5340","AALA202312201958","other",0,"FUSELAGE MAIN, ATTACH FITTINGS"
29518,53,"Fuselage","5340","AALA202312203802","other",0,"FUSELAGE MAIN, ATTACH FITTINGS"
31228,52,"Doors","5250","AALA202310258826","door",0,"FIXED INNER DOORS"
31079,55,"Stabilizers","5510","AALA202310276396","other",0,"HORIZONTAL STABILIZER STRUCTURE"
33348,25,"Equipment / Furnishings","2560","AALA202310274010","door",3,"EMERGENCY EQUIPMENT"
31083,53,"Fuselage","5320","AALA202310312494","other",0,"FUSELAGE MISCELLANEOUS STRUCTURE"
30077,53,"Fuselage","5340","AALA202310312540","other",0,"FUSELAGE MAIN, ATTACH FITTINGS"
31231,25,"Equipment / Furnishings","2560","AALA202310314523","door",1,"EMERGENCY EQUIPMENT"
33349,53,"Fuselage","5320","AALA202311010391","other",0,"FUSELAGE MISCELLANEOUS STRUCTURE"
31133,33,"Lights","3350","AALA202310048445","other",1,"EMERGENCY LIGHTING"
31149,52,"Doors","5210","AALA202312269754","door",0,"PASSENGER/CREW DOORS"
29574,52,"Doors","5250","AALA202310098132","CND",0,"FIXED INNER DOORS"
30093,53,"Fuselage","5300","AALA202311295390","other",0,"FUSELAGE STRUCTURE (GENERAL)"
30093,53,"Fuselage","5340","AALA202311299909","other",0,"FUSELAGE MAIN, ATTACH FITTINGS"
31237,52,"Doors","5250","AALA202311308027","door",0,"FIXED INNER DOORS"
33349,53,"Fuselage","5320","AALA202311063395","panel",0,"FUSELAGE MISCELLANEOUS STRUCTURE"
29513,53,"Fuselage","5320","AALA202311060256","other",0,"FUSELAGE MISCELLANEOUS STRUCTURE"
29516,53,"Fuselage","5300","AALA202311061862","other",0,"FUSELAGE STRUCTURE (GENERAL)"
29529,53,"Fuselage","5320","AALA202311069900","other",0,"FUSELAGE MISCELLANEOUS STRUCTURE"
29522,53,"Fuselage","5300","AALA202311062184","other",0,"FUSELAGE STRUCTURE (GENERAL)"
29516,53,"Fuselage","5300","AALA202311066047","other",0,"FUSELAGE STRUCTURE (GENERAL)"
44465,57,"Wings","5720","AALA202311068091","panel",0,"WING MISCELLANEOUS STRUCTURE"
30080,53,"Fuselage","5340","AALA202311087513","other",0,"FUSELAGE MAIN, ATTACH FITTINGS"
33230,28,"Fuel","2820","AALA202311082977","CND",1,"ACFT FUEL DISTRIB. SYSTEM"
31067,25,"Equipment / Furnishings","2560","AALA202311083324","door",1,"EMERGENCY EQUIPMENT"
29517,25,"Equipment / Furnishings","2560","AALA202401032828","battery",1,"EMERGENCY EQUIPMENT"
31214,52,"Doors","5250","AALA202312057601","door",0,"FIXED INNER DOORS"
29530,53,"Fuselage","5310","AALA202312065643","door",0,"FUSELAGE MAIN, STRUCTURE"
30097,25,"Equipment / Furnishings","2560","AALA202312063763","CND",1,"EMERGENCY EQUIPMENT"
30078,53,"Fuselage","5320","AALA202312064280","panel",0,"FUSELAGE MISCELLANEOUS STRUCTURE"
30078,53,"Fuselage","5320","AALA202312065904","other",0,"FUSELAGE MISCELLANEOUS STRUCTURE"
29529,53,"Fuselage","5310","AALA202312110730","other",0,"FUSELAGE MAIN, STRUCTURE"
31203,53,"Fuselage","5310","AALA202312126219","other",0,"FUSELAGE MAIN, STRUCTURE"
31160,52,"Doors","5250","AALA202312111556","door",0,"FIXED INNER DOORS"
44448,25,"Equipment / Furnishings","2560","AALA202310172710","battery",1,"EMERGENCY EQUIPMENT"
29521,53,"Fuselage","5320","AALA202401160077","other",0,"FUSELAGE MISCELLANEOUS STRUCTURE"
33342,52,"Doors","5250","AALA202311090604","latch",0,"FIXED INNER DOORS"
29504,25,"Equipment / Furnishings","2560","AALA202312184748","other",1,"EMERGENCY EQUIPMENT"
29508,33,"Lights","3350","AALA202312206086","other",1,"EMERGENCY LIGHTING"
31137,53,"Fuselage","5320","AALA202311152590","panel",0,"FUSELAGE MISCELLANEOUS STRUCTURE"
33346,31,"Indicating / Recording System","3150","AALA202310304635","battery",3,"CENTRAL WARNING"
29545,53,"Fuselage","5320","AALA202311205426","other",0,"FUSELAGE MISCELLANEOUS STRUCTURE"
29575,52,"Doors","5250","AALA202312189789","door",0,"FIXED INNER DOORS"
29545,53,"Fuselage","5320","AALA202311200069","other",0,"FUSELAGE MISCELLANEOUS STRUCTURE"
31071,28,"Fuel","2840","AALA202311240039","CND",1,"ACFT FUEL INDICATING SYSTEM"
40769,53,"Fuselage","5320","AALA202310313931","other",0,"FUSELAGE MISCELLANEOUS STRUCTURE"
33222,53,"Fuselage","5320","AALA202312268045","other",0,"FUSELAGE MISCELLANEOUS STRUCTURE"
40767,52,"Doors","5210","AALA202310047420","door",3,"PASSENGER/CREW DOORS"
30093,53,"Fuselage","5300","AALA202311292554","other",0,"FUSELAGE STRUCTURE (GENERAL)"
29522,53,"Fuselage","5300","AALA202311067792","other",0,"FUSELAGE STRUCTURE (GENERAL)"
44476,52,"Doors","5250","AALA202311071470","CND",0,"FIXED INNER DOORS"
33340,52,"Doors","5250","AALA202310113997","hinge",0,"FIXED INNER DOORS"
31200,53,"Fuselage","5320","AALA202311083088","other",0,"FUSELAGE MISCELLANEOUS STRUCTURE"
30916,28,"Fuel","2820","AALA202312047126","pump",3,"ACFT FUEL DISTRIB. SYSTEM"
44475,53,"Fuselage","5320","AALA202312042311","door",0,"FUSELAGE MISCELLANEOUS STRUCTURE"
40769,53,"Fuselage","5320","AALA202310184454","other",0,"FUSELAGE MISCELLANEOUS STRUCTURE"
30084,52,"Doors","5250","AALA202312133209","door",0,"FIXED INNER DOORS"
33518,34,"Navigation","3410","AALA202310234191","module",3,"FLIGHT ENVIRONMENT DATA"
44455,29,"Hydraulic Power","2900","AALA202310234613","other",3,"HYDRAULIC POWER SYSTEM"
33256,33,"Lights","3350","AALA202310232865","other",3,"EMERGENCY LIGHTING"
31101,52,"Doors","5210","AALA202310236208","hinge",0,"PASSENGER/CREW DOORS"
44474,52,"Doors","5250","AALA202310233308","hinge",0,"FIXED INNER DOORS"
31137,53,"Fuselage","5320","AALA202311139446","panel",0,"FUSELAGE MISCELLANEOUS STRUCTURE"
33232,25,"Equipment / Furnishings","2560","AALA202310242814","door",1,"EMERGENCY EQUIPMENT"
29530,53,"Fuselage","5320","AALA202311220436","other",0,"FUSELAGE MISCELLANEOUS STRUCTURE"
29541,53,"Fuselage","5340","AALA202312220424","other",0,"FUSELAGE MAIN, ATTACH FITTINGS"
29529,53,"Fuselage","5320","AALA202312118617","other",0,"FUSELAGE MISCELLANEOUS STRUCTURE"
44465,53,"Fuselage","5320","AALA202310310167","panel",0,"FUSELAGE MISCELLANEOUS STRUCTURE"
40769,53,"Fuselage","5310","AALA202310314973","other",0,"FUSELAGE MAIN, STRUCTURE"
30079,53,"Fuselage","5320","AALA202312263622","door",0,"FUSELAGE MISCELLANEOUS STRUCTURE"
33222,53,"Fuselage","5320","AALA202312261630","other",0,"FUSELAGE MISCELLANEOUS STRUCTURE"
31273,33,"Lights","3350","AALA202310312914","door",1,"EMERGENCY LIGHTING"
44483,25,"Equipment / Furnishings","2560","AALA202311274789","other",1,"EMERGENCY EQUIPMENT"
31237,27,"Flight Controls","2700","AALA202312268235","switch",3,"FLIGHT CONTROL SYSTEM"
30097,33,"Lights","3320","AALA202311287255","other",1,"PASSENGER COMPARTMENT LIGHTING"
44461,75,"Bleed Air","7510","AALA202311027992","CND",3,"ENGINE ANTI-ICING SYSTEM"
40764,52,"Doors","5210","AALA202310097681","door",3,"PASSENGER/CREW DOORS"
31135,53,"Fuselage","5310","AALA202310069526","wheel",0,"FUSELAGE MAIN, STRUCTURE"
29573,52,"Doors","5250","AALA202311065740","door",0,"FIXED INNER DOORS"
31280,25,"Equipment / Furnishings","2560","AALA202311067391","door",1,"EMERGENCY EQUIPMENT"
29508,25,"Equipment / Furnishings","2560","AALA202311138755","battery",1,"EMERGENCY EQUIPMENT"
29522,33,"Lights","3350","AALA202311075627","other",1,"EMERGENCY LIGHTING"
33214,33,"Lights","3350","AALA202310104965","other",1,"EMERGENCY LIGHTING"
30858,33,"Lights","3350","AALA202401025417","door",1,"EMERGENCY LIGHTING"
44480,25,"Equipment / Furnishings","2560","AALA202310112579","pack",1,"EMERGENCY EQUIPMENT"
29567,52,"Doors","5250","AALA202310128267","door",0,"FIXED INNER DOORS"
29566,25,"Equipment / Furnishings","2560","AALA202312053071","door",1,"EMERGENCY EQUIPMENT"
31099,52,"Doors","5250","AALA202310131180","latch",0,"FIXED INNER DOORS"
31272,25,"Equipment / Furnishings","2560","AALA202310165402","control rod",1,"EMERGENCY EQUIPMENT"
29531,53,"Fuselage","5320","AALA202310176565","other",0,"FUSELAGE MISCELLANEOUS STRUCTURE"
30079,55,"Stabilizers","5510","AALA202401055984","other",0,"HORIZONTAL STABILIZER STRUCTURE"
40769,53,"Fuselage","5320","AALA202310187184","other",0,"FUSELAGE MISCELLANEOUS STRUCTURE"
30080,53,"Fuselage","5340","AALA202312117186","other",0,"FUSELAGE MAIN, ATTACH FITTINGS"
30080,53,"Fuselage","5340","AALA202312114012","other",0,"FUSELAGE MAIN, ATTACH FITTINGS"
31280,53,"Fuselage","5320","AALA202312115566","other",0,"FUSELAGE MISCELLANEOUS STRUCTURE"
40583,38,"Water / Waste","3830","AALA202310171238","tire",3,"WASTE DISPOSAL SYSTEM"
40769,53,"Fuselage","5320","AALA202310177133","other",0,"FUSELAGE MISCELLANEOUS STRUCTURE"
30079,53,"Fuselage","5320","AALA202312136080","other",0,"FUSELAGE MISCELLANEOUS STRUCTURE"
29531,53,"Fuselage","5300","AALA202310160259","other",0,"FUSELAGE STRUCTURE (GENERAL)"
29531,53,"Fuselage","5320","AALA202310161034","other",0,"FUSELAGE MISCELLANEOUS STRUCTURE"
31137,53,"Fuselage","5320","AALA202311096097","panel",0,"FUSELAGE MISCELLANEOUS STRUCTURE"
29522,28,"Fuel","2840","AALA202311135081","CND",3,"ACFT FUEL INDICATING SYSTEM"
33330,53,"Fuselage","5310","AALA202312185079","other",0,"FUSELAGE MAIN, STRUCTURE"
30079,53,"Fuselage","5320","AALA202312181323","panel",0,"FUSELAGE MISCELLANEOUS STRUCTURE"
44468,25,"Equipment / Furnishings","2560","AALA202312183132","door",1,"EMERGENCY EQUIPMENT"
33232,25,"Equipment / Furnishings","2560","AALA2023102036343","battery",1,"EMERGENCY EQUIPMENT"
68099,53,"Fuselage","5340","AALA202311204536","hinge",3,"FUSELAGE MAIN, ATTACH FITTINGS"
31081,52,"Doors","5210","AALA202311131899","door",0,"PASSENGER/CREW DOORS"
29518,53,"Fuselage","5340","AALA202312201699","other",0,"FUSELAGE MAIN, ATTACH FITTINGS"
29518,53,"Fuselage","5340","AALA202312206619","other",0,"FUSELAGE MAIN, ATTACH FITTINGS"
31157,25,"Equipment / Furnishings","2560","AALA202312206941","other",1,"EMERGENCY EQUIPMENT"
29554,25,"Equipment / Furnishings","2530","AALA202312201563","oven",1,"BUFFET/GALLEYS"
31275,33,"Lights","3350","AALA202310135448","door",1,"EMERGENCY LIGHTING"
29529,33,"Lights","3350","AALA202312219815","door",1,"EMERGENCY LIGHTING"
33219,25,"Equipment / Furnishings","2560","AALA202312213954","door",3,"EMERGENCY EQUIPMENT"
33223,33,"Lights","3350","AALA202311156706","door",1,"EMERGENCY LIGHTING"
33348,25,"Equipment / Furnishings","2560","AALA202310271411","CND",3,"EMERGENCY EQUIPMENT"
31107,52,"Doors","5250","AALA202312213546","door",0,"FIXED INNER DOORS"
29541,53,"Fuselage","5340","AALA202312223838","other",0,"FUSELAGE MAIN, ATTACH FITTINGS"
33316,25,"Equipment / Furnishings","2560","AALA202312227103","door",1,"EMERGENCY EQUIPMENT"
31244,30,"Ice And Rain Protection","3040","AALA202312265249","window",3,"WINDSHIELD/DOOR RAIN/ICE REMOVAL"
29529,53,"Fuselage","5320","AALA202311282150","panel",0,"FUSELAGE MISCELLANEOUS STRUCTURE"
29508,52,"Doors","5250","AALA202311285778","latch",0,"FIXED INNER DOORS"
29563,25,"Equipment / Furnishings","2530","AALA202311036172","other",3,"BUFFET/GALLEYS"
30083,33,"Lights","3350","AALA202312281960","door",1,"EMERGENCY LIGHTING"
30093,53,"Fuselage","5300","AALA202311296049","other",0,"FUSELAGE STRUCTURE (GENERAL)"
29513,53,"Fuselage","5300","AALA202311062731","other",0,"FUSELAGE STRUCTURE (GENERAL)"
29507,33,"Lights","3350","AALA202311066032","CND",1,"EMERGENCY LIGHTING"
33519,33,"Lights","3350","AALA202312019922","CND",1,"EMERGENCY LIGHTING"
30080,53,"Fuselage","5320","AALA202311088512","other",0,"FUSELAGE MISCELLANEOUS STRUCTURE"
29529,53,"Fuselage","5320","AALA202312041185","other",0,"FUSELAGE MISCELLANEOUS STRUCTURE"
29505,27,"Flight Controls","2730","AALA202312125127","CND",2,"ELEVATOR CONTROL SYSTEM"
31069,28,"Fuel","2800","AALA202312058183","probe",3,"AIRCRAFT FUEL SYSTEM"
29530,53,"Fuselage","5310","AALA202312063062","other",0,"FUSELAGE MAIN, STRUCTURE"
29530,53,"Fuselage","5310","AALA202312068467","other",0,"FUSELAGE MAIN, STRUCTURE"
30078,53,"Fuselage","5320","AALA202312065886","panel",0,"FUSELAGE MISCELLANEOUS STRUCTURE"
29514,53,"Fuselage","5320","AALA202310160903","other",0,"FUSELAGE MISCELLANEOUS STRUCTURE"
33348,53,"Fuselage","5320","AALA202310178596","other",0,"FUSELAGE MISCELLANEOUS STRUCTURE"
30079,53,"Fuselage","5330","AALA202310179767","other",0,"FUSELAGE MAIN, PLATE/SKIN"
30098,53,"Fuselage","5340","AALA202312116872","other",0,"FUSELAGE MAIN, ATTACH FITTINGS"
30098,53,"Fuselage","5340","AALA202312119909","other",0,"FUSELAGE MAIN, ATTACH FITTINGS"
31280,53,"Fuselage","5320","AALA202312116938","panel",0,"FUSELAGE MISCELLANEOUS STRUCTURE"
31155,21,"Air Conditioning","2150","AALA202401051381","CND",3,"CABIN COOLING SYSTEM"
30079,53,"Fuselage","5320","AALA202312129745","other",0,"FUSELAGE MISCELLANEOUS STRUCTURE"
40769,53,"Fuselage","5320","AALA202310208741","other",0,"FUSELAGE MISCELLANEOUS STRUCTURE"
44457,52,"Doors","5210","AALA202312141625","CND",3,"PASSENGER/CREW DOORS"
33223,53,"Fuselage","5320","AALA202401191777","panel",0,"FUSELAGE MISCELLANEOUS STRUCTURE"
29529,53,"Fuselage","5320","AALA202311091255","other",0,"FUSELAGE MISCELLANEOUS STRUCTURE"
44476,53,"Fuselage","5340","AALA202311091470","hinge",0,"FUSELAGE MAIN, ATTACH FITTINGS"
31083,53,"Fuselage","5340","AALA202310312788","other",0,"FUSELAGE MAIN, ATTACH FITTINGS"
44465,53,"Fuselage","5320","AALA202311016193","panel",0,"FUSELAGE MISCELLANEOUS STRUCTURE"
31229,52,"Doors","5250","AALA202311061102","door",0,"FIXED INNER DOORS"
33328,52,"Doors","5250","AALA202311082979","latch",0,"FIXED INNER DOORS"
44484,32,"Landing Gear","3210","AALA202310183382","tire",2,"MAIN LANDING GEAR"
33256,33,"Lights","3350","AALA202310234553","other",1,"EMERGENCY LIGHTING"
29530,53,"Fuselage","5310","AALA202312115555","other",0,"FUSELAGE MAIN, STRUCTURE"
33327,25,"Equipment / Furnishings","2560","AALA202310265330","door",1,"EMERGENCY EQUIPMENT"
44471,25,"Equipment / Furnishings","2560","AALA202311225734","door",1,"EMERGENCY EQUIPMENT"
31069,28,"Fuel","2840","AALA202311223998","CND",1,"ACFT FUEL INDICATING SYSTEM"
67988,25,"Equipment / Furnishings","2560","AALA202310307431","other",1,"EMERGENCY EQUIPMENT"
40767,52,"Doors","5210","AALA202312220151","latch",3,"PASSENGER/CREW DOORS"
29510,27,"Flight Controls","2750","AALA202312222631","other",3,"TE FLAP CONTROL SYSTEM"
29545,53,"Fuselage","5320","AALA202311209746","other",0,"FUSELAGE MISCELLANEOUS STRUCTURE"
44450,52,"Doors","5250","AALA202312119162","door",0,"FIXED INNER DOORS"
30079,53,"Fuselage","5320","AALA202312267192","brake",0,"FUSELAGE MISCELLANEOUS STRUCTURE"
31277,52,"Doors","5270","AALA202312260929","switch",0,"DOOR WARNING SYSTEM"
29536,52,"Doors","5250","AALA202312261095","door",0,"FIXED INNER DOORS"
29520,28,"Fuel","2820","AALA202312276198","pump",3,"ACFT FUEL DISTRIB. SYSTEM"
29520,53,"Fuselage","5340","AALA202310068046","hinge",0,"FUSELAGE MAIN, ATTACH FITTINGS"
30085,27,"Flight Controls","2700","AALA202311026994","wheel",3,"FLIGHT CONTROL SYSTEM"
30916,52,"Doors","5250","AALA202310096717","door",0,"FIXED INNER DOORS"
30093,53,"Fuselage","5300","AALA202311292485","other",0,"FUSELAGE STRUCTURE (GENERAL)"
30093,53,"Fuselage","5300","AALA202311293098","other",0,"FUSELAGE STRUCTURE (GENERAL)"
29529,53,"Fuselage","5330","AALA202311309453","antenna",0,"FUSELAGE MAIN, PLATE/SKIN"
29516,53,"Fuselage","5300","AALA202311062727","other",0,"FUSELAGE STRUCTURE (GENERAL)"
29516,53,"Fuselage","5320","AALA202311060991","other",0,"FUSELAGE MISCELLANEOUS STRUCTURE"
44449,25,"Equipment / Furnishings","2530","AALA202310109668","oven",1,"BUFFET/GALLEYS"
33520,52,"Doors","5250","AALA202312046591","latch",0,"FIXED INNER DOORS"
44464,25,"Equipment / Furnishings","2560","AALA202401035174","door",1,"EMERGENCY EQUIPMENT"
33208,72,"Engine","7230","AALA202310134731","CND",3,"TURBINE ENGINE COMPRESSOR SECTION"
30078,53,"Fuselage","5320","AALA202312060117","other",0,"FUSELAGE MISCELLANEOUS STRUCTURE"
30098,53,"Fuselage","5340","AALA202312116324","other",0,"FUSELAGE MAIN, ATTACH FITTINGS"
29531,33,"Lights","3350","AALA202310176505","other",1,"EMERGENCY LIGHTING"
30080,53,"Fuselage","5340","AALA202312117970","other",0,"FUSELAGE MAIN, ATTACH FITTINGS"
30078,53,"Fuselage","5320","AALA202402031756","other",0,"FUSELAGE MISCELLANEOUS STRUCTURE"
33223,53,"Fuselage","5310","AALA202401082336","other",0,"FUSELAGE MAIN, STRUCTURE"
30600,72,"Engine","7200","AALA202312112926","CND",3,"ENGINE (TURBINE/TURBOPROP)"
31229,25,"Equipment / Furnishings","2560","AALA202311245514","latch",1,"EMERGENCY EQUIPMENT"
44458,28,"Fuel","2820","AALA202311246700","manifold",3,"ACFT FUEL DISTRIB. SYSTEM"
31197,53,"Fuselage","5320","AALA202310316992","other",0,"FUSELAGE MISCELLANEOUS STRUCTURE"
44465,53,"Fuselage","5320","AALA202310316173","panel",0,"FUSELAGE MISCELLANEOUS STRUCTURE"
68099,25,"Equipment / Furnishings","2560","AALA202310312696","latch",1,"EMERGENCY EQUIPMENT"
44465,53,"Fuselage","5320","AALA202311016096","panel",0,"FUSELAGE MISCELLANEOUS STRUCTURE"
33519,52,"Doors","5250","AALA202311305710","door",0,"FIXED INNER DOORS"
29513,53,"Fuselage","5300","AALA202311068825","other",0,"FUSELAGE STRUCTURE (GENERAL)"
29537,52,"Doors","5250","AALA202311066317","door",0,"FIXED INNER DOORS"
44464,25,"Equipment / Furnishings","2560","AALA202312295174","CND",1,"EMERGENCY EQUIPMENT"
31202,53,"Fuselage","5340","AALA202311086803","other",0,"FUSELAGE MAIN, ATTACH FITTINGS"
29539,52,"Doors","5250","AALA202312057145","door",0,"FIXED INNER DOORS"
31234,53,"Fuselage","5340","AALA202312063497","other",0,"FUSELAGE MAIN, ATTACH FITTINGS"
44452,25,"Equipment / Furnishings","2560","AALA202312082453","door",1,"EMERGENCY EQUIPMENT"
30079,53,"Fuselage","5320","AALA202401059647","other",0,"FUSELAGE MISCELLANEOUS STRUCTURE"
31277,27,"Flight Controls","2750","AALA202311130681","CND",3,"TE FLAP CONTROL SYSTEM"
44463,57,"Wings","5720","AALA202310230784","other",0,"WING MISCELLANEOUS STRUCTURE"
30916,52,"Doors","5250","AALA202402077596","door",0,"FIXED INNER DOORS"
33518,34,"Navigation","3410","AALA202310232497","module",3,"FLIGHT ENVIRONMENT DATA"
31141,25,"Equipment / Furnishings","2560","AALA202310233503","door",1,"EMERGENCY EQUIPMENT"
33327,25,"Equipment / Furnishings","2560","AALA202310245330","CND",1,"EMERGENCY EQUIPMENT"
44464,52,"Doors","5250","AALA202310241569","door",0,"FIXED INNER DOORS"
30091,52,"Doors","5250","AALA202311214563","door",0,"FIXED INNER DOORS"
29522,28,"Fuel","2840","AALA202311145081","compensator",3,"ACFT FUEL INDICATING SYSTEM"
29510,27,"Flight Controls","2750","AALA202311173716","other",3,"TE FLAP CONTROL SYSTEM"
30088,33,"Lights","3310","AALA202310302658","other",3,"FLIGHT COMPARTMENT LIGHTING"
29541,53,"Fuselage","5340","AALA202312228993","other",0,"FUSELAGE MAIN, ATTACH FITTINGS"
29529,72,"Engine","7200","AALA202312227007","CND",3,"ENGINE (TURBINE/TURBOPROP)"
29529,53,"Fuselage","5310","AALA202312116019","other",0,"FUSELAGE MAIN, STRUCTURE"
30079,53,"Fuselage","5310","AALA202312268177","other",0,"FUSELAGE MAIN, STRUCTURE"
29503,33,"Lights","3350","AALA202311271305","other",1,"EMERGENCY LIGHTING"
40579,25,"Equipment / Furnishings","2560","AALA202311274627","door",1,"EMERGENCY EQUIPMENT"
29521,53,"Fuselage","5310","AALA202312269377","other",0,"FUSELAGE MAIN, STRUCTURE"
44465,53,"Fuselage","5320","AALA202311019726","panel",0,"FUSELAGE MISCELLANEOUS STRUCTURE"
44465,53,"Fuselage","5320","AALA202311012221","panel",0,"FUSELAGE MISCELLANEOUS STRUCTURE"
44465,53,"Fuselage","5320","AALA202311014670","panel",0,"FUSELAGE MISCELLANEOUS STRUCTURE"
33240,52,"Doors","5250","AALA202311026961","latch",0,"FIXED INNER DOORS"
33206,52,"Doors","5250","AALA202311027024","latch",0,"FIXED INNER DOORS"
29507,33,"Lights","3350","AALA202311076032","other",1,"EMERGENCY LIGHTING"
29518,52,"Doors","5250","AALA202310117301","door",0,"FIXED INNER DOORS"
44475,53,"Fuselage","5340","AALA202401027112","hinge",0,"FUSELAGE MAIN, ATTACH FITTINGS"
30098,53,"Fuselage","5340","AALA202312111611","other",0,"FUSELAGE MAIN, ATTACH FITTINGS"
30080,53,"Fuselage","5340","AALA202312116440","other",0,"FUSELAGE MAIN, ATTACH FITTINGS"
30080,53,"Fuselage","5340","AALA202312117249","other",0,"FUSELAGE MAIN, ATTACH FITTINGS"
31280,53,"Fuselage","5310","AALA202312111467","panel",0,"FUSELAGE MAIN, STRUCTURE"
40769,53,"Fuselage","5320","AALA202310174145","panel",0,"FUSELAGE MISCELLANEOUS STRUCTURE"
31153,25,"Equipment / Furnishings","2560","AALA202312133269","other",1,"EMERGENCY EQUIPMENT"
31155,21,"Air Conditioning","2150","AALA202401081381","acm",3,"CABIN COOLING SYSTEM"
31172,52,"Doors","5250","AALA202312131920","switch",0,"FIXED INNER DOORS"
29531,53,"Fuselage","5320","AALA202310160007","other",0,"FUSELAGE MISCELLANEOUS STRUCTURE"
33223,53,"Fuselage","5320","AALA202401192374","other",0,"FUSELAGE MISCELLANEOUS STRUCTURE"
31137,53,"Fuselage","5320","AALA202311090148","panel",0,"FUSELAGE MISCELLANEOUS STRUCTURE"
30079,53,"Fuselage","5320","AALA202312189465","other",0,"FUSELAGE MISCELLANEOUS STRUCTURE"
29530,55,"Stabilizers","5510","AALA202312185891","other",0,"HORIZONTAL STABILIZER STRUCTURE"
30089,32,"Landing Gear","3240","AALA202310248296","brake",3,"LANDING GEAR BRAKE SYSTEM"
29513,33,"Lights","3350","AALA202311201415","other",1,"EMERGENCY LIGHTING"
33221,53,"Fuselage","5320","AALA202311133649","panel",0,"FUSELAGE MISCELLANEOUS STRUCTURE"
44463,53,"Fuselage","5330","AALA202310244025","other",0,"FUSELAGE MAIN, PLATE/SKIN"
29530,53,"Fuselage","5320","AALA202311225545","other",0,"FUSELAGE MISCELLANEOUS STRUCTURE"
31273,52,"Doors","5250","AALA202311163105","door",0,"FIXED INNER DOORS"
68103,52,"Doors","5250","AALA202310274105","door",0,"FIXED INNER DOORS"
30084,25,"Equipment / Furnishings","2560","AALA202312223319","door",1,"EMERGENCY EQUIPMENT"
33229,25,"Equipment / Furnishings","2560","AALA202311174749","battery",1,"EMERGENCY EQUIPMENT"
29545,53,"Fuselage","5320","AALA202311208426","other",0,"FUSELAGE MISCELLANEOUS STRUCTURE"
31143,52,"Doors","5210","AALA202310038122","door",0,"PASSENGER/CREW DOORS"
30079,53,"Fuselage","5320","AALA202312268355","panel",0,"FUSELAGE MISCELLANEOUS STRUCTURE"
31143,52,"Doors","5210","AALA202310052479","latch",3,"PASSENGER/CREW DOORS"
44459,53,"Fuselage","5320","AALA202310067137","other",0,"FUSELAGE MISCELLANEOUS STRUCTURE"
29513,33,"Lights","3350","AALA202311036980","pack",1,"EMERGENCY LIGHTING"
29513,53,"Fuselage","5300","AALA202311065578","other",0,"FUSELAGE STRUCTURE (GENERAL)"
29516,53,"Fuselage","5300","AALA202311064999","other",0,"FUSELAGE STRUCTURE (GENERAL)"
31169,52,"Doors","5250","AALA202311062452","door",0,"FIXED INNER DOORS"
29517,25,"Equipment / Furnishings","2560","AALA202312292828","CND",1,"EMERGENCY EQUIPMENT"
29546,25,"Equipment / Furnishings","2560","AALA202312015230","door",1,"EMERGENCY EQUIPMENT"
44480,25,"Equipment / Furnishings","2560","AALA202310118907","pack",1,"EMERGENCY EQUIPMENT"
33229,52,"Doors","5250","AALA202311156147","latch",0,"FIXED INNER DOORS"
40762,29,"Hydraulic Power","2910","AALA202310025343","actuator",3,"HYDRAULIC SYSTEM, MAIN"
29505,55,"Stabilizers","5520","AALA202312124118","CND",0,"ELEVATOR STRUCTURE"
30078,53,"Fuselage","5320","AALA202312060810","other",0,"FUSELAGE MISCELLANEOUS STRUCTURE"
30078,53,"Fuselage","5320","AALA202312079427","other",0,"FUSELAGE MISCELLANEOUS STRUCTURE"
30080,53,"Fuselage","5340","AALA202312116802","other",0,"FUSELAGE MAIN, ATTACH FITTINGS"
33348,25,"Equipment / Furnishings","2560","AALA202310189328","other",1,"EMERGENCY EQUIPMENT"
33222,53,"Fuselage","5320","AALA202401170843","panel",0,"FUSELAGE MISCELLANEOUS STRUCTURE"
44479,52,"Doors","5250","AALA202311131191","CND",0,"FIXED INNER DOORS"
30078,53,"Fuselage","5320","AALA202312188415","other",0,"FUSELAGE MISCELLANEOUS STRUCTURE"
29504,25,"Equipment / Furnishings","2560","AALA202312186625","other",1,"EMERGENCY EQUIPMENT"
31147,25,"Equipment / Furnishings","2560","AALA202312181361","other",1,"EMERGENCY EQUIPMENT"
33330,53,"Fuselage","5310","AALA202312188444","other",0,"FUSELAGE MAIN, STRUCTURE"
31275,33,"Lights","3350","AALA202310239714","CND",1,"EMERGENCY LIGHTING"
68099,52,"Doors","5210","AALA202311201558","hinge",3,"PASSENGER/CREW DOORS"
33225,26,"Fire Protection","2610","AALA202311204645","sensor",3,"DETECTION SYSTEM"
29518,53,"Fuselage","5340","AALA202312209453","other",0,"FUSELAGE MAIN, ATTACH FITTINGS"
31231,25,"Equipment / Furnishings","2560","AALA202310264523","CND",1,"EMERGENCY EQUIPMENT"
29521,53,"Fuselage","5320","AALA202401195074","other",0,"FUSELAGE MISCELLANEOUS STRUCTURE"
33221,53,"Fuselage","5320","AALA202311159914","other",0,"FUSELAGE MISCELLANEOUS STRUCTURE"
29541,53,"Fuselage","5340","AALA202312220321","other",0,"FUSELAGE MAIN, ATTACH FITTINGS"
33226,38,"Water / Waste","3830","AALA202310038617","other",3,"WASTE DISPOSAL SYSTEM"
33222,53,"Fuselage","5320","AALA202312262357","other",0,"FUSELAGE MISCELLANEOUS STRUCTURE"
33222,53,"Fuselage","5320","AALA202312263756","panel",0,"FUSELAGE MISCELLANEOUS STRUCTURE"
30916,28,"Fuel","2820","AALA202311279216","probe",3,"ACFT FUEL DISTRIB. SYSTEM"
31217,28,"Fuel","2800","AALA202312261469","CND",1,"AIRCRAFT FUEL SYSTEM"
30089,25,"Equipment / Furnishings","2560","AALA202312263262","door",1,"EMERGENCY EQUIPMENT"
44465,53,"Fuselage","5320","AALA202311011738","panel",0,"FUSELAGE MISCELLANEOUS STRUCTURE"
29529,53,"Fuselage","5310","AALA202311286899","other",0,"FUSELAGE MAIN, STRUCTURE"
31071,28,"Fuel","2840","AALA202311280039","probe",1,"ACFT FUEL INDICATING SYSTEM"
30087,25,"Equipment / Furnishings","2560","AALA202311030425","other",1,"EMERGENCY EQUIPMENT"
31135,52,"Doors","5210","AALA202312282949","CND",3,"PASSENGER/CREW DOORS"
31081,25,"Equipment / Furnishings","2560","AALA202311292555","other",1,"EMERGENCY EQUIPMENT"
31237,52,"Doors","5250","AALA202311307062","door",0,"FIXED INNER DOORS"
30078,53,"Fuselage","5320","AALA202312078763","other",0,"FUSELAGE MISCELLANEOUS STRUCTURE"
29513,53,"Fuselage","5310","AALA202310176836","other",0,"FUSELAGE MAIN, STRUCTURE"
33348,53,"Fuselage","5320","AALA202310170167","other",0,"FUSELAGE MISCELLANEOUS STRUCTURE"
30098,53,"Fuselage","5340","AALA202312116529","other",0,"FUSELAGE MAIN, ATTACH FITTINGS"
29531,53,"Fuselage","5320","AALA202310162190","other",0,"FUSELAGE MISCELLANEOUS STRUCTURE"
31155,21,"Air Conditioning","2150","AALA202401081857","acm",3,"CABIN COOLING SYSTEM"
29521,53,"Fuselage","5320","AALA202401166013","other",0,"FUSELAGE MISCELLANEOUS STRUCTURE"
31137,53,"Fuselage","5320","AALA202311091611","other",0,"FUSELAGE MISCELLANEOUS STRUCTURE"
29513,53,"Fuselage","5310","AALA202311090337","door",0,"FUSELAGE MAIN, STRUCTURE"
30080,53,"Fuselage","5330","AALA202311177748","other",0,"FUSELAGE MAIN, PLATE/SKIN"
29504,25,"Equipment / Furnishings","2560","AALA202312186407","other",1,"EMERGENCY EQUIPMENT"
29504,25,"Equipment / Furnishings","2560","AALA202312189025","other",1,"EMERGENCY EQUIPMENT"
29529,27,"Flight Controls","2710","AALA202312113052","control rod",2,"AILERON CONTROL SYSTEM"
29518,53,"Fuselage","5340","AALA202312202358","other",0,"FUSELAGE MAIN, ATTACH FITTINGS"
29518,53,"Fuselage","5340","AALA202312203869","other",0,"FUSELAGE MAIN, ATTACH FITTINGS"
29512,33,"Lights","3350","AALA202310254964","other",1,"EMERGENCY LIGHTING"
31079,55,"Stabilizers","5510","AALA202310274905","other",0,"HORIZONTAL STABILIZER STRUCTURE"
29541,53,"Fuselage","5340","AALA202312223907","other",0,"FUSELAGE MAIN, ATTACH FITTINGS"
31083,55,"Stabilizers","5510","AALA202310316482","other",0,"HORIZONTAL STABILIZER STRUCTURE"
44465,53,"Fuselage","5320","AALA202310313274","panel",0,"FUSELAGE MISCELLANEOUS STRUCTURE"
40769,53,"Fuselage","5310","AALA202310310290","other",0,"FUSELAGE MAIN, STRUCTURE"
44465,53,"Fuselage","5320","AALA202311014418","panel",0,"FUSELAGE MISCELLANEOUS STRUCTURE"
31067,52,"Doors","5250","AALA202312263928","door",0,"FIXED INNER DOORS"
44465,53,"Fuselage","5320","AALA202311018521","panel",0,"FUSELAGE MISCELLANEOUS STRUCTURE"
31137,53,"Fuselage","5320","AALA202311093306","panel",0,"FUSELAGE MISCELLANEOUS STRUCTURE"
44461,75,"Bleed Air","7510","AALA202311020922","CND",3,"ENGINE ANTI-ICING SYSTEM"
30093,53,"Fuselage","5300","AALA202311292802","other",0,"FUSELAGE STRUCTURE (GENERAL)"
30093,53,"Fuselage","5300","AALA202311296831","other",0,"FUSELAGE STRUCTURE (GENERAL)"
29529,53,"Fuselage","5320","AALA202311299423","other",0,"FUSELAGE MISCELLANEOUS STRUCTURE"
29522,57,"Wings","5710","AALA202311065555","other",0,"WING, MAIN FRAME STRUCTURE"
44465,57,"Wings","5720","AALA202311066598","panel",0,"WING MISCELLANEOUS STRUCTURE"
29522,33,"Lights","3350","AALA202311078887","other",1,"EMERGENCY LIGHTING"
33349,53,"Fuselage","5320","AALA202311087185","panel",0,"FUSELAGE MISCELLANEOUS STRUCTURE"
31135,52,"Doors","5210","AALA202401032949","door",3,"PASSENGER/CREW DOORS"
29531,33,"Lights","3350","AALA202310168786","pack",1,"EMERGENCY LIGHTING"
29529,53,"Fuselage","5320","AALA202312113462","other",0,"FUSELAGE MISCELLANEOUS STRUCTURE"
30098,53,"Fuselage","5340","AALA202312112968","other",0,"FUSELAGE MAIN, ATTACH FITTINGS"
30098,53,"Fuselage","5340","AALA202312118586","other",0,"FUSELAGE MAIN, ATTACH FITTINGS"
31203,53,"Fuselage","5310","AALA202312126756","other",0,"FUSELAGE MAIN, STRUCTURE"
44463,53,"Fuselage","5320","AALA202310179104","other",0,"FUSELAGE MISCELLANEOUS STRUCTURE"
29530,53,"Fuselage","5320","AALA202402058371","apu component",0,"FUSELAGE MISCELLANEOUS STRUCTURE"
29508,33,"Lights","3350","AALA202312136086","CND",1,"EMERGENCY LIGHTING"
31230,52,"Doors","5250","AALA202312131727","door",0,"FIXED INNER DOORS"
33213,28,"Fuel","2800","AALA202312184501","switch",1,"AIRCRAFT FUEL SYSTEM"
33223,53,"Fuselage","5320","AALA202401195430","door",0,"FUSELAGE MISCELLANEOUS STRUCTURE"
31165,25,"Equipment / Furnishings","2560","AALA202311135300","door",1,"EMERGENCY EQUIPMENT"
44483,24,"Electrical Power","2400","AALA202312118372","other",3,"ELECTRICAL POWER SYSTEM"
44483,24,"Electrical Power","2400","AALA202312113315","other",3,"ELECTRICAL POWER SYSTEM"
31273,33,"Lights","3350","AALA202310262914","CND",1,"EMERGENCY LIGHTING"
31079,55,"Stabilizers","5510","AALA202310272883","other",0,"HORIZONTAL STABILIZER STRUCTURE"
31083,53,"Fuselage","5320","AALA202310315579","other",0,"FUSELAGE MISCELLANEOUS STRUCTURE"
30077,53,"Fuselage","5340","AALA202310315576","other",0,"FUSELAGE MAIN, ATTACH FITTINGS"
33222,53,"Fuselage","5320","AALA202312265374","panel",0,"FUSELAGE MISCELLANEOUS STRUCTURE"
33222,53,"Fuselage","5320","AALA202312266482","panel",0,"FUSELAGE MISCELLANEOUS STRUCTURE"
31069,25,"Equipment / Furnishings","2560","AALA202312270611","other",1,"EMERGENCY EQUIPMENT"
40762,55,"Stabilizers","5540","AALA202311309908","duct",3,"RUDDER STRUCTURE"
33221,53,"Fuselage","5320","AALA202311303935","panel",0,"FUSELAGE MISCELLANEOUS STRUCTURE"
29522,53,"Fuselage","5300","AALA202311067069","other",0,"FUSELAGE STRUCTURE (GENERAL)"
29513,53,"Fuselage","5300","AALA202311063834","other",0,"FUSELAGE STRUCTURE (GENERAL)"
29570,52,"Doors","5210","AALA202311062794","door",0,"PASSENGER/CREW DOORS"
29516,53,"Fuselage","5300","AALA202311060533","other",0,"FUSELAGE STRUCTURE (GENERAL)"
29516,53,"Fuselage","5320","AALA202311069795","other",0,"FUSELAGE MISCELLANEOUS STRUCTURE"
33349,53,"Fuselage","5340","AALA202311082866","other",0,"FUSELAGE MAIN, ATTACH FITTINGS"
29523,28,"Fuel","2840","AALA202311084196","compensator",3,"ACFT FUEL INDICATING SYSTEM"
29542,33,"Lights","3350","AALA202311088683","other",1,"EMERGENCY LIGHTING"
33205,25,"Equipment / Furnishings","2560","AALA202312043407","door",1,"EMERGENCY EQUIPMENT"
29530,53,"Fuselage","5310","AALA202312067880","other",0,"FUSELAGE MAIN, STRUCTURE"
44469,25,"Equipment / Furnishings","2560","AALA202312088719","door",1,"EMERGENCY EQUIPMENT"
31075,25,"Equipment / Furnishings","2560","AALA202310183033","other",1,"EMERGENCY EQUIPMENT"
33223,53,"Fuselage","5310","AALA202401105653","door",0,"FUSELAGE MAIN, STRUCTURE"
29521,53,"Fuselage","5320","AALA202401168129","panel",0,"FUSELAGE MISCELLANEOUS STRUCTURE"
33210,33,"Lights","3350","AALA202405109357","CND",1,"EMERGENCY LIGHTING"
30908,53,"Fuselage","5310","AALA202405209789","other",0,"FUSELAGE MAIN, STRUCTURE"
29563,25,"Equipment / Furnishings","2560","AALA202401110870","door",1,"EMERGENCY EQUIPMENT"
29531,53,"Fuselage","5320","AALA202401122634","door",0,"FUSELAGE MISCELLANEOUS STRUCTURE"
30089,24,"Electrical Power","2400","AALA202401298049","other",3,"ELECTRICAL POWER SYSTEM"
30916,52,"Doors","5250","AALA202401234014","door",0,"FIXED INNER DOORS"
29524,52,"Doors","5210","AALA202401307158","latch",3,"PASSENGER/CREW DOORS"
30097,53,"Fuselage","5310","AALA202508283740","other",0,"FUSELAGE MAIN, STRUCTURE"
33328,52,"Doors","5250","AALA202507210408","door",0,"FIXED INNER DOORS"
30081,33,"Lights","3350","AALA202507211368","other",1,"EMERGENCY LIGHTING"
33489,25,"Equipment / Furnishings","2560","AALA202507319151","door",1,"EMERGENCY EQUIPMENT"
30095,25,"Equipment / Furnishings","2560","AALA202504147727","other",1,"EMERGENCY EQUIPMENT"
68115,25,"Equipment / Furnishings","2560","AALA202504217720","battery",1,"EMERGENCY EQUIPMENT"
31208,52,"Doors","5250","AALA202504219339","hinge",0,"FIXED INNER DOORS"
44451,25,"Equipment / Furnishings","2560","AALA202504025150","door",1,"EMERGENCY EQUIPMENT"
31167,53,"Fuselage","5320","AALA202504156771","panel",0,"FUSELAGE MISCELLANEOUS STRUCTURE"
31196,29,"Hydraulic Power","2910","AALA202504075792","CND",3,"HYDRAULIC SYSTEM, MAIN"
33209,28,"Fuel","2820","AALA202403048508","compensator",3,"ACFT FUEL DISTRIB. SYSTEM"
30099,53,"Fuselage","5340","AALA202402059146","other",0,"FUSELAGE MAIN, ATTACH FITTINGS"
30099,53,"Fuselage","5320","AALA202402051883","other",0,"FUSELAGE MISCELLANEOUS STRUCTURE"
30085,27,"Flight Controls","2780","AALA202402058115","sensor",3,"LE SLAT CONTROL SYSTEM"
30082,53,"Fuselage","5310","AALA202403078642","other",0,"FUSELAGE MAIN, STRUCTURE"
29521,53,"Fuselage","5320","AALA202402070415","other",0,"FUSELAGE MISCELLANEOUS STRUCTURE"
29521,53,"Fuselage","5310","AALA202402079783","other",0,"FUSELAGE MAIN, STRUCTURE"
29521,53,"Fuselage","5320","AALA202402093231","door",0,"FUSELAGE MISCELLANEOUS STRUCTURE"
33243,33,"Lights","3350","AALA202402125167","other",1,"EMERGENCY LIGHTING"
33488,52,"Doors","5250","AALA202402052705","door",0,"FIXED INNER DOORS"
30084,25,"Equipment / Furnishings","2530","AALA202505288321","oven",1,"BUFFET/GALLEYS"
29530,53,"Fuselage","5340","AALA202402143692","other",0,"FUSELAGE MAIN, ATTACH FITTINGS"
29530,53,"Fuselage","5340","AALA202402146240","other",0,"FUSELAGE MAIN, ATTACH FITTINGS"
29530,53,"Fuselage","5340","AALA202402146196","other",0,"FUSELAGE MAIN, ATTACH FITTINGS"
44450,53,"Fuselage","5320","AALA202402146152","door",0,"FUSELAGE MISCELLANEOUS STRUCTURE"
31111,25,"Equipment / Furnishings","2560","AALA202402268101","CND",1,"EMERGENCY EQUIPMENT"
31237,33,"Lights","3350","AALA202402194418","CND",1,"EMERGENCY LIGHTING"
31202,28,"Fuel","2840","AALA202402288867","compensator",3,"ACFT FUEL INDICATING SYSTEM"
33315,32,"Landing Gear","3250","AALA202402273278","brake",3,"LANDING GEAR STEERING SYSTEM"
33314,53,"Fuselage","5320","AALA202402289540","other",0,"FUSELAGE MISCELLANEOUS STRUCTURE"
29521,55,"Stabilizers","5510","AALA202402206199","other",0,"HORIZONTAL STABILIZER STRUCTURE"
31139,53,"Fuselage","5320","AALA202402218431","panel",0,"FUSELAGE MISCELLANEOUS STRUCTURE"
44490,32,"Landing Gear","3230","AALA202402224904","valve",3,"LANDING GEAR RETRACT/EXTEND SYSTEM"
31141,53,"Fuselage","5320","AALA202403018286","panel",0,"FUSELAGE MISCELLANEOUS STRUCTURE"
30097,53,"Fuselage","5340","AALA202402220542","other",0,"FUSELAGE MAIN, ATTACH FITTINGS"
30099,53,"Fuselage","5340","AALA202402054302","other",0,"FUSELAGE MAIN, ATTACH FITTINGS"
33314,53,"Fuselage","5320","AALA202404095279","other",0,"FUSELAGE MISCELLANEOUS STRUCTURE"
33220,21,"Air Conditioning","2130","AALA202402128306","panel",3,"CABIN PRESSURE CONTROL SYSTEM"
44447,53,"Fuselage","5320","AALA202402140678","panel",0,"FUSELAGE MISCELLANEOUS STRUCTURE"
33331,52,"Doors","5250","AALA202402266519","door",0,"FIXED INNER DOORS"
31139,53,"Fuselage","5320","AALA202402153049","panel",0,"FUSELAGE MISCELLANEOUS STRUCTURE"
30089,28,"Fuel","2820","AALA202402190049","CND",1,"ACFT FUEL DISTRIB. SYSTEM"
44485,25,"Equipment / Furnishings","2560","AALA202402197836","other",1,"EMERGENCY EQUIPMENT"
44447,52,"Doors","5250","AALA2024022728601","CND",0,"FIXED INNER DOORS"
33345,31,"Indicating / Recording System","3150","AALA202402284978","CND",3,"CENTRAL WARNING"
40766,29,"Hydraulic Power","2910","AALA202402282139","engine",3,"HYDRAULIC SYSTEM, MAIN"
31157,25,"Equipment / Furnishings","2560","AALA202402220826","door",1,"EMERGENCY EQUIPMENT"
31141,53,"Fuselage","5320","AALA202403043871","panel",0,"FUSELAGE MISCELLANEOUS STRUCTURE"
30099,53,"Fuselage","5340","AALA202402056335","other",0,"FUSELAGE MAIN, ATTACH FITTINGS"
30099,53,"Fuselage","5340","AALA202402054215","other",0,"FUSELAGE MAIN, ATTACH FITTINGS"
44451,52,"Doors","5220","AALA202402123345","door",0,"EMERGENCY EXITS"
29527,33,"Lights","3350","AALA202402136777","other",1,"EMERGENCY LIGHTING"
44462,53,"Fuselage","5300","AALA202402062084","latch",3,"FUSELAGE STRUCTURE (GENERAL)"
29521,53,"Fuselage","5320","AALA202402079887","other",0,"FUSELAGE MISCELLANEOUS STRUCTURE"
29574,25,"Equipment / Furnishings","2560","AALA202402093801","battery",1,"EMERGENCY EQUIPMENT"
44476,25,"Equipment / Furnishings","2560","AALA202402123967","door",1,"EMERGENCY EQUIPMENT"
44508,25,"Equipment / Furnishings","2560","AALA202504285865","door",1,"EMERGENCY EQUIPMENT"
30078,51,"Standard Practices And Structures - General","5100","AALA202402145963","CND",0,"STANDARD PRACTICES/STRUCTURES"
31218,53,"Fuselage","5310","AALA202402265585","door",0,"FUSELAGE MAIN, STRUCTURE"
33491,25,"Equipment / Furnishings","2560","AALA202402265754","battery",1,"EMERGENCY EQUIPMENT"
30920,32,"Landing Gear","3210","AALA202402197870","other",2,"MAIN LANDING GEAR"
29555,52,"Doors","5250","AALA202402162567","door",0,"FIXED INNER DOORS"
31250,33,"Lights","3350","AALA202402272793","battery",1,"EMERGENCY LIGHTING"
29547,34,"Navigation","3420","AALA202402279798","other",3,"ATTITUDE AND DIRECTION DATA SYSTEM"
30082,53,"Fuselage","5320","AALA202402280321","other",0,"FUSELAGE MISCELLANEOUS STRUCTURE"
29522,52,"Doors","5250","AALA202402289258","door",0,"FIXED INNER DOORS"
29528,25,"Equipment / Furnishings","2560","AALA202512302005","other",1,"EMERGENCY EQUIPMENT"
30598,33,"Lights","3350","AALA202402222880","door",1,"EMERGENCY LIGHTING"
29533,53,"Fuselage","5310","AALA202402239976","wheel",0,"FUSELAGE MAIN, STRUCTURE"
31199,33,"Lights","3350","AALA202403040313","door",1,"EMERGENCY LIGHTING"
29533,53,"Fuselage","5320","AALA202402027322","panel",0,"FUSELAGE MISCELLANEOUS STRUCTURE"
29532,25,"Equipment / Furnishings","2560","AALA202402067002","door",1,"EMERGENCY EQUIPMENT"
29532,53,"Fuselage","5320","AALA202402070860","other",0,"FUSELAGE MISCELLANEOUS STRUCTURE"
31139,53,"Fuselage","5320","AALA202402076963","other",0,"FUSELAGE MISCELLANEOUS STRUCTURE"
31139,53,"Fuselage","5320","AALA202402070028","panel",0,"FUSELAGE MISCELLANEOUS STRUCTURE"
29536,25,"Equipment / Furnishings","2560","AALA202402079323","door",1,"EMERGENCY EQUIPMENT"
29508,52,"Doors","5250","AALA202402092230","hinge",0,"FIXED INNER DOORS"
68100,25,"Equipment / Furnishings","2560","AALA202402098598","other",1,"EMERGENCY EQUIPMENT"
31228,52,"Doors","5250","AALA202402135691","door",0,"FIXED INNER DOORS"
31067,33,"Lights","3350","AALA202402141651","other",1,"EMERGENCY LIGHTING"
30920,32,"Landing Gear","3210","AALA202402199003","other",2,"MAIN LANDING GEAR"
29531,33,"Lights","3350","AALA202402077665","door",1,"EMERGENCY LIGHTING"
31091,33,"Lights","3350","AALA202402299128","other",1,"EMERGENCY LIGHTING"
31107,52,"Doors","5250","AALA202402291094","door",0,"FIXED INNER DOORS"
40769,52,"Doors","5210","AALA202402299802","door",0,"PASSENGER/CREW DOORS"
30097,53,"Fuselage","5340","AALA202402227159","other",0,"FUSELAGE MAIN, ATTACH FITTINGS"
30097,53,"Fuselage","5340","AALA202402223987","other",0,"FUSELAGE MAIN, ATTACH FITTINGS"
33345,21,"Air Conditioning","2120","AALA202403044978","duct",3,"AIR DISTRIBUTION SYSTEM"
33314,53,"Fuselage","5320","AALA202403054849","other",0,"FUSELAGE MISCELLANEOUS STRUCTURE"
30091,53,"Fuselage","5320","AALA202502146875","panel",0,"FUSELAGE MISCELLANEOUS STRUCTURE"
44447,53,"Fuselage","5320","AALA202402143337","panel",0,"FUSELAGE MISCELLANEOUS STRUCTURE"
29515,22,"Auto Flight","2210","AALA202402263276","switch",3,"AUTOPILOT SYSTEM"
33229,25,"Equipment / Furnishings","2560","AALA202402268212","door",1,"EMERGENCY EQUIPMENT"
33314,53,"Fuselage","5310","AALA202406075536","other",0,"FUSELAGE MAIN, STRUCTURE"
31192,25,"Equipment / Furnishings","2560","AALA202402279021","CND",1,"EMERGENCY EQUIPMENT"
31202,28,"Fuel","2840","AALA202402286078","compensator",3,"ACFT FUEL INDICATING SYSTEM"
33329,33,"Lights","3350","AALA202402277247","CND",1,"EMERGENCY LIGHTING"
31111,25,"Equipment / Furnishings","2560","AALA202402278101","door",1,"EMERGENCY EQUIPMENT"
33314,53,"Fuselage","5310","AALA202406100919","other",0,"FUSELAGE MAIN, STRUCTURE"
31241,25,"Equipment / Furnishings","2560","AALA202402209833","door",1,"EMERGENCY EQUIPMENT"
31165,25,"Equipment / Furnishings","2560","AALA202402157153","CND",1,"EMERGENCY EQUIPMENT"
29528,53,"Fuselage","5320","AALA202410253629","other",0,"FUSELAGE MISCELLANEOUS STRUCTURE"
44450,52,"Doors","5250","AALA202402144724","panel",0,"FIXED INNER DOORS"
33319,52,"Doors","5250","AALA202402215297","CND",0,"FIXED INNER DOORS"
29545,29,"Hydraulic Power","2910","AALA202403044813","engine",3,"HYDRAULIC SYSTEM, MAIN"
29521,53,"Fuselage","5320","AALA202402020959","panel",0,"FUSELAGE MISCELLANEOUS STRUCTURE"
31161,33,"Lights","3350","AALA202402038809","panel",1,"EMERGENCY LIGHTING"
40583,33,"Lights","3350","AALA202512193232","other",1,"EMERGENCY LIGHTING"
30082,53,"Fuselage","5320","AALA202402284990","other",0,"FUSELAGE MISCELLANEOUS STRUCTURE"
30082,53,"Fuselage","5320","AALA202402283649","other",0,"FUSELAGE MISCELLANEOUS STRUCTURE"
30079,56,"Windows","5610","AALA202402282479","CND",3,"FLIGHT COMPARTMENT WINDOWS"
31192,25,"Equipment / Furnishings","2560","AALA202403019021","door",1,"EMERGENCY EQUIPMENT"
30097,53,"Fuselage","5320","AALA202402236784","other",0,"FUSELAGE MISCELLANEOUS STRUCTURE"
29533,53,"Fuselage","5310","AALA202402022303","other",0,"FUSELAGE MAIN, STRUCTURE"
29533,53,"Fuselage","5320","AALA202402021414","other",0,"FUSELAGE MISCELLANEOUS STRUCTURE"
29521,53,"Fuselage","5320","AALA202402023768","other",0,"FUSELAGE MISCELLANEOUS STRUCTURE"
29572,52,"Doors","5250","AALA202402149139","CND",0,"FIXED INNER DOORS"
31139,53,"Fuselage","5320","AALA202402068252","other",0,"FUSELAGE MISCELLANEOUS STRUCTURE"
31139,53,"Fuselage","5320","AALA202402070397","other",0,"FUSELAGE MISCELLANEOUS STRUCTURE"
29531,25,"Equipment / Furnishings","2560","AALA202402071145","door",1,"EMERGENCY EQUIPMENT"
30916,52,"Doors","5250","AALA202402071770","door",0,"FIXED INNER DOORS"
44451,53,"Fuselage","5320","AALA202402263894","panel",0,"FUSELAGE MISCELLANEOUS STRUCTURE"
68107,25,"Equipment / Furnishings","2530","AALA202402192379","CND",1,"BUFFET/GALLEYS"
29534,33,"Lights","3350","AALA202402265494","other",1,"EMERGENCY LIGHTING"
68107,25,"Equipment / Furnishings","2530","AALA202402262379","oven",1,"BUFFET/GALLEYS"
29505,26,"Fire Protection","2610","AALA202402284604","panel",3,"DETECTION SYSTEM"
29545,29,"Hydraulic Power","2910","AALA202402294813","CND",3,"HYDRAULIC SYSTEM, MAIN"
31261,52,"Doors","5250","AALA202402215525","door",0,"FIXED INNER DOORS"
30903,56,"Windows","5610","AALA202402227028","window",0,"FLIGHT COMPARTMENT WINDOWS"
29513,28,"Fuel","2820","AALA202402213725","relay",3,"ACFT FUEL DISTRIB. SYSTEM"
31141,53,"Fuselage","5320","AALA202403019320","door",0,"FUSELAGE MISCELLANEOUS STRUCTURE"
30097,53,"Fuselage","5340","AALA202402227660","other",0,"FUSELAGE MAIN, ATTACH FITTINGS"
33329,52,"Doors","5250","AALA202402031944","hinge",0,"FIXED INNER DOORS"
30099,53,"Fuselage","5340","AALA202402051040","other",0,"FUSELAGE MAIN, ATTACH FITTINGS"
30099,53,"Fuselage","5340","AALA202402055356","other",0,"FUSELAGE MAIN, ATTACH FITTINGS"
29574,26,"Fire Protection","2620","AALA202402052869","CND",2,"EXTINGUISHING SYSTEM"
30920,23,"Communication","2350","AALA202402066618","pack",1,"AUDIO INTEGRATING SYSTEM"
31103,52,"Doors","5250","AALA202402128918","door",0,"FIXED INNER DOORS"
29521,53,"Fuselage","5310","AALA202402081450","other",0,"FUSELAGE MAIN, STRUCTURE"
44450,52,"Doors","5250","AALA202402096152","CND",0,"FIXED INNER DOORS"
30082,57,"Wings","5710","AALA202404099730","other",0,"WING, MAIN FRAME STRUCTURE"
30920,32,"Landing Gear","3200","AALA202402128047","CND",3,"LANDING GEAR SYSTEM"
31173,52,"Doors","5250","AALA202402123127","CND",0,"FIXED INNER DOORS"
29574,26,"Fire Protection","2620","AALA202402122869","apu component",2,"EXTINGUISHING SYSTEM"
29530,53,"Fuselage","5340","AALA202402141636","other",0,"FUSELAGE MAIN, ATTACH FITTINGS"
31107,52,"Doors","5250","AALA202402202820","panel",0,"FIXED INNER DOORS"
31107,52,"Doors","5250","AALA202402152820","CND",0,"FIXED INNER DOORS"
44480,33,"Lights","3350","AALA202402156951","door",1,"EMERGENCY LIGHTING"
31111,25,"Equipment / Furnishings","2560","AALA202402269605","door",1,"EMERGENCY EQUIPMENT"
29508,52,"Doors","5240","AALA202402271397","door",0,"SERVICE DOORS"
33342,25,"Equipment / Furnishings","2560","AALA202512107711","other",1,"EMERGENCY EQUIPMENT"
30082,53,"Fuselage","5320","AALA202402281124","other",0,"FUSELAGE MISCELLANEOUS STRUCTURE"
29505,26,"Fire Protection","2610","AALA202402286603","panel",3,"DETECTION SYSTEM"
31141,53,"Fuselage","5320","AALA202403019364","other",0,"FUSELAGE MISCELLANEOUS STRUCTURE"
30082,53,"Fuselage","5320","AALA202403040156","other",0,"FUSELAGE MISCELLANEOUS STRUCTURE"
31141,53,"Fuselage","5320","AALA202403060183","panel",0,"FUSELAGE MISCELLANEOUS STRUCTURE"
30087,25,"Equipment / Furnishings","2560","AALA202402054717","door",1,"EMERGENCY EQUIPMENT"
33256,53,"Fuselage","5320","AALA202402062205","CND",0,"FUSELAGE MISCELLANEOUS STRUCTURE"
33231,28,"Fuel","2820","AALA202402068962","engine",3,"ACFT FUEL DISTRIB. SYSTEM"
30092,52,"Doors","5210","AALA202402071577","door",0,"PASSENGER/CREW DOORS"
29532,55,"Stabilizers","5510","AALA202402075607","other",0,"HORIZONTAL STABILIZER STRUCTURE"
31205,25,"Equipment / Furnishings","2560","AALA202402076211","door",1,"EMERGENCY EQUIPMENT"
31141,53,"Fuselage","5320","AALA202403043762","panel",0,"FUSELAGE MISCELLANEOUS STRUCTURE"
33314,53,"Fuselage","5320","AALA202404090548","other",0,"FUSELAGE MISCELLANEOUS STRUCTURE"
44447,53,"Fuselage","5320","AALA202402146116","panel",0,"FUSELAGE MISCELLANEOUS STRUCTURE"
33327,25,"Equipment / Furnishings","2560","AALA202402145792","door",1,"EMERGENCY EQUIPMENT"
29530,57,"Wings","5710","AALA202402144852","other",0,"WING, MAIN FRAME STRUCTURE"
29538,27,"Flight Controls","2750","AALA202402147664","control rod",2,"TE FLAP CONTROL SYSTEM"
31155,25,"Equipment / Furnishings","2560","AALA202402160519","CND",1,"EMERGENCY EQUIPMENT"
29521,53,"Fuselage","5320","AALA202402079151","other",0,"FUSELAGE MISCELLANEOUS STRUCTURE"
31141,53,"Fuselage","5320","AALA202403055280","panel",0,"FUSELAGE MISCELLANEOUS STRUCTURE"
33318,34,"Navigation","3430","AALA202402226510","antenna",3,"LANDING AND TAXI AIDS"
30097,53,"Fuselage","5340","AALA202402221688","other",0,"FUSELAGE MAIN, ATTACH FITTINGS"
40766,25,"Equipment / Furnishings","2560","AALA202402273424","door",1,"EMERGENCY EQUIPMENT"
30096,28,"Fuel","2820","AALA202402278622","relay",3,"ACFT FUEL DISTRIB. SYSTEM"
31139,53,"Fuselage","5310","AALA202402200571","other",0,"FUSELAGE MAIN, STRUCTURE"
29533,53,"Fuselage","5310","AALA202402215284","other",0,"FUSELAGE MAIN, STRUCTURE"
30097,53,"Fuselage","5340","AALA202402228270","other",0,"FUSELAGE MAIN, ATTACH FITTINGS"
33346,52,"Doors","5250","AALA202402234281","latch",0,"FIXED INNER DOORS"
31141,53,"Fuselage","5310","AALA202403018146","other",0,"FUSELAGE MAIN, STRUCTURE"
33229,52,"Doors","5250","AALA202402266027","door",0,"FIXED INNER DOORS"
29533,55,"Stabilizers","5510","AALA202402089780","other",0,"HORIZONTAL STABILIZER STRUCTURE"
44447,53,"Fuselage","5320","AALA202402141340","panel",0,"FUSELAGE MISCELLANEOUS STRUCTURE"
33340,52,"Doors","5250","AALA202402260123","CND",0,"FIXED INNER DOORS"
30920,32,"Landing Gear","3210","AALA202402201112","wheel",2,"MAIN LANDING GEAR"
44449,28,"Fuel","2820","AALA202402278041","circuit breaker",3,"ACFT FUEL DISTRIB. SYSTEM"
33520,34,"Navigation","3460","AALA202402275616","CND",3,"FLT MANAGE. COMPUTING HARDWARE SYS"
31139,53,"Fuselage","5320","AALA202402213953","panel",0,"FUSELAGE MISCELLANEOUS STRUCTURE"
30098,25,"Equipment / Furnishings","2560","AALA202402090073","door",1,"EMERGENCY EQUIPMENT"
29538,28,"Fuel","2820","AALA202402212599","switch",3,"ACFT FUEL DISTRIB. SYSTEM"
29521,53,"Fuselage","5340","AALA202402026273","door",0,"FUSELAGE MAIN, ATTACH FITTINGS"
31261,52,"Doors","5250","AALA202402056175","door",0,"FIXED INNER DOORS"
29532,55,"Stabilizers","5510","AALA202402067258","other",0,"HORIZONTAL STABILIZER STRUCTURE"
30081,53,"Fuselage","5320","AALA202402071510","other",0,"FUSELAGE MISCELLANEOUS STRUCTURE"
31139,53,"Fuselage","5320","AALA202402073743","other",0,"FUSELAGE MISCELLANEOUS STRUCTURE"
33314,53,"Fuselage","5320","AALA202403133788","other",0,"FUSELAGE MISCELLANEOUS STRUCTURE"
33344,53,"Fuselage","5340","AALA202402124160","hinge",0,"FUSELAGE MAIN, ATTACH FITTINGS"
33222,52,"Doors","5250","AALA202402133649","door",0,"FIXED INNER DOORS"
31139,53,"Fuselage","5320","AALA202402150073","panel",0,"FUSELAGE MISCELLANEOUS STRUCTURE"
29512,52,"Doors","5250","AALA202509298356","latch",0,"FIXED INNER DOORS"
30082,53,"Fuselage","5320","AALA202403256842","other",0,"FUSELAGE MISCELLANEOUS STRUCTURE"
30082,53,"Fuselage","5320","AALA202402284032","other",0,"FUSELAGE MISCELLANEOUS STRUCTURE"
31111,52,"Doors","5250","AALA202402277995","door",0,"FIXED INNER DOORS"
30920,29,"Hydraulic Power","2910","AALA202402209476","module",3,"HYDRAULIC SYSTEM, MAIN"
68107,28,"Fuel","2820","AALA202402205239","switch",1,"ACFT FUEL DISTRIB. SYSTEM"
29555,33,"Lights","3350","AALA202402202724","other",1,"EMERGENCY LIGHTING"
30082,53,"Fuselage","5320","AALA202402288697","other",0,"FUSELAGE MISCELLANEOUS STRUCTURE"
31103,52,"Doors","5250","AALA202402098856","door",0,"FIXED INNER DOORS"
44490,32,"Landing Gear","3200","AALA202402214904","CND",3,"LANDING GEAR SYSTEM"
33340,52,"Doors","5250","AALA202403010123","door",0,"FIXED INNER DOORS"
31141,53,"Fuselage","5320","AALA202403019253","brake",0,"FUSELAGE MISCELLANEOUS STRUCTURE"
31139,53,"Fuselage","5310","AALA202402038111","duct",0,"FUSELAGE MAIN, STRUCTURE"
30099,53,"Fuselage","5340","AALA202402057717","other",0,"FUSELAGE MAIN, ATTACH FITTINGS"
30082,53,"Fuselage","5320","AALA202403072364","other",0,"FUSELAGE MISCELLANEOUS STRUCTURE"
29521,53,"Fuselage","5320","AALA202402073371","other",0,"FUSELAGE MISCELLANEOUS STRUCTURE"
30082,53,"Fuselage","5310","AALA202403134421","door",0,"FUSELAGE MAIN, STRUCTURE"
29533,53,"Fuselage","5320","AALA202402120627","panel",0,"FUSELAGE MISCELLANEOUS STRUCTURE"
31169,28,"Fuel","2820","AALA202402129240","switch",1,"ACFT FUEL DISTRIB. SYSTEM"
29530,53,"Fuselage","5340","AALA202402148809","other",0,"FUSELAGE MAIN, ATTACH FITTINGS"
30081,53,"Fuselage","5310","AALA202402158275","other",0,"FUSELAGE MAIN, STRUCTURE"
33222,52,"Doors","5250","AALA202402197685","door",0,"FIXED INNER DOORS"
31226,52,"Doors","5250","AALA202402190072","door",0,"FIXED INNER DOORS"
31202,28,"Fuel","2840","AALA202402281578","compensator",3,"ACFT FUEL INDICATING SYSTEM"
40766,25,"Equipment / Furnishings","2560","AALA202402275984","door",1,"EMERGENCY EQUIPMENT"
30089,28,"Fuel","2820","AALA202402270049","relay",1,"ACFT FUEL DISTRIB. SYSTEM"
31185,52,"Doors","5210","AALA202402208755","door",3,"PASSENGER/CREW DOORS"
29538,28,"Fuel","2820","AALA202402202599","CND",3,"ACFT FUEL DISTRIB. SYSTEM"
29505,26,"Fire Protection","2600","AALA202402282603","panel",3,"FIRE PROTECTION SYSTEM"
40766,29,"Hydraulic Power","2910","AALA202402282105","engine",3,"HYDRAULIC SYSTEM, MAIN"
31139,53,"Fuselage","5320","AALA202402211976","panel",0,"FUSELAGE MISCELLANEOUS STRUCTURE"
29521,53,"Fuselage","5330","AALA202402291137","other",0,"FUSELAGE MAIN, PLATE/SKIN"
29555,52,"Doors","5250","AALA202402221923","door",0,"FIXED INNER DOORS"
33343,52,"Doors","5250","AALA202402216350","latch",0,"FIXED INNER DOORS"
31250,25,"Equipment / Furnishings","2560","AALA202403012111","door",3,"EMERGENCY EQUIPMENT"
30097,53,"Fuselage","5340","AALA202402225341","other",0,"FUSELAGE MAIN, ATTACH FITTINGS"
33314,53,"Fuselage","5310","AALA202406078400","other",0,"FUSELAGE MAIN, STRUCTURE"
30099,53,"Fuselage","5340","AALA202402056558","other",0,"FUSELAGE MAIN, ATTACH FITTINGS"
29533,53,"Fuselage","5320","AALA202402059914","other",0,"FUSELAGE MISCELLANEOUS STRUCTURE"
30916,28,"Fuel","2820","AALA202402052401","pump",1,"ACFT FUEL DISTRIB. SYSTEM"
31139,53,"Fuselage","5310","AALA202402058222","wheel",0,"FUSELAGE MAIN, STRUCTURE"
30916,52,"Doors","5250","AALA202402051770","CND",0,"FIXED INNER DOORS"
30082,53,"Fuselage","5320","AALA202403137405","door",0,"FUSELAGE MISCELLANEOUS STRUCTURE"
30082,53,"Fuselage","5320","AALA202403137385","door",0,"FUSELAGE MISCELLANEOUS STRUCTURE"
44447,53,"Fuselage","5320","AALA202402143376","panel",0,"FUSELAGE MISCELLANEOUS STRUCTURE"
29507,33,"Lights","3350","AALA202402169295","other",1,"EMERGENCY LIGHTING"
29542,25,"Equipment / Furnishings","2560","AALA202402127948","door",1,"EMERGENCY EQUIPMENT"
31258,33,"Lights","3350","AALA202402260042","door",1,"EMERGENCY LIGHTING"
30082,53,"Fuselage","5320","AALA202402286626","other",0,"FUSELAGE MISCELLANEOUS STRUCTURE"
29547,34,"Navigation","3420","AALA202402270569","other",3,"ATTITUDE AND DIRECTION DATA SYSTEM"
33319,52,"Doors","5250","AALA202402194618","door",0,"FIXED INNER DOORS"
31237,33,"Lights","3350","AALA202402224418","switch",1,"EMERGENCY LIGHTING"
30092,52,"Doors","5240","AALA202402078714","door",0,"SERVICE DOORS"
31153,72,"Engine","7230","AALA202402197592","fan",3,"TURBINE ENGINE COMPRESSOR SECTION"
31173,52,"Doors","5250","AALA202402133127","CND",0,"FIXED INNER DOORS"
29538,27,"Flight Controls","2750","AALA202402137664","CND",2,"TE FLAP CONTROL SYSTEM"
44447,53,"Fuselage","5320","AALA202402146482","panel",0,"FUSELAGE MISCELLANEOUS STRUCTURE"
29530,53,"Fuselage","5340","AALA202402144543","other",0,"FUSELAGE MAIN, ATTACH FITTINGS"
29547,34,"Navigation","3400","AALA202402269798","CND",3,"NAVIGATION SYSTEM"
30914,25,"Equipment / Furnishings","2530","AALA202402260046","oven",1,"BUFFET/GALLEYS"
44451,53,"Fuselage","5320","AALA202402237295","panel",0,"FUSELAGE MISCELLANEOUS STRUCTURE"
33314,53,"Fuselage","5320","AALA202403058515","other",0,"FUSELAGE MISCELLANEOUS STRUCTURE"
44467,52,"Doors","5250","AALA202402263656","door",0,"FIXED INNER DOORS"
29572,52,"Doors","5250","AALA202402199139","latch",0,"FIXED INNER DOORS"
33316,25,"Equipment / Furnishings","2560","AALA202402299838","other",1,"EMERGENCY EQUIPMENT"
30097,53,"Fuselage","5340","AALA202402220200","other",0,"FUSELAGE MAIN, ATTACH FITTINGS"
33314,25,"Equipment / Furnishings","2560","AALA202403055842","door",1,"EMERGENCY EQUIPMENT"
40769,53,"Fuselage","5340","AALA202502268239","hinge",0,"FUSELAGE MAIN, ATTACH FITTINGS"
29521,53,"Fuselage","5310","AALA202402072371","other",0,"FUSELAGE MAIN, STRUCTURE"
44480,33,"Lights","3350","AALA202402153306","other",1,"EMERGENCY LIGHTING"
29570,52,"Doors","5250","AALA202402196333","hinge",0,"FIXED INNER DOORS"
33229,52,"Doors","5250","AALA202402196027","CND",0,"FIXED INNER DOORS"
33314,53,"Fuselage","5310","AALA202406101545","other",0,"FUSELAGE MAIN, STRUCTURE"
33315,32,"Landing Gear","3240","AALA202402274917","brake",3,"LANDING GEAR BRAKE SYSTEM"
30920,32,"Landing Gear","3240","AALA202402208047","module",3,"LANDING GEAR BRAKE SYSTEM"
40766,29,"Hydraulic Power","2910","AALA202402287533","engine",3,"HYDRAULIC SYSTEM, MAIN"
33329,33,"Lights","3350","AALA202403017247","other",1,"EMERGENCY LIGHTING"
33319,52,"Doors","5250","AALA202403015297","door",0,"FIXED INNER DOORS"
33209,73,"Engine - Fuel And Control","7320","AALA202403018508","CND",3,"FUEL CONTROLLING SYSTEM"
31268,25,"Equipment / Furnishings","2560","AALA202403010570","other",1,"EMERGENCY EQUIPMENT"
44447,52,"Doors","5250","AALA202403042860","door",0,"FIXED INNER DOORS"
44446,52,"Doors","5250","AALA202402050644","door",0,"FIXED INNER DOORS"
30099,53,"Fuselage","5340","AALA202402051024","other",0,"FUSELAGE MAIN, ATTACH FITTINGS"
29533,53,"Fuselage","5320","AALA202402052865","door",0,"FUSELAGE MISCELLANEOUS STRUCTURE"
31139,53,"Fuselage","5320","AALA202402079218","other",0,"FUSELAGE MISCELLANEOUS STRUCTURE"
31200,52,"Doors","5250","AALA202410013488","latch",0,"FIXED INNER DOORS"
29531,53,"Fuselage","5320","AALA202402079890","panel",0,"FUSELAGE MISCELLANEOUS STRUCTURE"
29531,52,"Doors","5250","AALA202402075398","door",0,"FIXED INNER DOORS"
29533,53,"Fuselage","5310","AALA202402096005","door",0,"FUSELAGE MAIN, STRUCTURE"
29549,33,"Lights","3350","AALA202402095984","other",1,"EMERGENCY LIGHTING"
29533,53,"Fuselage","5320","AALA202402095488","panel",0,"FUSELAGE MISCELLANEOUS STRUCTURE"
31169,28,"Fuel","2820","AALA202402099240","CND",1,"ACFT FUEL DISTRIB. SYSTEM"
68100,25,"Equipment / Furnishings","2560","AALA202402098067","other",1,"EMERGENCY EQUIPMENT"
44476,52,"Doors","5250","AALA202402128933","door",0,"FIXED INNER DOORS"
31218,52,"Doors","5250","AALA202402128602","door",0,"FIXED INNER DOORS"
44447,53,"Fuselage","5320","AALA202402144071","panel",0,"FUSELAGE MISCELLANEOUS STRUCTURE"
29530,57,"Wings","5710","AALA202402147493","other",0,"WING, MAIN FRAME STRUCTURE"
29521,53,"Fuselage","5320","AALA202402164451","door",0,"FUSELAGE MISCELLANEOUS STRUCTURE"
29524,33,"Lights","3350","AALA202407038045","CND",1,"EMERGENCY LIGHTING"
31141,53,"Fuselage","5340","AALA202403066471","other",0,"FUSELAGE MAIN, ATTACH FITTINGS"
30078,33,"Lights","3350","AALA202403115963","other",1,"EMERGENCY LIGHTING"
29530,53,"Fuselage","5340","AALA202402149940","other",0,"FUSELAGE MAIN, ATTACH FITTINGS"
30097,53,"Fuselage","5320","AALA202402263536","brake",0,"FUSELAGE MISCELLANEOUS STRUCTURE"
68107,25,"Equipment / Furnishings","2530","AALA202402260413","oven",1,"BUFFET/GALLEYS"
31236,25,"Equipment / Furnishings","2560","AALA202402264044","door",3,"EMERGENCY EQUIPMENT"
31202,28,"Fuel","2840","AALA202402288382","compensator",3,"ACFT FUEL INDICATING SYSTEM"
31202,28,"Fuel","2840","AALA202402287952","compensator",3,"ACFT FUEL INDICATING SYSTEM"
33256,52,"Doors","5250","AALA202402052205","CND",0,"FIXED INNER DOORS"
30096,28,"Fuel","2820","AALA202402276890","relay",3,"ACFT FUEL DISTRIB. SYSTEM"
29547,34,"Navigation","3420","AALA202402276369","other",3,"ATTITUDE AND DIRECTION DATA SYSTEM"
31202,28,"Fuel","2800","AALA202402206078","CND",3,"AIRCRAFT FUEL SYSTEM"
44475,52,"Doors","5250","AALA202402208694","latch",3,"FIXED INNER DOORS"
33346,52,"Doors","5250","AALA202402211522","latch",0,"FIXED INNER DOORS"
31079,25,"Equipment / Furnishings","2560","AALA202402223903","door",1,"EMERGENCY EQUIPMENT"
31099,52,"Doors","5250","AALA202402233420","door",0,"FIXED INNER DOORS"
33343,52,"Doors","5250","AALA202402217134","latch",0,"FIXED INNER DOORS"
31250,33,"Lights","3350","AALA202403014211","battery",1,"EMERGENCY LIGHTING"
31141,53,"Fuselage","5320","AALA202403019998","brake",0,"FUSELAGE MISCELLANEOUS STRUCTURE"
31141,53,"Fuselage","5320","AALA202403014472","panel",0,"FUSELAGE MISCELLANEOUS STRUCTURE"
31141,53,"Fuselage","5320","AALA202403018923","panel",0,"FUSELAGE MISCELLANEOUS STRUCTURE"
31141,53,"Fuselage","5320","AALA202403011498","other",0,"FUSELAGE MISCELLANEOUS STRUCTURE"
30079,25,"Equipment / Furnishings","2560","AALA202402235486","door",1,"EMERGENCY EQUIPMENT"
31215,25,"Equipment / Furnishings","2560","AALA202402053725","door",1,"EMERGENCY EQUIPMENT"
30085,27,"Flight Controls","2780","AALA202402028115","CND",3,"LE SLAT CONTROL SYSTEM"
31253,25,"Equipment / Furnishings","2560","AALA202402053423","pack",1,"EMERGENCY EQUIPMENT"
31147,53,"Fuselage","5340","AALA202402067206","hinge",0,"FUSELAGE MAIN, ATTACH FITTINGS"
33338,25,"Equipment / Furnishings","2560","AALA202402069910","door",1,"EMERGENCY EQUIPMENT"
33231,73,"Engine - Fuel And Control","7300","AALA202402068939","engine",3,"ENGINE FUEL AND CONTROL"
33316,25,"Equipment / Furnishings","2560","AALA202402219486","door",1,"EMERGENCY EQUIPMENT"
33334,56,"Windows","5610","AALA202402083760","window",0,"FLIGHT COMPARTMENT WINDOWS"
68100,25,"Equipment / Furnishings","2560","AALA202402093469","other",1,"EMERGENCY EQUIPMENT"
30082,53,"Fuselage","5320","AALA202403132567","panel",0,"FUSELAGE MISCELLANEOUS STRUCTURE"
31161,73,"Engine - Fuel And Control","7300","AALA202402125482","other",0,"ENGINE FUEL AND CONTROL"
44447,53,"Fuselage","5320","AALA202402142063","panel",0,"FUSELAGE MISCELLANEOUS STRUCTURE"
29530,53,"Fuselage","5340","AALA202402147710","other",0,"FUSELAGE MAIN, ATTACH FITTINGS"
33491,25,"Equipment / Furnishings","2560","AALA202402269075","battery",1,"EMERGENCY EQUIPMENT"
30081,53,"Fuselage","5310","AALA202402228327","other",0,"FUSELAGE MAIN, STRUCTURE"
30081,53,"Fuselage","5310","AALA202402229761","other",0,"FUSELAGE MAIN, STRUCTURE"
30097,53,"Fuselage","5340","AALA202402222142","other",0,"FUSELAGE MAIN, ATTACH FITTINGS"
30097,53,"Fuselage","5340","AALA202402228192","other",0,"FUSELAGE MAIN, ATTACH FITTINGS"
31071,25,"Equipment / Furnishings","2560","AALA202402233013","door",3,"EMERGENCY EQUIPMENT"
44447,53,"Fuselage","5320","AALA202402144223","panel",0,"FUSELAGE MISCELLANEOUS STRUCTURE"
33520,52,"Doors","5250","AALA202402055026","panel",0,"FIXED INNER DOORS"
29573,52,"Doors","5250","AALA202402059948","panel",0,"FIXED INNER DOORS"
44476,52,"Doors","5250","AALA202402068933","CND",0,"FIXED INNER DOORS"
29542,25,"Equipment / Furnishings","2560","AALA202402191242","other",1,"EMERGENCY EQUIPMENT"
29535,52,"Doors","5250","AALA202402168860","door",0,"FIXED INNER DOORS"
29532,33,"Lights","3350","AALA202402193487","panel",1,"EMERGENCY LIGHTING"
29547,33,"Lights","3350","AALA202405310732","door",1,"EMERGENCY LIGHTING"
31202,28,"Fuel","2840","AALA202402282995","compensator",1,"ACFT FUEL INDICATING SYSTEM"
33203,25,"Equipment / Furnishings","2560","AALA202510294147","door",3,"EMERGENCY EQUIPMENT"
30096,28,"Fuel","2820","AALA202402275244","relay",3,"ACFT FUEL DISTRIB. SYSTEM"
29521,53,"Fuselage","5320","AALA202402204373","door",0,"FUSELAGE MISCELLANEOUS STRUCTURE"
29520,52,"Doors","5250","AALA202502277056","door",0,"FIXED INNER DOORS"
31236,53,"Fuselage","5320","AALA202402070780","panel",0,"FUSELAGE MISCELLANEOUS STRUCTURE"
31236,53,"Fuselage","5320","AALA202402073429","panel",0,"FUSELAGE MISCELLANEOUS STRUCTURE"
33492,53,"Fuselage","5310","AALA202510283227","other",0,"FUSELAGE MAIN, STRUCTURE"
33492,53,"Fuselage","5340","AALA202510284059","other",0,"FUSELAGE MAIN, ATTACH FITTINGS"
31177,53,"Fuselage","5320","AALA202510238494","panel",0,"FUSELAGE MISCELLANEOUS STRUCTURE"
33340,72,"Engine","7200","AALA202510304348","engine",3,"ENGINE (TURBINE/TURBOPROP)"
33492,33,"Lights","3350","AALA202510307884","other",1,"EMERGENCY LIGHTING"
44479,21,"Air Conditioning","2150","AALA202510306342","CND",3,"CABIN COOLING SYSTEM"
44479,36,"Pneumatic","3610","AALA202510300050","CND",3,"PNEUMATIC DISTRIBUTION SYSTEM"
31081,52,"Doors","5210","AALA202510068433","door",3,"PASSENGER/CREW DOORS"
30828,25,"Equipment / Furnishings","2560","AALA202510223955","door",1,"EMERGENCY EQUIPMENT"
29518,33,"Lights","3350","AALA202510276823","other",1,"EMERGENCY LIGHTING"
33222,52,"Doors","5210","AALA202510274961","door",0,"PASSENGER/CREW DOORS"
29506,55,"Stabilizers","5520","AALA202510307902","other",0,"ELEVATOR STRUCTURE"
31234,33,"Lights","3350","AALA202510060206","door",1,"EMERGENCY LIGHTING"
33232,53,"Fuselage","5320","AALA202510074803","other",0,"FUSELAGE MISCELLANEOUS STRUCTURE"
68099,52,"Doors","5220","AALA202510134687","panel",0,"EMERGENCY EXITS"
29528,28,"Fuel","2820","AALA202510135986","pump",3,"ACFT FUEL DISTRIB. SYSTEM"
29536,25,"Equipment / Furnishings","2560","AALA202510135466","battery",1,"EMERGENCY EQUIPMENT"
31093,25,"Equipment / Furnishings","2560","AALA202510133699","battery",1,"EMERGENCY EQUIPMENT"
33240,38,"Water / Waste","3830","AALA202510140789","other",1,"WASTE DISPOSAL SYSTEM"
33338,33,"Lights","3350","AALA202405295627","other",1,"EMERGENCY LIGHTING"
31111,25,"Equipment / Furnishings","2560","AALA202510278370","door",1,"EMERGENCY EQUIPMENT"
33319,52,"Doors","5250","AALA202510273149","CND",0,"FIXED INNER DOORS"
31280,33,"Lights","3350","AALA202510037416","CND",1,"EMERGENCY LIGHTING"
29509,53,"Fuselage","5310","AALA202601152252","other",0,"FUSELAGE MAIN, STRUCTURE"
29524,28,"Fuel","2820","AALA202511038050","switch",3,"ACFT FUEL DISTRIB. SYSTEM"
33206,52,"Doors","5250","AALA202511032395","door",0,"FIXED INNER DOORS"
44466,72,"Engine","7220","AALA202510100112","other",3,"TURBINE ENGINE AIR INLET SECTION"
33492,53,"Fuselage","5310","AALA202510132791","panel",0,"FUSELAGE MAIN, STRUCTURE"
44473,25,"Equipment / Furnishings","2560","AALA202510109255","battery",1,"EMERGENCY EQUIPMENT"
44466,72,"Engine","7220","AALA202510103742","other",3,"TURBINE ENGINE AIR INLET SECTION"
33323,53,"Fuselage","5340","AALA202510131599","other",0,"FUSELAGE MAIN, ATTACH FITTINGS"
31159,53,"Fuselage","5320","AALA202411269348","panel",0,"FUSELAGE MISCELLANEOUS STRUCTURE"
29549,53,"Fuselage","5310","AALA202510138998","door",0,"FUSELAGE MAIN, STRUCTURE"
33323,53,"Fuselage","5320","AALA202510200949","door",0,"FUSELAGE MISCELLANEOUS STRUCTURE"
31177,53,"Fuselage","5320","AALA202510203273","other",0,"FUSELAGE MISCELLANEOUS STRUCTURE"
33323,53,"Fuselage","5320","AALA202510205763","panel",0,"FUSELAGE MISCELLANEOUS STRUCTURE"
44476,56,"Windows","5610","AALA202510210915","window",0,"FLIGHT COMPARTMENT WINDOWS"
33209,53,"Fuselage","5310","AALA202502281776","wheel",0,"FUSELAGE MAIN, STRUCTURE"
29530,27,"Flight Controls","2760","AALA202510245407","sensor",3,"DRAG CONTROL SYSTEM"
29509,53,"Fuselage","5310","AALA202601145337","other",0,"FUSELAGE MAIN, STRUCTURE"
33334,25,"Equipment / Furnishings","2560","AALA202510301841","other",1,"EMERGENCY EQUIPMENT"
31081,52,"Doors","5210","AALA202510064420","door",0,"PASSENGER/CREW DOORS"
31089,25,"Equipment / Furnishings","2560","AALA202510068691","battery",1,"EMERGENCY EQUIPMENT"
40582,21,"Air Conditioning","2120","AALA202510082069","CND",3,"AIR DISTRIBUTION SYSTEM"
33232,53,"Fuselage","5320","AALA202510138962","other",0,"FUSELAGE MISCELLANEOUS STRUCTURE"
31258,52,"Doors","5220","AALA202511074018","door",0,"EMERGENCY EXITS"
29509,53,"Fuselage","5310","AALA202512091284","other",0,"FUSELAGE MAIN, STRUCTURE"
29530,32,"Landing Gear","3240","AALA202510172268","tire",3,"LANDING GEAR BRAKE SYSTEM"
29536,52,"Doors","5250","AALA202510205660","door",0,"FIXED INNER DOORS"
29528,28,"Fuel","2820","AALA202510209104","relay",3,"ACFT FUEL DISTRIB. SYSTEM"
33334,25,"Equipment / Furnishings","2560","AALA202510241841","CND",1,"EMERGENCY EQUIPMENT"
33323,53,"Fuselage","5320","AALA202510237925","panel",0,"FUSELAGE MISCELLANEOUS STRUCTURE"
68056,25,"Equipment / Furnishings","2560","AALA202510273750","door",1,"EMERGENCY EQUIPMENT"
29572,25,"Equipment / Furnishings","2560","AALA202510291625","other",1,"EMERGENCY EQUIPMENT"
44454,38,"Water / Waste","3800","AALA202510030718","CND",3,"WATER AND WASTE SYSTEM"
44488,25,"Equipment / Furnishings","2560","AALA202510037339","door",1,"EMERGENCY EQUIPMENT"
44454,38,"Water / Waste","3830","AALA202510069285","other",3,"WASTE DISPOSAL SYSTEM"
29509,53,"Fuselage","5310","AALA202601154040","other",0,"FUSELAGE MAIN, STRUCTURE"
44485,52,"Doors","5250","AALA202510079021","door",0,"FIXED INNER DOORS"
29563,21,"Air Conditioning","2120","AALA202511040653","CND",3,"AIR DISTRIBUTION SYSTEM"
44466,72,"Engine","7220","AALA202510103573","other",3,"TURBINE ENGINE AIR INLET SECTION"
44466,72,"Engine","7220","AALA202510109652","engine",3,"TURBINE ENGINE AIR INLET SECTION"
33323,53,"Fuselage","5320","AALA202510135391","other",0,"FUSELAGE MISCELLANEOUS STRUCTURE"
33232,53,"Fuselage","5310","AALA202510142819","panel",0,"FUSELAGE MAIN, STRUCTURE"
29577,52,"Doors","5240","AALA202405208717","door",0,"SERVICE DOORS"
29554,53,"Fuselage","5330","AALA202510204678","other",0,"FUSELAGE MAIN, PLATE/SKIN"
31177,53,"Fuselage","5320","AALA202510204726","other",0,"FUSELAGE MISCELLANEOUS STRUCTURE"
30905,53,"Fuselage","5310","AALA202510024810","wheel",0,"FUSELAGE MAIN, STRUCTURE"
33348,52,"Doors","5250","AALA202510273827","latch",0,"FIXED INNER DOORS"
29509,53,"Fuselage","5320","AALA202601130172","panel",0,"FUSELAGE MISCELLANEOUS STRUCTURE"
33211,32,"Landing Gear","3240","AALA202510297189","brake",2,"LANDING GEAR BRAKE SYSTEM"
29577,25,"Equipment / Furnishings","2560","AALA202510039037","door",1,"EMERGENCY EQUIPMENT"
29509,53,"Fuselage","5310","AALA202601142899","other",0,"FUSELAGE MAIN, STRUCTURE"
44487,52,"Doors","5250","AALA202510304014","CND",0,"FIXED INNER DOORS"
29509,53,"Fuselage","5310","AALA202601159210","other",0,"FUSELAGE MAIN, STRUCTURE"
29515,33,"Lights","3350","AALA202511037432","other",1,"EMERGENCY LIGHTING"
29572,52,"Doors","5250","AALA202510094872","door",0,"FIXED INNER DOORS"
30914,25,"Equipment / Furnishings","2560","AALA202510091036","door",1,"EMERGENCY EQUIPMENT"
44469,25,"Equipment / Furnishings","2560","AALA202510139845","door",1,"EMERGENCY EQUIPMENT"
29556,52,"Doors","5250","AALA202510130958","latch",0,"FIXED INNER DOORS"
29549,53,"Fuselage","5330","AALA202510236114","other",0,"FUSELAGE MAIN, PLATE/SKIN"
31176,25,"Equipment / Furnishings","2560","AALA202510202024","door",1,"EMERGENCY EQUIPMENT"
33234,27,"Flight Controls","2750","AALA202510210129","CND",3,"TE FLAP CONTROL SYSTEM"
29559,25,"Equipment / Furnishings","2560","AALA202510224734","other",1,"EMERGENCY EQUIPMENT"
31202,28,"Fuel","2840","AALA202402287617","compensator",3,"ACFT FUEL INDICATING SYSTEM"
29554,57,"Wings","5700","AALA202510295385","control rod",0,"WING STRUCTURE"
30081,33,"Lights","3350","AALA202510293409","door",1,"EMERGENCY LIGHTING"
33228,33,"Lights","3350","AALA202510291253","panel",1,"EMERGENCY LIGHTING"
29503,52,"Doors","5220","AALA202510094414","door",0,"EMERGENCY EXITS"
33240,25,"Equipment / Furnishings","2540","AALA202510090789","CND",1,"LAVATORIES"
33492,53,"Fuselage","5320","AALA202510130288","panel",0,"FUSELAGE MISCELLANEOUS STRUCTURE"
31268,25,"Equipment / Furnishings","2560","AALA202510205571","door",1,"EMERGENCY EQUIPMENT"
33234,27,"Flight Controls","2750","AALA202510232273","duct",3,"TE FLAP CONTROL SYSTEM"
29506,52,"Doors","5210","AALA202510277924","door",0,"PASSENGER/CREW DOORS"
29510,52,"Doors","5250","AALA202510276246","door",0,"FIXED INNER DOORS"
29519,52,"Doors","5210","AALA202510291620","door",0,"PASSENGER/CREW DOORS"
33330,73,"Engine - Fuel And Control","7310","AALA202510315548","engine",0,"ENGINE FUEL DISTRIBUTION"
33323,53,"Fuselage","5310","AALA202510073392","panel",0,"FUSELAGE MAIN, STRUCTURE"
33323,56,"Windows","5630","AALA202510077018","window",0,"DOOR WINDOWS"
31248,25,"Equipment / Furnishings","2560","AALA202510080272","pack",1,"EMERGENCY EQUIPMENT"
44469,52,"Doors","5210","AALA202510099664","latch",3,"PASSENGER/CREW DOORS"
44469,75,"Bleed Air","7510","AALA202510097292","engine",3,"ENGINE ANTI-ICING SYSTEM"
33229,25,"Equipment / Furnishings","2560","AALA202510094847","other",1,"EMERGENCY EQUIPMENT"
31171,25,"Equipment / Furnishings","2540","AALA202510134078","other",1,"LAVATORIES"
44460,33,"Lights","3350","AALA202510106825","other",1,"EMERGENCY LIGHTING"
29549,53,"Fuselage","5320","AALA202510232902","other",0,"FUSELAGE MISCELLANEOUS STRUCTURE"
44466,72,"Engine","7220","AALA202510108748","other",3,"TURBINE ENGINE AIR INLET SECTION"
31177,53,"Fuselage","5320","AALA202510139306","other",0,"FUSELAGE MISCELLANEOUS STRUCTURE"
31177,53,"Fuselage","5310","AALA202510154678","panel",0,"FUSELAGE MAIN, STRUCTURE"
31203,33,"Lights","3350","AALA202510209597","other",1,"EMERGENCY LIGHTING"
31127,33,"Lights","3350","AALA202510209751","pack",1,"EMERGENCY LIGHTING"
44481,52,"Doors","5250","AALA202412167274","door",0,"FIXED INNER DOORS"
29528,28,"Fuel","2820","AALA202510205986","relay",3,"ACFT FUEL DISTRIB. SYSTEM"
29517,21,"Air Conditioning","2130","AALA202502199516","computer",3,"CABIN PRESSURE CONTROL SYSTEM"
44479,36,"Pneumatic","3610","AALA202510307135","CND",3,"PNEUMATIC DISTRIBUTION SYSTEM"
31111,53,"Fuselage","5310","AALA202510063802","wheel",0,"FUSELAGE MAIN, STRUCTURE"
44454,25,"Equipment / Furnishings","2540","AALA202510060718","other",3,"LAVATORIES"
44464,32,"Landing Gear","3240","AALA202510067361","strut",3,"LANDING GEAR BRAKE SYSTEM"
29509,53,"Fuselage","5310","AALA202601153686","other",0,"FUSELAGE MAIN, STRUCTURE"
44449,52,"Doors","5250","AALA202510310255","door",0,"FIXED INNER DOORS"
33323,56,"Windows","5630","AALA202510071405","window",0,"DOOR WINDOWS"
33321,53,"Fuselage","5320","AALA202503219574","wheel",0,"FUSELAGE MISCELLANEOUS STRUCTURE"
29535,28,"Fuel","2820","AALA202505028968","pump",1,"ACFT FUEL DISTRIB. SYSTEM"
44466,72,"Engine","7220","AALA202510107492","engine",3,"TURBINE ENGINE AIR INLET SECTION"
44466,72,"Engine","7220","AALA202510104139","engine",3,"TURBINE ENGINE AIR INLET SECTION"
31269,71,"Power Plant","7100","AALA202510301497","engine",3,"POWERPLANT SYSTEM"
29535,25,"Equipment / Furnishings","2560","AALA202510162745","door",1,"EMERGENCY EQUIPMENT"
30903,52,"Doors","5250","AALA202510165292","door",0,"FIXED INNER DOORS"
33314,33,"Lights","3350","AALA202510203804","other",1,"EMERGENCY LIGHTING"
44473,25,"Equipment / Furnishings","2560","AALA202506241119","CND",1,"EMERGENCY EQUIPMENT"
29511,52,"Doors","5250","AALA202510218349","door",0,"FIXED INNER DOORS"
31093,52,"Doors","5250","AALA202510028051","latch",0,"FIXED INNER DOORS"
31111,53,"Fuselage","5310","AALA202510046476","wheel",0,"FUSELAGE MAIN, STRUCTURE"
33327,25,"Equipment / Furnishings","2560","AALA202510036411","pack",1,"EMERGENCY EQUIPMENT"
29509,53,"Fuselage","5320","AALA202601157498","other",0,"FUSELAGE MISCELLANEOUS STRUCTURE"
29509,53,"Fuselage","5310","AALA202601151511","other",0,"FUSELAGE MAIN, STRUCTURE"
29519,52,"Doors","5210","AALA202510315693","hinge",0,"PASSENGER/CREW DOORS"
33232,53,"Fuselage","5340","AALA202510072858","other",0,"FUSELAGE MAIN, ATTACH FITTINGS"
31139,25,"Equipment / Furnishings","2560","AALA202510133769","door",1,"EMERGENCY EQUIPMENT"
29504,52,"Doors","5280","AALA202510131554","door",0,"LANDING GEAR DOORS"
33323,53,"Fuselage","5340","AALA202510137321","other",0,"FUSELAGE MAIN, ATTACH FITTINGS"
31242,33,"Lights","3350","AALA202510164129","other",1,"EMERGENCY LIGHTING"
31217,25,"Equipment / Furnishings","2560","AALA202510203575","CND",1,"EMERGENCY EQUIPMENT"
33207,28,"Fuel","2840","AALA202510224928","CND",1,"ACFT FUEL INDICATING SYSTEM"
33234,27,"Flight Controls","2750","AALA202510230129","duct",3,"TE FLAP CONTROL SYSTEM"
31203,21,"Air Conditioning","2130","AALA202510238688","controller",3,"CABIN PRESSURE CONTROL SYSTEM"
33492,53,"Fuselage","5320","AALA202510238217","other",0,"FUSELAGE MISCELLANEOUS STRUCTURE"
29529,28,"Fuel","2800","AALA202510305231","other",1,"AIRCRAFT FUEL SYSTEM"
31203,21,"Air Conditioning","2130","AALA202510238671","controller",3,"CABIN PRESSURE CONTROL SYSTEM"
33247,28,"Fuel","2820","AALA202506308645","CND",1,"ACFT FUEL DISTRIB. SYSTEM"
29509,53,"Fuselage","5320","AALA202601148200","panel",0,"FUSELAGE MISCELLANEOUS STRUCTURE"
29509,53,"Fuselage","5320","AALA202511031833","other",0,"FUSELAGE MISCELLANEOUS STRUCTURE"
33323,53,"Fuselage","5320","AALA202510078435","other",0,"FUSELAGE MISCELLANEOUS STRUCTURE"
29546,25,"Equipment / Furnishings","2560","AALA202510087959","pack",1,"EMERGENCY EQUIPMENT"
44459,33,"Lights","3350","AALA202510090527","door",1,"EMERGENCY LIGHTING"
29526,38,"Water / Waste","3830","AALA202510108655","other",1,"WASTE DISPOSAL SYSTEM"
33241,52,"Doors","5250","AALA202510136598","door",0,"FIXED INNER DOORS"
33220,33,"Lights","3350","AALA202510138247","door",1,"EMERGENCY LIGHTING"
44481,52,"Doors","5250","AALA202510170606","door",0,"FIXED INNER DOORS"
31079,25,"Equipment / Furnishings","2560","AALA202510224521","battery",1,"EMERGENCY EQUIPMENT"
31177,53,"Fuselage","5320","AALA202510234841","panel",0,"FUSELAGE MISCELLANEOUS STRUCTURE"
40584,53,"Fuselage","5310","AALA202510242409","other",0,"FUSELAGE MAIN, STRUCTURE"
44479,36,"Pneumatic","3610","AALA202510309430","CND",3,"PNEUMATIC DISTRIBUTION SYSTEM"
29509,53,"Fuselage","5310","AALA202601146352","other",0,"FUSELAGE MAIN, STRUCTURE"
31177,53,"Fuselage","5320","AALA202510304795","panel",0,"FUSELAGE MISCELLANEOUS STRUCTURE"
29512,28,"Fuel","2840","AALA202510302775","other",3,"ACFT FUEL INDICATING SYSTEM"
31071,25,"Equipment / Furnishings","2560","AALA202510062495","battery",1,"EMERGENCY EQUIPMENT"
29509,53,"Fuselage","5320","AALA202510318875","other",0,"FUSELAGE MISCELLANEOUS STRUCTURE"
33209,25,"Equipment / Furnishings","2560","AALA202510139837","CND",1,"EMERGENCY EQUIPMENT"
29509,53,"Fuselage","5310","AALA202512065874","panel",0,"FUSELAGE MAIN, STRUCTURE"
44452,33,"Lights","3350","AALA202510164968","pack",1,"EMERGENCY LIGHTING"
44474,33,"Lights","3350","AALA202510207779","door",1,"EMERGENCY LIGHTING"
33323,53,"Fuselage","5320","AALA202510204390","other",0,"FUSELAGE MISCELLANEOUS STRUCTURE"
31099,52,"Doors","5250","AALA202510210424","CND",0,"FIXED INNER DOORS"
31269,33,"Lights","3350","AALA202510213148","panel",1,"EMERGENCY LIGHTING"
44456,25,"Equipment / Furnishings","2560","AALA202510241407","door",1,"EMERGENCY EQUIPMENT"
33491,33,"Lights","3350","AALA202510244630","other",1,"EMERGENCY LIGHTING"
30910,71,"Power Plant","7120","AALA202501175872","strut",0,"ENGINE MOUNT SECTION"
29509,53,"Fuselage","5310","AALA202601144543","other",0,"FUSELAGE MAIN, STRUCTURE"
30918,25,"Equipment / Furnishings","2560","AALA202506271795","other",1,"EMERGENCY EQUIPMENT"
31067,25,"Equipment / Furnishings","2560","AALA202510204563","door",1,"EMERGENCY EQUIPMENT"
31079,25,"Equipment / Furnishings","2560","AALA202510222821","battery",1,"EMERGENCY EQUIPMENT"
33492,53,"Fuselage","5320","AALA202510239023","other",0,"FUSELAGE MISCELLANEOUS STRUCTURE"
33492,53,"Fuselage","5310","AALA202510232793","other",0,"FUSELAGE MAIN, STRUCTURE"
31177,53,"Fuselage","5310","AALA202510235097","other",0,"FUSELAGE MAIN, STRUCTURE"
31177,53,"Fuselage","5320","AALA202510235857","panel",0,"FUSELAGE MISCELLANEOUS STRUCTURE"
31177,53,"Fuselage","5320","AALA202510236350","panel",0,"FUSELAGE MISCELLANEOUS STRUCTURE"
29561,33,"Lights","3350","AALA202412030694","other",1,"EMERGENCY LIGHTING"
31177,53,"Fuselage","5320","AALA202510235058","panel",0,"FUSELAGE MISCELLANEOUS STRUCTURE"
30858,33,"Lights","3350","AALA202510270012","module",1,"EMERGENCY LIGHTING"
29509,53,"Fuselage","5310","AALA202601142879","door",0,"FUSELAGE MAIN, STRUCTURE"
68114,34,"Navigation","3440","AALA202510068236","other",0,"INDEPENDENT POS. DETERMINING SYSTEM"
29549,53,"Fuselage","5310","AALA202510070029","panel",0,"FUSELAGE MAIN, STRUCTURE"
30077,25,"Equipment / Furnishings","2560","AALA202510135026","other",1,"EMERGENCY EQUIPMENT"
30095,25,"Equipment / Furnishings","2560","AALA202510105188","latch",1,"EMERGENCY EQUIPMENT"
33327,73,"Engine - Fuel And Control","7320","AALA202510168638","controller",3,"FUEL CONTROLLING SYSTEM"
29573,25,"Equipment / Furnishings","2560","AALA202510166090","door",1,"EMERGENCY EQUIPMENT"
30099,33,"Lights","3350","AALA202510172799","other",1,"EMERGENCY LIGHTING"
31171,25,"Equipment / Furnishings","2560","AALA202510201848","door",1,"EMERGENCY EQUIPMENT"
33323,53,"Fuselage","5320","AALA202510201127","other",0,"FUSELAGE MISCELLANEOUS STRUCTURE"
33492,56,"Windows","5610","AALA202510202939","window",0,"FLIGHT COMPARTMENT WINDOWS"
31257,52,"Doors","5250","AALA202510218266","door",0,"FIXED INNER DOORS"
33206,33,"Lights","3350","AALA202510277243","other",1,"EMERGENCY LIGHTING"
30082,73,"Engine - Fuel And Control","7310","AALA202510278954","engine",0,"ENGINE FUEL DISTRIBUTION"
31189,52,"Doors","5250","AALA202510292804","door",0,"FIXED INNER DOORS"
33203,25,"Equipment / Furnishings","2560","AALA202510292218","door",3,"EMERGENCY EQUIPMENT"
33330,52,"Doors","5250","AALA202510033716","door",0,"FIXED INNER DOORS"
29509,53,"Fuselage","5320","AALA202601149864","panel",0,"FUSELAGE MISCELLANEOUS STRUCTURE"
29509,53,"Fuselage","5320","AALA202601153081","other",0,"FUSELAGE MISCELLANEOUS STRUCTURE"
29563,21,"Air Conditioning","2120","AALA202510300653","CND",3,"AIR DISTRIBUTION SYSTEM"
33319,52,"Doors","5250","AALA202510303149","door",0,"FIXED INNER DOORS"
31165,25,"Equipment / Furnishings","2560","AALA202402207153","door",1,"EMERGENCY EQUIPMENT"
33207,28,"Fuel","2820","AALA202510305674","compensator",1,"ACFT FUEL DISTRIB. SYSTEM"
30079,33,"Lights","3350","AALA202510068509","other",1,"EMERGENCY LIGHTING"
33488,21,"Air Conditioning","2160","AALA202505076594","bleed air component",3,"CABIN TEMPERATURE CONTROL SYSTEM"
33492,25,"Equipment / Furnishings","2560","AALA202510093270","door",1,"EMERGENCY EQUIPMENT"
44466,72,"Engine","7200","AALA202510093573","CND",3,"ENGINE (TURBINE/TURBOPROP)"
33492,53,"Fuselage","5310","AALA202510133528","panel",0,"FUSELAGE MAIN, STRUCTURE"
31177,53,"Fuselage","5330","AALA202510131540","other",0,"FUSELAGE MAIN, PLATE/SKIN"
31089,25,"Equipment / Furnishings","2560","AALA202502264577","other",1,"EMERGENCY EQUIPMENT"
44477,25,"Equipment / Furnishings","2560","AALA202506307713","door",1,"EMERGENCY EQUIPMENT"
44470,25,"Equipment / Furnishings","2560","AALA202510147624","door",1,"EMERGENCY EQUIPMENT"
29527,33,"Lights","3350","AALA202510165137","pack",1,"EMERGENCY LIGHTING"
29507,33,"Lights","3350","AALA202510204795","other",1,"EMERGENCY LIGHTING"
29538,33,"Lights","3350","AALA202510200578","other",1,"EMERGENCY LIGHTING"
33228,33,"Lights","3350","AALA202510205297","other",1,"EMERGENCY LIGHTING"
33342,25,"Equipment / Furnishings","2560","AALA202510228853","door",1,"EMERGENCY EQUIPMENT"
33491,53,"Fuselage","5330","AALA202510230177","other",0,"FUSELAGE MAIN, PLATE/SKIN"
40764,52,"Doors","5250","AALA202510020342","door",0,"FIXED INNER DOORS"
29509,53,"Fuselage","5310","AALA202601149757","other",0,"FUSELAGE MAIN, STRUCTURE"
29509,53,"Fuselage","5320","AALA202601140515","other",0,"FUSELAGE MISCELLANEOUS STRUCTURE"
29509,53,"Fuselage","5310","AALA202601154238","other",0,"FUSELAGE MAIN, STRUCTURE"
29509,53,"Fuselage","5320","AALA202601159193","other",0,"FUSELAGE MISCELLANEOUS STRUCTURE"
29509,53,"Fuselage","5320","AALA202601159331","other",0,"FUSELAGE MISCELLANEOUS STRUCTURE"
29518,52,"Doors","5250","AALA202510315994","latch",0,"FIXED INNER DOORS"
44459,33,"Lights","3350","AALA202510073467","other",1,"EMERGENCY LIGHTING"
33240,25,"Equipment / Furnishings","2560","AALA202511035433","other",1,"EMERGENCY EQUIPMENT"
33232,53,"Fuselage","5340","AALA202510136628","other",0,"FUSELAGE MAIN, ATTACH FITTINGS"
31127,33,"Lights","3350","AALA202510136303","switch",3,"EMERGENCY LIGHTING"
31177,53,"Fuselage","5330","AALA202510131080","other",0,"FUSELAGE MAIN, PLATE/SKIN"
31214,25,"Equipment / Furnishings","2560","AALA202510163066","door",1,"EMERGENCY EQUIPMENT"
40584,53,"Fuselage","5340","AALA202510201286","other",0,"FUSELAGE MAIN, ATTACH FITTINGS"
31217,25,"Equipment / Furnishings","2560","AALA202510200323","other",1,"EMERGENCY EQUIPMENT"
33323,53,"Fuselage","5320","AALA202510201195","other",0,"FUSELAGE MISCELLANEOUS STRUCTURE"
29511,29,"Hydraulic Power","2910","AALA202510217268","engine",3,"HYDRAULIC SYSTEM, MAIN"
33331,25,"Equipment / Furnishings","2560","AALA202510247493","door",1,"EMERGENCY EQUIPMENT"
33319,52,"Doors","5250","AALA202510276786","door",0,"FIXED INNER DOORS"
29509,53,"Fuselage","5320","AALA202601144407","door",0,"FUSELAGE MISCELLANEOUS STRUCTURE"
31218,32,"Landing Gear","3230","AALA202510035477","CND",3,"LANDING GEAR RETRACT/EXTEND SYSTEM"
31081,52,"Doors","5210","AALA202510064056","door",3,"PASSENGER/CREW DOORS"
29528,52,"Doors","5250","AALA202510074870","door",0,"FIXED INNER DOORS"
30089,52,"Doors","5250","AALA202510081045","latch",0,"FIXED INNER DOORS"
29509,55,"Stabilizers","5530","AALA202511175408","other",0,"VERTICAL STABILIZER STRUCTURE"
33229,53,"Fuselage","5310","AALA202503076923","other",0,"FUSELAGE MAIN, STRUCTURE"
29509,53,"Fuselage","5320","AALA202601146926","other",0,"FUSELAGE MISCELLANEOUS STRUCTURE"
29509,53,"Fuselage","5320","AALA202601140077","other",0,"FUSELAGE MISCELLANEOUS STRUCTURE"
33492,53,"Fuselage","5320","AALA202510306647","other",0,"FUSELAGE MISCELLANEOUS STRUCTURE"
33519,25,"Equipment / Furnishings","2560","AALA202510309537","other",1,"EMERGENCY EQUIPMENT"
44464,32,"Landing Gear","3240","AALA202510066338","strut",3,"LANDING GEAR BRAKE SYSTEM"
30099,56,"Windows","5630","AALA202509088123","window",0,"DOOR WINDOWS"
33340,21,"Air Conditioning","2120","AALA202510312883","CND",3,"AIR DISTRIBUTION SYSTEM"
33323,53,"Fuselage","5310","AALA202510202233","other",0,"FUSELAGE MAIN, STRUCTURE"
29562,33,"Lights","3350","AALA202510212086","door",1,"EMERGENCY LIGHTING"
29530,32,"Landing Gear","3240","AALA202510218075","control unit",3,"LANDING GEAR BRAKE SYSTEM"
29512,73,"Engine - Fuel And Control","7310","AALA202510212775","CND",3,"ENGINE FUEL DISTRIBUTION"
29558,57,"Wings","5710","AALA202501221955","panel",0,"WING, MAIN FRAME STRUCTURE"
33323,53,"Fuselage","5320","AALA202510232010","other",0,"FUSELAGE MISCELLANEOUS STRUCTURE"
31177,53,"Fuselage","5340","AALA202510230911","other",0,"FUSELAGE MAIN, ATTACH FITTINGS"
29521,52,"Doors","5250","AALA202510234729","door",0,"FIXED INNER DOORS"
29509,53,"Fuselage","5320","AALA202601140239","other",0,"FUSELAGE MISCELLANEOUS STRUCTURE"
29506,55,"Stabilizers","5520","AALA202510291172","other",0,"ELEVATOR STRUCTURE"
29506,55,"Stabilizers","5520","AALA202510309904","other",0,"ELEVATOR STRUCTURE"
31111,53,"Fuselage","5310","AALA202510099900","wheel",0,"FUSELAGE MAIN, STRUCTURE"
44487,52,"Doors","5250","AALA202511044014","door",0,"FIXED INNER DOORS"
29554,53,"Fuselage","5310","AALA202510094717","other",0,"FUSELAGE MAIN, STRUCTURE"
30914,25,"Equipment / Furnishings","2560","AALA202510091565","door",1,"EMERGENCY EQUIPMENT"
29520,33,"Lights","3350","AALA202510206779","door",1,"EMERGENCY LIGHTING"
30828,25,"Equipment / Furnishings","2560","AALA202510224057","door",1,"EMERGENCY EQUIPMENT"
33323,53,"Fuselage","5340","AALA202510260057","other",0,"FUSELAGE MAIN, ATTACH FITTINGS"
44486,77,"Engine Indicating","7730","AALA202510230570","other",3,"ENGINE IGNITION ANALYZER SYSTEM"
30905,55,"Stabilizers","5510","AALA202510022735","hinge",0,"HORIZONTAL STABILIZER STRUCTURE"
31200,25,"Equipment / Furnishings","2560","AALA202510270663","door",1,"EMERGENCY EQUIPMENT"
44446,25,"Equipment / Furnishings","2560","AALA202510273610","other",1,"EMERGENCY EQUIPMENT"
30905,53,"Fuselage","5310","AALA202510046556","other",0,"FUSELAGE MAIN, STRUCTURE"
29509,53,"Fuselage","5320","AALA202601147590","other",0,"FUSELAGE MISCELLANEOUS STRUCTURE"
31210,25,"Equipment / Furnishings","2560","AALA202510060195","door",1,"EMERGENCY EQUIPMENT"
33328,33,"Lights","3350","AALA202510060004","door",1,"EMERGENCY LIGHTING"
33323,53,"Fuselage","5310","AALA202510077974","panel",0,"FUSELAGE MAIN, STRUCTURE"
40582,33,"Lights","3350","AALA202511038694","other",1,"EMERGENCY LIGHTING"
44466,72,"Engine","7200","AALA202510101329","engine",3,"ENGINE (TURBINE/TURBOPROP)"
44466,72,"Engine","7220","AALA202510100725","engine",3,"TURBINE ENGINE AIR INLET SECTION"
31171,25,"Equipment / Furnishings","2540","AALA202510104078","CND",1,"LAVATORIES"
44466,72,"Engine","7220","AALA202510107507","other",3,"TURBINE ENGINE AIR INLET SECTION"
31177,53,"Fuselage","5340","AALA202510135889","other",0,"FUSELAGE MAIN, ATTACH FITTINGS"
29554,53,"Fuselage","5310","AALA202510154479","wheel",0,"FUSELAGE MAIN, STRUCTURE"
31177,53,"Fuselage","5320","AALA202510159445","other",0,"FUSELAGE MISCELLANEOUS STRUCTURE"
33230,53,"Fuselage","5320","AALA202506243161","other",0,"FUSELAGE MISCELLANEOUS STRUCTURE"
31217,25,"Equipment / Furnishings","2560","AALA202510203118","other",1,"EMERGENCY EQUIPMENT"
44482,52,"Doors","5250","AALA202510249329","CND",0,"FIXED INNER DOORS"
68228,34,"Navigation","3410","AALA202510238335","other",3,"FLIGHT ENVIRONMENT DATA"
29509,53,"Fuselage","5320","AALA202601139319","other",0,"FUSELAGE MISCELLANEOUS STRUCTURE"
31111,53,"Fuselage","5330","AALA202510044149","other",0,"FUSELAGE MAIN, PLATE/SKIN"
29509,53,"Fuselage","5340","AALA202601145321","other",0,"FUSELAGE MAIN, ATTACH FITTINGS"
31233,29,"Hydraulic Power","2930","AALA202510300382","servo",3,"HYDRAULIC INDICATING SYSTEM"
31231,33,"Lights","3350","AALA202510306793","door",1,"EMERGENCY LIGHTING"
29509,53,"Fuselage","5320","AALA202601143082","other",0,"FUSELAGE MISCELLANEOUS STRUCTURE"
29509,53,"Fuselage","5320","AALA202510319299","other",0,"FUSELAGE MISCELLANEOUS STRUCTURE"
31141,25,"Equipment / Furnishings","2560","AALA202510318811","door",1,"EMERGENCY EQUIPMENT"
30600,25,"Equipment / Furnishings","2560","AALA202511031928","door",1,"EMERGENCY EQUIPMENT"
29554,53,"Fuselage","5340","AALA202510088355","other",0,"FUSELAGE MAIN, ATTACH FITTINGS"
30093,25,"Equipment / Furnishings","2560","AALA202510101087","door",1,"EMERGENCY EQUIPMENT"
29536,25,"Equipment / Furnishings","2560","AALA202510132393","battery",1,"EMERGENCY EQUIPMENT"
31268,25,"Equipment / Furnishings","2560","AALA202510175571","CND",1,"EMERGENCY EQUIPMENT"
29554,28,"Fuel","2810","AALA202510201055","other",1,"FUEL STORAGE"
31217,25,"Equipment / Furnishings","2560","AALA202510223575","pack",1,"EMERGENCY EQUIPMENT"
33492,53,"Fuselage","5320","AALA202510236385","other",0,"FUSELAGE MISCELLANEOUS STRUCTURE"
31177,53,"Fuselage","5320","AALA202510237031","other",0,"FUSELAGE MISCELLANEOUS STRUCTURE"
31177,53,"Fuselage","5320","AALA202510237549","other",0,"FUSELAGE MISCELLANEOUS STRUCTURE"
31105,25,"Equipment / Furnishings","2560","AALA202502062863","door",1,"EMERGENCY EQUIPMENT"
40584,53,"Fuselage","5310","AALA202510232141","latch",0,"FUSELAGE MAIN, STRUCTURE"
44465,25,"Equipment / Furnishings","2560","AALA202510024284","battery",1,"EMERGENCY EQUIPMENT"
30903,25,"Equipment / Furnishings","2560","AALA202510272092","door",1,"EMERGENCY EQUIPMENT"
68114,33,"Lights","3350","AALA202510300495","door",1,"EMERGENCY LIGHTING"
31111,53,"Fuselage","5340","AALA202510060482","other",0,"FUSELAGE MAIN, ATTACH FITTINGS"
29509,53,"Fuselage","5310","AALA202601152253","other",0,"FUSELAGE MAIN, STRUCTURE"
29564,52,"Doors","5250","AALA202510319363","door",0,"FIXED INNER DOORS"
44456,25,"Equipment / Furnishings","2560","AALA202510091836","door",1,"EMERGENCY EQUIPMENT"
33323,53,"Fuselage","5320","AALA202510132156","other",0,"FUSELAGE MISCELLANEOUS STRUCTURE"
33492,53,"Fuselage","5340","AALA202510134183","other",0,"FUSELAGE MAIN, ATTACH FITTINGS"
31177,53,"Fuselage","5320","AALA202510143618","other",0,"FUSELAGE MISCELLANEOUS STRUCTURE"
33232,53,"Fuselage","5310","AALA202510145138","panel",0,"FUSELAGE MAIN, STRUCTURE"
31153,25,"Equipment / Furnishings","2560","AALA202510162008","battery",1,"EMERGENCY EQUIPMENT"
44452,33,"Lights","3350","AALA202510165035","pack",1,"EMERGENCY LIGHTING"
31269,33,"Lights","3350","AALA202510202150","other",1,"EMERGENCY LIGHTING"
44486,72,"Engine","7200","AALA202510220570","engine",3,"ENGINE (TURBINE/TURBOPROP)"
40584,53,"Fuselage","5310","AALA202510242798","other",0,"FUSELAGE MAIN, STRUCTURE"
29567,33,"Lights","3350","AALA202408098339","CND",1,"EMERGENCY LIGHTING"
31280,33,"Lights","3350","AALA202510067416","other",1,"EMERGENCY LIGHTING"
68056,52,"Doors","5250","AALA202510273430","latch",0,"FIXED INNER DOORS"
29509,53,"Fuselage","5310","AALA202601148805","other",0,"FUSELAGE MAIN, STRUCTURE"
29509,53,"Fuselage","5310","AALA202601144395","apu component",0,"FUSELAGE MAIN, STRUCTURE"
40764,52,"Doors","5250","AALA202510031366","door",0,"FIXED INNER DOORS"
29506,55,"Stabilizers","5510","AALA202510302533","other",0,"HORIZONTAL STABILIZER STRUCTURE"
44482,52,"Doors","5250","AALA202510309329","door",0,"FIXED INNER DOORS"
31077,33,"Lights","3350","AALA202408129041","CND",1,"EMERGENCY LIGHTING"
44456,34,"Navigation","3440","AALA202510062346","CND",3,"INDEPENDENT POS. DETERMINING SYSTEM"
31071,25,"Equipment / Furnishings","2560","AALA202510061881","battery",1,"EMERGENCY EQUIPMENT"
33491,55,"Stabilizers","5510","AALA202511035044","other",0,"HORIZONTAL STABILIZER STRUCTURE"
33327,28,"Fuel","2800","AALA202510138180","CND",3,"AIRCRAFT FUEL SYSTEM"
31127,33,"Lights","3350","AALA202510136335","switch",1,"EMERGENCY LIGHTING"
29528,25,"Equipment / Furnishings","2560","AALA202510037807","door",1,"EMERGENCY EQUIPMENT"
40584,53,"Fuselage","5330","AALA202510201118","other",0,"FUSELAGE MAIN, PLATE/SKIN"
29509,53,"Fuselage","5310","AALA202601158169","other",0,"FUSELAGE MAIN, STRUCTURE"
44470,25,"Equipment / Furnishings","2560","AALA202502213381","CND",1,"EMERGENCY EQUIPMENT"
31269,25,"Equipment / Furnishings","2560","AALA202502211420","other",1,"EMERGENCY EQUIPMENT"
31087,53,"Fuselage","5330","AALA202502240420","module",0,"FUSELAGE MAIN, PLATE/SKIN"
31210,25,"Equipment / Furnishings","2560","AALA202510030195","CND",1,"EMERGENCY EQUIPMENT"
44473,53,"Fuselage","5300","AALA202505087582","CND",3,"FUSELAGE STRUCTURE (GENERAL)"
29522,52,"Doors","5250","AALA202505087615","CND",0,"FIXED INNER DOORS"
33314,52,"Doors","5250","AALA202510076568","hinge",0,"FIXED INNER DOORS"
33203,25,"Equipment / Furnishings","2560","AALA202510081582","other",1,"EMERGENCY EQUIPMENT"
31093,25,"Equipment / Furnishings","2560","AALA202510134744","battery",1,"EMERGENCY EQUIPMENT"
29549,25,"Equipment / Furnishings","2560","AALA202510132190","other",1,"EMERGENCY EQUIPMENT"
31083,52,"Doors","5250","AALA202510178649","door",0,"FIXED INNER DOORS"
29529,28,"Fuel","2800","AALA202510175231","CND",1,"AIRCRAFT FUEL SYSTEM"
33207,28,"Fuel","2840","AALA202510218901","other",3,"ACFT FUEL INDICATING SYSTEM"
31217,25,"Equipment / Furnishings","2560","AALA202510224338","battery",1,"EMERGENCY EQUIPMENT"
31177,53,"Fuselage","5320","AALA202510233747","panel",0,"FUSELAGE MISCELLANEOUS STRUCTURE"
31143,53,"Fuselage","5310","AALA202403254821","other",0,"FUSELAGE MAIN, STRUCTURE"
30598,51,"Standard Practices And Structures - General","5100","AALA202404016004","other",0,"STANDARD PRACTICES/STRUCTURES"
29547,56,"Windows","5610","AALA202403268518","window",3,"FLIGHT COMPARTMENT WINDOWS"
29528,52,"Doors","5250","AALA202403269284","door",0,"FIXED INNER DOORS"
33314,53,"Fuselage","5310","AALA202403047488","duct",0,"FUSELAGE MAIN, STRUCTURE"
29534,49,"Airborne Auxiliary Power","4910","AALA202404056514","door",0,"APU COWLING/CONTAINMENT"
31210,25,"Equipment / Furnishings","2560","AALA202403151891","other",1,"EMERGENCY EQUIPMENT"
29504,53,"Fuselage","5300","AALA202403153669","CND",0,"FUSELAGE STRUCTURE (GENERAL)"
29532,53,"Fuselage","5320","AALA202404018021","other",0,"FUSELAGE MISCELLANEOUS STRUCTURE"
31229,33,"Lights","3350","AALA202403043629","other",3,"EMERGENCY LIGHTING"
30083,53,"Fuselage","5310","AALA202405073717","wheel",0,"FUSELAGE MAIN, STRUCTURE"
33346,52,"Doors","5210","AALA202403156763","door",3,"PASSENGER/CREW DOORS"
31097,28,"Fuel","2820","AALA202403183505","CND",1,"ACFT FUEL DISTRIB. SYSTEM"
30082,53,"Fuselage","5310","AALA202403257167","other",0,"FUSELAGE MAIN, STRUCTURE"
31214,33,"Lights","3350","AALA202403250239","other",1,"EMERGENCY LIGHTING"
33519,25,"Equipment / Furnishings","2560","AALA202408058625","other",1,"EMERGENCY EQUIPMENT"
44449,52,"Doors","5250","AALA202403259883","door",0,"FIXED INNER DOORS"
29529,53,"Fuselage","5320","AALA202403044846","other",0,"FUSELAGE MISCELLANEOUS STRUCTURE"
31190,25,"Equipment / Furnishings","2560","AALA202403049227","other",1,"EMERGENCY EQUIPMENT"
30084,25,"Equipment / Furnishings","2560","AALA202403067643","pack",1,"EMERGENCY EQUIPMENT"
29526,25,"Equipment / Furnishings","2560","AALA202403115604","other",1,"EMERGENCY EQUIPMENT"
31237,33,"Lights","3350","AALA202403154082","other",1,"EMERGENCY LIGHTING"
30082,53,"Fuselage","5340","AALA202403064332","other",0,"FUSELAGE MAIN, ATTACH FITTINGS"
29539,53,"Fuselage","5310","AALA202502062315","other",0,"FUSELAGE MAIN, STRUCTURE"
33211,53,"Fuselage","5330","AALA202404091772","other",0,"FUSELAGE MAIN, PLATE/SKIN"
30600,52,"Doors","5250","AALA202403142331","door",0,"FIXED INNER DOORS"
31143,53,"Fuselage","5320","AALA202403254170","other",0,"FUSELAGE MISCELLANEOUS STRUCTURE"
44467,33,"Lights","3350","AALA202403271415","door",1,"EMERGENCY LIGHTING"
44473,53,"Fuselage","5300","AALA202505097582","other",3,"FUSELAGE STRUCTURE (GENERAL)"
44446,33,"Lights","3350","AALA202404034448","other",1,"EMERGENCY LIGHTING"
30598,55,"Stabilizers","5510","AALA202404049069","other",0,"HORIZONTAL STABILIZER STRUCTURE"
30920,27,"Flight Controls","2750","AALA202403180013","sensor",3,"TE FLAP CONTROL SYSTEM"
30083,53,"Fuselage","5320","AALA202404106272","other",0,"FUSELAGE MISCELLANEOUS STRUCTURE"
29506,53,"Fuselage","5320","AALA202403156878","other",0,"FUSELAGE MISCELLANEOUS STRUCTURE"
31067,33,"Lights","3350","AALA202403184532","battery",1,"EMERGENCY LIGHTING"
31248,25,"Equipment / Furnishings","2560","AALA202403183092","door",1,"EMERGENCY EQUIPMENT"
33521,28,"Fuel","2820","AALA202403265651","valve",3,"ACFT FUEL DISTRIB. SYSTEM"
29534,53,"Fuselage","5320","AALA202403272587","other",0,"FUSELAGE MISCELLANEOUS STRUCTURE"
30598,53,"Fuselage","5320","AALA202403272198","other",0,"FUSELAGE MISCELLANEOUS STRUCTURE"
33315,53,"Fuselage","5310","AALA202404171370","other",0,"FUSELAGE MAIN, STRUCTURE"
29529,53,"Fuselage","5320","AALA202403048793","other",0,"FUSELAGE MISCELLANEOUS STRUCTURE"
29532,53,"Fuselage","5320","AALA202404015814","other",0,"FUSELAGE MISCELLANEOUS STRUCTURE"
30906,32,"Landing Gear","3230","AALA202404018625","CND",3,"LANDING GEAR RETRACT/EXTEND SYSTEM"
31161,53,"Fuselage","5340","AALA202404019697","hinge",0,"FUSELAGE MAIN, ATTACH FITTINGS"
33331,33,"Lights","3350","AALA202403126920","other",1,"EMERGENCY LIGHTING"
33315,52,"Doors","5240","AALA202404098738","door",0,"SERVICE DOORS"
33331,53,"Fuselage","5320","AALA202403138173","door",0,"FUSELAGE MISCELLANEOUS STRUCTURE"
30082,53,"Fuselage","5320","AALA202403137881","panel",0,"FUSELAGE MISCELLANEOUS STRUCTURE"
29564,25,"Equipment / Furnishings","2560","AALA202403136231","door",1,"EMERGENCY EQUIPMENT"
30084,52,"Doors","5250","AALA202403141375","door",0,"FIXED INNER DOORS"
29506,53,"Fuselage","5320","AALA202403185985","other",0,"FUSELAGE MISCELLANEOUS STRUCTURE"
31203,33,"Lights","3350","AALA202403196803","door",1,"EMERGENCY LIGHTING"
30089,53,"Fuselage","5310","AALA202502107272","other",0,"FUSELAGE MAIN, STRUCTURE"
33315,53,"Fuselage","5320","AALA202404228335","panel",0,"FUSELAGE MISCELLANEOUS STRUCTURE"
29534,53,"Fuselage","5320","AALA202403255069","other",0,"FUSELAGE MISCELLANEOUS STRUCTURE"
40767,52,"Doors","5250","AALA202403256134","door",0,"FIXED INNER DOORS"
31167,53,"Fuselage","5330","AALA202403047504","other",0,"FUSELAGE MAIN, PLATE/SKIN"
30097,25,"Equipment / Furnishings","2530","AALA202403057310","CND",1,"BUFFET/GALLEYS"
29535,25,"Equipment / Furnishings","2560","AALA202403065444","door",1,"EMERGENCY EQUIPMENT"
44448,25,"Equipment / Furnishings","2530","AALA202403111816","oven",3,"BUFFET/GALLEYS"
30082,51,"Standard Practices And Structures - General","5100","AALA202403063453","other",0,"STANDARD PRACTICES/STRUCTURES"
31154,56,"Windows","5610","AALA202403089997","window",3,"FLIGHT COMPARTMENT WINDOWS"
30598,53,"Fuselage","5320","AALA202404041916","panel",0,"FUSELAGE MISCELLANEOUS STRUCTURE"
33486,33,"Lights","3350","AALA202403081754","other",1,"EMERGENCY LIGHTING"
30083,53,"Fuselage","5310","AALA202405070173","wheel",0,"FUSELAGE MAIN, STRUCTURE"
30083,53,"Fuselage","5310","AALA202405075990","wheel",0,"FUSELAGE MAIN, STRUCTURE"
29516,51,"Standard Practices And Structures - General","5100","AALA202403113978","other",0,"STANDARD PRACTICES/STRUCTURES"
31107,33,"Lights","3350","AALA202403135172","other",1,"EMERGENCY LIGHTING"
31143,53,"Fuselage","5320","AALA202403256565","other",0,"FUSELAGE MISCELLANEOUS STRUCTURE"
31143,53,"Fuselage","5320","AALA202403252246","panel",0,"FUSELAGE MISCELLANEOUS STRUCTURE"
33329,52,"Doors","5250","AALA202403136452","CND",0,"FIXED INNER DOORS"
29523,34,"Navigation","3440","AALA202403288650","other",3,"INDEPENDENT POS. DETERMINING SYSTEM"
31147,52,"Doors","5210","AALA202403047029","door",0,"PASSENGER/CREW DOORS"
31109,25,"Equipment / Furnishings","2560","AALA202404015464","door",1,"EMERGENCY EQUIPMENT"
29567,25,"Equipment / Furnishings","2560","AALA202404014084","door",1,"EMERGENCY EQUIPMENT"
31270,25,"Equipment / Furnishings","2560","AALA202404017656","battery",1,"EMERGENCY EQUIPMENT"
44477,33,"Lights","3350","AALA202412044587","other",1,"EMERGENCY LIGHTING"
29506,53,"Fuselage","5320","AALA202403152596","other",0,"FUSELAGE MISCELLANEOUS STRUCTURE"
29504,55,"Stabilizers","5500","AALA202403183669","other",0,"EMPENNAGE STRUCTURE"
33314,53,"Fuselage","5310","AALA202406106080","other",0,"FUSELAGE MAIN, STRUCTURE"
29532,53,"Fuselage","5320","AALA202404019043","other",0,"FUSELAGE MISCELLANEOUS STRUCTURE"
29532,53,"Fuselage","5320","AALA202404010159","other",0,"FUSELAGE MISCELLANEOUS STRUCTURE"
29534,55,"Stabilizers","5510","AALA202404010402","other",0,"HORIZONTAL STABILIZER STRUCTURE"
33211,53,"Fuselage","5310","AALA202404019116","wheel",0,"FUSELAGE MAIN, STRUCTURE"
30083,53,"Fuselage","5310","AALA202405078331","wheel",0,"FUSELAGE MAIN, STRUCTURE"
33232,25,"Equipment / Furnishings","2560","AALA202403114611","CND",1,"EMERGENCY EQUIPMENT"
29564,25,"Equipment / Furnishings","2560","AALA202403143032","door",1,"EMERGENCY EQUIPMENT"
31236,25,"Equipment / Furnishings","2560","AALA202403184800","other",1,"EMERGENCY EQUIPMENT"
31143,25,"Equipment / Furnishings","2560","AALA202403251554","door",1,"EMERGENCY EQUIPMENT"
31143,53,"Fuselage","5320","AALA202403259387","other",0,"FUSELAGE MISCELLANEOUS STRUCTURE"
40769,32,"Landing Gear","3220","AALA202403207902","sensor",3,"NOSE/TAIL LANDING GEAR"
29529,53,"Fuselage","5340","AALA202403049662","other",0,"FUSELAGE MAIN, ATTACH FITTINGS"
30083,25,"Equipment / Furnishings","2560","AALA202403043125","pack",1,"EMERGENCY EQUIPMENT"
29529,53,"Fuselage","5320","AALA202403046909","other",0,"FUSELAGE MISCELLANEOUS STRUCTURE"
40766,53,"Fuselage","5310","AALA202403055079","door",0,"FUSELAGE MAIN, STRUCTURE"
44454,25,"Equipment / Furnishings","2560","AALA202403055281","door",1,"EMERGENCY EQUIPMENT"
29508,52,"Doors","5250","AALA202403060158","door",0,"FIXED INNER DOORS"
44480,21,"Air Conditioning","2150","AALA202404037910","CND",3,"CABIN COOLING SYSTEM"
33208,26,"Fire Protection","2610","AALA202403074964","CND",3,"DETECTION SYSTEM"
31097,28,"Fuel","2820","AALA202403083505","switch",1,"ACFT FUEL DISTRIB. SYSTEM"
30087,25,"Equipment / Furnishings","2530","AALA202502104617","oven",3,"BUFFET/GALLEYS"
31153,27,"Flight Controls","2700","AALA202403126201","CND",3,"FLIGHT CONTROL SYSTEM"
31253,52,"Doors","5250","AALA202403123908","door",0,"FIXED INNER DOORS"
30083,53,"Fuselage","5320","AALA202404121855","other",0,"FUSELAGE MISCELLANEOUS STRUCTURE"
31091,25,"Equipment / Furnishings","2560","AALA202404013189","battery",1,"EMERGENCY EQUIPMENT"
31143,53,"Fuselage","5320","AALA202403252646","other",0,"FUSELAGE MISCELLANEOUS STRUCTURE"
29558,52,"Doors","5250","AALA202403261768","door",0,"FIXED INNER DOORS"
29523,34,"Navigation","3440","AALA202403289033","other",3,"INDEPENDENT POS. DETERMINING SYSTEM"
29521,53,"Fuselage","5330","AALA202403044430","other",0,"FUSELAGE MAIN, PLATE/SKIN"
29507,57,"Wings","5730","AALA202404018230","panel",0,"WING, PLATES/SKINS"
29532,53,"Fuselage","5320","AALA202404010532","other",0,"FUSELAGE MISCELLANEOUS STRUCTURE"
31091,33,"Lights","3350","AALA202403041029","other",1,"EMERGENCY LIGHTING"
33232,25,"Equipment / Furnishings","2560","AALA202403048375","CND",1,"EMERGENCY EQUIPMENT"
31270,33,"Lights","3350","AALA202404016688","battery",1,"EMERGENCY LIGHTING"
31280,33,"Lights","3350","AALA202403051432","other",1,"EMERGENCY LIGHTING"
31067,21,"Air Conditioning","2120","AALA202403144550","CND",3,"AIR DISTRIBUTION SYSTEM"
31215,28,"Fuel","2820","AALA202505091470","CND",3,"ACFT FUEL DISTRIB. SYSTEM"
31242,25,"Equipment / Furnishings","2560","AALA202403156478","other",1,"EMERGENCY EQUIPMENT"
31143,53,"Fuselage","5320","AALA202403259429","other",0,"FUSELAGE MISCELLANEOUS STRUCTURE"
31143,53,"Fuselage","5320","AALA202403251135","other",0,"FUSELAGE MISCELLANEOUS STRUCTURE"
29547,56,"Windows","5610","AALA202403258518","CND",3,"FLIGHT COMPARTMENT WINDOWS"
31231,57,"Wings","5750","AALA202403271155","other",0,"WING, CONTROL SURFACES"
31143,53,"Fuselage","5320","AALA202403273514","panel",0,"FUSELAGE MISCELLANEOUS STRUCTURE"
31143,53,"Fuselage","5320","AALA202403277363","other",0,"FUSELAGE MISCELLANEOUS STRUCTURE"
33314,53,"Fuselage","5310","AALA202403042425","duct",0,"FUSELAGE MAIN, STRUCTURE"
33328,33,"Lights","3350","AALA202404017281","other",1,"EMERGENCY LIGHTING"
31280,33,"Lights","3350","AALA202403117246","other",1,"EMERGENCY LIGHTING"
29516,53,"Fuselage","5310","AALA202403222241","door",0,"FUSELAGE MAIN, STRUCTURE"
31143,53,"Fuselage","5320","AALA202403257417","other",0,"FUSELAGE MISCELLANEOUS STRUCTURE"
29534,53,"Fuselage","5320","AALA202403259761","other",0,"FUSELAGE MISCELLANEOUS STRUCTURE"
30082,53,"Fuselage","5320","AALA202403062078","other",0,"FUSELAGE MISCELLANEOUS STRUCTURE"
29557,21,"Air Conditioning","2120","AALA202502246382","valve",3,"AIR DISTRIBUTION SYSTEM"
44449,52,"Doors","5250","AALA202404017371","door",0,"FIXED INNER DOORS"
30082,53,"Fuselage","5320","AALA202403066470","other",0,"FUSELAGE MISCELLANEOUS STRUCTURE"
30082,53,"Fuselage","5320","AALA202403062004","other",0,"FUSELAGE MISCELLANEOUS STRUCTURE"
30084,52,"Doors","5250","AALA202404037444","door",0,"FIXED INNER DOORS"
30906,32,"Landing Gear","3230","AALA202404038625","CND",3,"LANDING GEAR RETRACT/EXTEND SYSTEM"
29577,25,"Equipment / Furnishings","2560","AALA202403072616","door",1,"EMERGENCY EQUIPMENT"
29507,28,"Fuel","2820","AALA202408239850","CND",3,"ACFT FUEL DISTRIB. SYSTEM"
31158,25,"Equipment / Furnishings","2560","AALA202403187686","pack",1,"EMERGENCY EQUIPMENT"
30083,53,"Fuselage","5320","AALA202404100966","other",0,"FUSELAGE MISCELLANEOUS STRUCTURE"
30087,52,"Doors","5250","AALA202403188469","door",0,"FIXED INNER DOORS"
30083,53,"Fuselage","5320","AALA202404128121","other",0,"FUSELAGE MISCELLANEOUS STRUCTURE"
29506,53,"Fuselage","5320","AALA202403151262","other",0,"FUSELAGE MISCELLANEOUS STRUCTURE"
29506,53,"Fuselage","5320","AALA202403153132","other",0,"FUSELAGE MISCELLANEOUS STRUCTURE"
30598,53,"Fuselage","5320","AALA202403250473","panel",0,"FUSELAGE MISCELLANEOUS STRUCTURE"
33314,53,"Fuselage","5330","AALA202406070379","other",0,"FUSELAGE MAIN, PLATE/SKIN"
44446,33,"Lights","3350","AALA202403274448","CND",1,"EMERGENCY LIGHTING"
31143,25,"Equipment / Furnishings","2560","AALA202404019090","door",1,"EMERGENCY EQUIPMENT"
31210,25,"Equipment / Furnishings","2560","AALA202403131891","CND",1,"EMERGENCY EQUIPMENT"
29506,53,"Fuselage","5320","AALA202403157878","other",0,"FUSELAGE MISCELLANEOUS STRUCTURE"
31210,25,"Equipment / Furnishings","2560","AALA202403155232","other",1,"EMERGENCY EQUIPMENT"
33318,55,"Stabilizers","5510","AALA202403195518","other",0,"HORIZONTAL STABILIZER STRUCTURE"
29504,53,"Fuselage","5350","AALA202403195459","other",0,"AERODYNAMIC FAIRINGS"
31143,53,"Fuselage","5310","AALA202403257301","other",0,"FUSELAGE MAIN, STRUCTURE"
31194,52,"Doors","5250","AALA202403255808","latch",0,"FIXED INNER DOORS"
31159,53,"Fuselage","5320","AALA202403208370","door",0,"FUSELAGE MISCELLANEOUS STRUCTURE"
30598,53,"Fuselage","5320","AALA202404018717","other",0,"FUSELAGE MISCELLANEOUS STRUCTURE"
44463,33,"Lights","3350","AALA202404016007","door",1,"EMERGENCY LIGHTING"
33222,33,"Lights","3350","AALA202404014203","other",1,"EMERGENCY LIGHTING"
33226,52,"Doors","5250","AALA202403063860","door",0,"FIXED INNER DOORS"
30082,53,"Fuselage","5320","AALA202403066274","other",0,"FUSELAGE MISCELLANEOUS STRUCTURE"
44477,25,"Equipment / Furnishings","2560","AALA202403077502","door",1,"EMERGENCY EQUIPMENT"
44477,25,"Equipment / Furnishings","2560","AALA202403071721","door",1,"EMERGENCY EQUIPMENT"
33338,25,"Equipment / Furnishings","2560","AALA202404032215","acm",1,"EMERGENCY EQUIPMENT"
30598,55,"Stabilizers","5510","AALA202404046191","other",0,"HORIZONTAL STABILIZER STRUCTURE"
29509,52,"Doors","5250","AALA202502122118","latch",0,"FIXED INNER DOORS"
29533,33,"Lights","3350","AALA202403110423","other",3,"EMERGENCY LIGHTING"
44485,53,"Fuselage","5310","AALA202403120680","door",0,"FUSELAGE MAIN, STRUCTURE"
30098,33,"Lights","3350","AALA202403190072","switch",1,"EMERGENCY LIGHTING"
31143,53,"Fuselage","5320","AALA202403254840","panel",0,"FUSELAGE MISCELLANEOUS STRUCTURE"
31143,53,"Fuselage","5310","AALA202403257728","other",0,"FUSELAGE MAIN, STRUCTURE"
31143,53,"Fuselage","5320","AALA202403250716","other",0,"FUSELAGE MISCELLANEOUS STRUCTURE"
30082,53,"Fuselage","5320","AALA202403252317","other",0,"FUSELAGE MISCELLANEOUS STRUCTURE"
31203,53,"Fuselage","5320","AALA202403257411","door",0,"FUSELAGE MISCELLANEOUS STRUCTURE"
30083,53,"Fuselage","5320","AALA202404164982","other",0,"FUSELAGE MISCELLANEOUS STRUCTURE"
29534,53,"Fuselage","5320","AALA202404160840","other",0,"FUSELAGE MISCELLANEOUS STRUCTURE"
29539,52,"Doors","5250","AALA202403254161","door",0,"FIXED INNER DOORS"
31231,57,"Wings","5750","AALA202403264249","other",0,"WING, CONTROL SURFACES"
29525,33,"Lights","3350","AALA202403260050","door",1,"EMERGENCY LIGHTING"
33314,53,"Fuselage","5310","AALA202406100217","other",0,"FUSELAGE MAIN, STRUCTURE"
31107,25,"Equipment / Furnishings","2530","AALA202403217895","oven",3,"BUFFET/GALLEYS"
29564,25,"Equipment / Furnishings","2560","AALA202404012065","other",1,"EMERGENCY EQUIPMENT"
31067,25,"Equipment / Furnishings","2560","AALA202403013796","other",1,"EMERGENCY EQUIPMENT"
29529,53,"Fuselage","5320","AALA202403045483","other",0,"FUSELAGE MISCELLANEOUS STRUCTURE"
29532,53,"Fuselage","5320","AALA202404013957","other",0,"FUSELAGE MISCELLANEOUS STRUCTURE"
29534,53,"Fuselage","5320","AALA202404014294","other",0,"FUSELAGE MISCELLANEOUS STRUCTURE"
29534,55,"Stabilizers","5510","AALA202404015817","other",0,"HORIZONTAL STABILIZER STRUCTURE"
29532,52,"Doors","5250","AALA202403045125","latch",0,"FIXED INNER DOORS"
44456,52,"Doors","5250","AALA202403043390","hinge",0,"FIXED INNER DOORS"
44463,33,"Lights","3350","AALA202404018810","door",1,"EMERGENCY LIGHTING"
31228,52,"Doors","5250","AALA202403089165","door",0,"FIXED INNER DOORS"
33338,25,"Equipment / Furnishings","2560","AALA202404036326","other",1,"EMERGENCY EQUIPMENT"
31226,26,"Fire Protection","2620","AALA202403116764","other",3,"EXTINGUISHING SYSTEM"
30093,52,"Doors","5250","AALA202403151344","latch",0,"FIXED INNER DOORS"
29514,25,"Equipment / Furnishings","2560","AALA202403155842","door",1,"EMERGENCY EQUIPMENT"
33340,52,"Doors","5250","AALA202403157151","latch",0,"FIXED INNER DOORS"
33222,33,"Lights","3350","AALA202403188349","CND",1,"EMERGENCY LIGHTING"
30920,27,"Flight Controls","2750","AALA202403185963","other",3,"TE FLAP CONTROL SYSTEM"
31269,25,"Equipment / Furnishings","2560","AALA202403253478","door",1,"EMERGENCY EQUIPMENT"
30096,21,"Air Conditioning","2130","AALA202403262998","CND",3,"CABIN PRESSURE CONTROL SYSTEM"
29534,53,"Fuselage","5320","AALA202403270649","other",0,"FUSELAGE MISCELLANEOUS STRUCTURE"
29512,25,"Equipment / Furnishings","2560","AALA202403273886","CND",1,"EMERGENCY EQUIPMENT"
33206,25,"Equipment / Furnishings","2560","AALA202403221758","other",1,"EMERGENCY EQUIPMENT"
29529,53,"Fuselage","5320","AALA202403042078","other",0,"FUSELAGE MISCELLANEOUS STRUCTURE"
29532,53,"Fuselage","5320","AALA202404013179","other",0,"FUSELAGE MISCELLANEOUS STRUCTURE"
29532,53,"Fuselage","5320","AALA202404010236","other",0,"FUSELAGE MISCELLANEOUS STRUCTURE"
29538,33,"Lights","3350","AALA202403040124","CND",3,"EMERGENCY LIGHTING"
29548,25,"Equipment / Furnishings","2560","AALA202403042880","other",1,"EMERGENCY EQUIPMENT"
30097,25,"Equipment / Furnishings","2530","AALA202403067310","oven",1,"BUFFET/GALLEYS"
30082,53,"Fuselage","5320","AALA202403065909","other",0,"FUSELAGE MISCELLANEOUS STRUCTURE"
30598,53,"Fuselage","5320","AALA202404040868","panel",0,"FUSELAGE MISCELLANEOUS STRUCTURE"
30091,53,"Fuselage","5340","AALA202503173407","other",0,"FUSELAGE MAIN, ATTACH FITTINGS"
31153,53,"Fuselage","5300","AALA202403116201","CND",3,"FUSELAGE STRUCTURE (GENERAL)"
33315,52,"Doors","5240","AALA202404095212","door",0,"SERVICE DOORS"
30083,53,"Fuselage","5320","AALA202404091699","door",0,"FUSELAGE MISCELLANEOUS STRUCTURE"
31077,33,"Lights","3350","AALA202403134251","other",1,"EMERGENCY LIGHTING"
31067,21,"Air Conditioning","2120","AALA202403158048","filter",3,"AIR DISTRIBUTION SYSTEM"
31093,53,"Fuselage","5320","AALA202403187923","door",0,"FUSELAGE MISCELLANEOUS STRUCTURE"
33208,33,"Lights","3350","AALA202403255383","other",1,"EMERGENCY LIGHTING"
33208,33,"Lights","3350","AALA202403255819","other",1,"EMERGENCY LIGHTING"
31173,29,"Hydraulic Power","2930","AALA202404017698","other",3,"HYDRAULIC INDICATING SYSTEM"
30858,25,"Equipment / Furnishings","2560","AALA202404014281","other",1,"EMERGENCY EQUIPMENT"
44451,55,"Stabilizers","5520","AALA202403056548","hinge",0,"ELEVATOR STRUCTURE"
33315,53,"Fuselage","5320","AALA202404055876","panel",0,"FUSELAGE MISCELLANEOUS STRUCTURE"
29504,53,"Fuselage","5330","AALA202403150750","other",0,"FUSELAGE MAIN, PLATE/SKIN"
29557,53,"Fuselage","5320","AALA202505289922","other",0,"FUSELAGE MISCELLANEOUS STRUCTURE"
31067,25,"Equipment / Furnishings","2560","AALA202403188982","battery",1,"EMERGENCY EQUIPMENT"
31143,53,"Fuselage","5320","AALA202403252163","other",0,"FUSELAGE MISCELLANEOUS STRUCTURE"
29560,52,"Doors","5210","AALA202403258836","door",0,"PASSENGER/CREW DOORS"
33224,52,"Doors","5250","AALA202403210127","CND",0,"FIXED INNER DOORS"
31275,33,"Lights","3350","AALA202403272862","CND",1,"EMERGENCY LIGHTING"
29547,25,"Equipment / Furnishings","2560","AALA202403277354","door",3,"EMERGENCY EQUIPMENT"
29518,56,"Windows","5610","AALA202403271486","window",3,"FLIGHT COMPARTMENT WINDOWS"
31275,33,"Lights","3350","AALA202403282862","door",1,"EMERGENCY LIGHTING"
31242,25,"Equipment / Furnishings","2560","AALA202403126478","CND",1,"EMERGENCY EQUIPMENT"
30916,25,"Equipment / Furnishings","2560","AALA202404010300","other",1,"EMERGENCY EQUIPMENT"
30599,28,"Fuel","2820","AALA202404014652","switch",1,"ACFT FUEL DISTRIB. SYSTEM"
44452,25,"Equipment / Furnishings","2560","AALA202404012256","battery",1,"EMERGENCY EQUIPMENT"
33315,53,"Fuselage","5310","AALA202404022439","panel",0,"FUSELAGE MAIN, STRUCTURE"
30082,53,"Fuselage","5320","AALA202403063101","other",0,"FUSELAGE MISCELLANEOUS STRUCTURE"
30082,51,"Standard Practices And Structures - General","5100","AALA202403060090","other",0,"STANDARD PRACTICES/STRUCTURES"
30082,57,"Wings","5710","AALA202403062971","other",0,"WING, MAIN FRAME STRUCTURE"
29546,33,"Lights","3350","AALA202404031828","other",1,"EMERGENCY LIGHTING"
33223,33,"Lights","3350","AALA202403078090","other",1,"EMERGENCY LIGHTING"
31067,21,"Air Conditioning","2120","AALA202403157263","filter",3,"AIR DISTRIBUTION SYSTEM"
30082,55,"Stabilizers","5510","AALA202403151981","other",0,"HORIZONTAL STABILIZER STRUCTURE"
33329,52,"Doors","5250","AALA202403196452","door",0,"FIXED INNER DOORS"
31143,53,"Fuselage","5320","AALA202403256403","other",0,"FUSELAGE MISCELLANEOUS STRUCTURE"
30912,52,"Doors","5250","AALA202403283306","door",0,"FIXED INNER DOORS"
44446,52,"Doors","5250","AALA202404014977","latch",0,"FIXED INNER DOORS"
30083,53,"Fuselage","5310","AALA202405079684","wheel",0,"FUSELAGE MAIN, STRUCTURE"
31210,25,"Equipment / Furnishings","2560","AALA202403135232","CND",1,"EMERGENCY EQUIPMENT"
31143,53,"Fuselage","5320","AALA202403259648","other",0,"FUSELAGE MISCELLANEOUS STRUCTURE"
30598,53,"Fuselage","5320","AALA202403257326","other",0,"FUSELAGE MISCELLANEOUS STRUCTURE"
33224,53,"Fuselage","5340","AALA202403270127","hinge",0,"FUSELAGE MAIN, ATTACH FITTINGS"
29529,53,"Fuselage","5320","AALA202403040405","other",0,"FUSELAGE MISCELLANEOUS STRUCTURE"
29529,53,"Fuselage","5320","AALA202403045443","other",0,"FUSELAGE MISCELLANEOUS STRUCTURE"
29529,53,"Fuselage","5320","AALA202403047339","other",0,"FUSELAGE MISCELLANEOUS STRUCTURE"
29532,53,"Fuselage","5320","AALA202404019511","other",0,"FUSELAGE MISCELLANEOUS STRUCTURE"
44483,52,"Doors","5250","AALA202404010840","door",0,"FIXED INNER DOORS"
30903,52,"Doors","5250","AALA202403046533","latch",0,"FIXED INNER DOORS"
31147,52,"Doors","5210","AALA202403047237","door",0,"PASSENGER/CREW DOORS"
40766,53,"Fuselage","5310","AALA202403054977","door",0,"FUSELAGE MAIN, STRUCTURE"
31280,33,"Lights","3350","AALA202403064919","other",1,"EMERGENCY LIGHTING"
31280,33,"Lights","3350","AALA202403110533","other",1,"EMERGENCY LIGHTING"
33232,25,"Equipment / Furnishings","2560","AALA202403144611","door",1,"EMERGENCY EQUIPMENT"
31228,52,"Doors","5250","AALA202403151864","door",0,"FIXED INNER DOORS"
30098,33,"Lights","3350","AALA202403180072","CND",1,"EMERGENCY LIGHTING"
31143,53,"Fuselage","5320","AALA202403255103","door",0,"FUSELAGE MISCELLANEOUS STRUCTURE"
33520,52,"Doors","5250","AALA202505134484","door",0,"FIXED INNER DOORS"
29507,57,"Wings","5730","AALA202403228230","CND",0,"WING, PLATES/SKINS"
29534,53,"Fuselage","5310","AALA202404013211","other",0,"FUSELAGE MAIN, STRUCTURE"
33314,53,"Fuselage","5320","AALA202403050496","other",0,"FUSELAGE MISCELLANEOUS STRUCTURE"
29532,52,"Doors","5250","AALA202403058264","door",0,"FIXED INNER DOORS"
33318,55,"Stabilizers","5510","AALA202403085518","CND",0,"HORIZONTAL STABILIZER STRUCTURE"
29534,55,"Stabilizers","5510","AALA202404040052","other",0,"HORIZONTAL STABILIZER STRUCTURE"
30598,53,"Fuselage","5310","AALA202404048381","other",0,"FUSELAGE MAIN, STRUCTURE"
29559,53,"Fuselage","5310","AALA202412192166","door",0,"FUSELAGE MAIN, STRUCTURE"
30598,55,"Stabilizers","5530","AALA202404093423","other",0,"VERTICAL STABILIZER STRUCTURE"
31210,25,"Equipment / Furnishings","2560","AALA202403138756","other",1,"EMERGENCY EQUIPMENT"
31237,25,"Equipment / Furnishings","2560","AALA202403127521","other",1,"EMERGENCY EQUIPMENT"
31237,25,"Equipment / Furnishings","2560","AALA202403120860","other",1,"EMERGENCY EQUIPMENT"
29519,55,"Stabilizers","5510","AALA202403123431","CND",0,"HORIZONTAL STABILIZER STRUCTURE"
29506,53,"Fuselage","5320","AALA202403153470","other",0,"FUSELAGE MISCELLANEOUS STRUCTURE"
29506,53,"Fuselage","5320","AALA202403150486","other",0,"FUSELAGE MISCELLANEOUS STRUCTURE"
29519,55,"Stabilizers","5510","AALA202403153431","other",0,"HORIZONTAL STABILIZER STRUCTURE"
31159,25,"Equipment / Furnishings","2560","AALA202403184791","door",1,"EMERGENCY EQUIPMENT"
33344,33,"Lights","3350","AALA202403202880","other",3,"EMERGENCY LIGHTING"
44477,33,"Lights","3350","AALA202403221574","other",1,"EMERGENCY LIGHTING"
29532,53,"Fuselage","5320","AALA202404013307","other",0,"FUSELAGE MISCELLANEOUS STRUCTURE"
29534,55,"Stabilizers","5510","AALA202404017231","other",0,"HORIZONTAL STABILIZER STRUCTURE"
29529,53,"Fuselage","5320","AALA202403048450","other",0,"FUSELAGE MISCELLANEOUS STRUCTURE"
33521,28,"Fuel","2840","AALA202404013680","valve",3,"ACFT FUEL INDICATING SYSTEM"
29539,53,"Fuselage","5310","AALA202502060464","other",0,"FUSELAGE MAIN, STRUCTURE"
33232,25,"Equipment / Furnishings","2560","AALA202403058375","door",1,"EMERGENCY EQUIPMENT"
33206,52,"Doors","5250","AALA202502173924","hinge",0,"FIXED INNER DOORS"
29538,33,"Lights","3350","AALA202403060124","other",3,"EMERGENCY LIGHTING"
29546,33,"Lights","3350","AALA202404011828","CND",1,"EMERGENCY LIGHTING"
29563,33,"Lights","3350","AALA202403134438","other",1,"EMERGENCY LIGHTING"
31219,52,"Doors","5250","AALA202403141877","panel",0,"FIXED INNER DOORS"
30089,53,"Fuselage","5310","AALA202502107737","other",0,"FUSELAGE MAIN, STRUCTURE"
30083,53,"Fuselage","5320","AALA202404219340","panel",0,"FUSELAGE MISCELLANEOUS STRUCTURE"
29527,25,"Equipment / Furnishings","2560","AALA202408260748","battery",1,"EMERGENCY EQUIPMENT"
40581,57,"Wings","5750","AALA202408235435","other",3,"WING, CONTROL SURFACES"
31270,25,"Equipment / Furnishings","2560","AALA202404019141","battery",1,"EMERGENCY EQUIPMENT"
29525,25,"Equipment / Furnishings","2560","AALA202403259390","door",1,"EMERGENCY EQUIPMENT"
31163,28,"Fuel","2840","AALA202505099098","probe",3,"ACFT FUEL INDICATING SYSTEM"
30085,32,"Landing Gear","3230","AALA202403250324","module",2,"LANDING GEAR RETRACT/EXTEND SYSTEM"
29572,53,"Fuselage","5320","AALA202412247972","other",0,"FUSELAGE MISCELLANEOUS STRUCTURE"
29529,25,"Equipment / Furnishings","2560","AALA202404019613","door",1,"EMERGENCY EQUIPMENT"
31067,21,"Air Conditioning","2120","AALA202403154550","tire",3,"AIR DISTRIBUTION SYSTEM"
29504,53,"Fuselage","5350","AALA202403155459","CND",0,"AERODYNAMIC FAIRINGS"
33315,53,"Fuselage","5320","AALA202404220357","panel",0,"FUSELAGE MISCELLANEOUS STRUCTURE"
33338,53,"Fuselage","5330","AALA202403258043","other",0,"FUSELAGE MAIN, PLATE/SKIN"
30858,25,"Equipment / Furnishings","2560","AALA202403278687","door",1,"EMERGENCY EQUIPMENT"
29512,25,"Equipment / Furnishings","2560","AALA202403283886","other",1,"EMERGENCY EQUIPMENT"
33203,25,"Equipment / Furnishings","2560","AALA202403057786","battery",1,"EMERGENCY EQUIPMENT"
33314,25,"Equipment / Furnishings","2560","AALA202403156271","door",1,"EMERGENCY EQUIPMENT"
29506,53,"Fuselage","5320","AALA202403151716","other",0,"FUSELAGE MISCELLANEOUS STRUCTURE"
29506,53,"Fuselage","5320","AALA202403156545","other",0,"FUSELAGE MISCELLANEOUS STRUCTURE"
29506,53,"Fuselage","5320","AALA202403151005","other",0,"FUSELAGE MISCELLANEOUS STRUCTURE"
33256,33,"Lights","3350","AALA202403197421","other",1,"EMERGENCY LIGHTING"
31158,25,"Equipment / Furnishings","2560","AALA202403208989","door",1,"EMERGENCY EQUIPMENT"
30091,55,"Stabilizers","5510","AALA202502251110","other",0,"HORIZONTAL STABILIZER STRUCTURE"
31149,53,"Fuselage","5320","AALA202407034204","panel",0,"FUSELAGE MISCELLANEOUS STRUCTURE"
31097,52,"Doors","5250","AALA202406129451","panel",0,"FIXED INNER DOORS"
29577,25,"Equipment / Furnishings","2560","AALA202406242601","CND",1,"EMERGENCY EQUIPMENT"
29503,53,"Fuselage","5320","AALA202406076327","other",0,"FUSELAGE MISCELLANEOUS STRUCTURE"
31073,33,"Lights","3350","AALA202406109664","door",3,"EMERGENCY LIGHTING"
31169,52,"Doors","5250","AALA202406107076","door",0,"FIXED INNER DOORS"
29535,55,"Stabilizers","5510","AALA202406175882","other",0,"HORIZONTAL STABILIZER STRUCTURE"
33224,53,"Fuselage","5320","AALA202407178684","panel",0,"FUSELAGE MISCELLANEOUS STRUCTURE"
30084,53,"Fuselage","5310","AALA202406114923","other",0,"FUSELAGE MAIN, STRUCTURE"
30600,53,"Fuselage","5320","AALA202406270327","panel",0,"FUSELAGE MISCELLANEOUS STRUCTURE"
30600,53,"Fuselage","5320","AALA202406276715","panel",0,"FUSELAGE MISCELLANEOUS STRUCTURE"
33224,53,"Fuselage","5320","AALA202407173608","panel",0,"FUSELAGE MISCELLANEOUS STRUCTURE"
30089,28,"Fuel","2820","AALA202406192302","switch",1,"ACFT FUEL DISTRIB. SYSTEM"
29517,53,"Fuselage","5320","AALA202401242380","other",0,"FUSELAGE MISCELLANEOUS STRUCTURE"
33224,53,"Fuselage","5320","AALA202407085064","other",0,"FUSELAGE MISCELLANEOUS STRUCTURE"
31149,53,"Fuselage","5320","AALA202407080594","panel",0,"FUSELAGE MISCELLANEOUS STRUCTURE"
30090,53,"Fuselage","5310","AALA202412232793","other",0,"FUSELAGE MAIN, STRUCTURE"
33314,53,"Fuselage","5310","AALA202406064650","other",0,"FUSELAGE MAIN, STRUCTURE"
29514,28,"Fuel","2820","AALA202407101766","valve",3,"ACFT FUEL DISTRIB. SYSTEM"
29571,55,"Stabilizers","5510","AALA202412197389","other",0,"HORIZONTAL STABILIZER STRUCTURE"
29569,56,"Windows","5610","AALA202406274111","window",0,"FLIGHT COMPARTMENT WINDOWS"
31075,25,"Equipment / Furnishings","2530","AALA202406146203","oven",3,"BUFFET/GALLEYS"
31149,53,"Fuselage","5310","AALA202407012470","panel",0,"FUSELAGE MAIN, STRUCTURE"
29535,21,"Air Conditioning","2130","AALA202407013854","controller",3,"CABIN PRESSURE CONTROL SYSTEM"
29543,25,"Equipment / Furnishings","2560","AALA202407014545","door",3,"EMERGENCY EQUIPMENT"
30087,52,"Doors","5210","AALA202407015007","door",0,"PASSENGER/CREW DOORS"
30600,53,"Fuselage","5320","AALA202407031640","other",0,"FUSELAGE MISCELLANEOUS STRUCTURE"
33211,53,"Fuselage","5310","AALA202407029296","other",0,"FUSELAGE MAIN, STRUCTURE"
44450,25,"Equipment / Furnishings","2560","AALA202406030603","door",1,"EMERGENCY EQUIPMENT"
33328,52,"Doors","5250","AALA202406210350","door",0,"FIXED INNER DOORS"
33318,53,"Fuselage","5310","AALA202406252767","other",0,"FUSELAGE MAIN, STRUCTURE"
33210,25,"Equipment / Furnishings","2560","AALA202406254157","door",1,"EMERGENCY EQUIPMENT"
29531,33,"Lights","3350","AALA202406103644","other",1,"EMERGENCY LIGHTING"
31173,73,"Engine - Fuel And Control","7310","AALA202406270786","engine",3,"ENGINE FUEL DISTRIBUTION"
29535,51,"Standard Practices And Structures - General","5100","AALA202406178823","other",0,"STANDARD PRACTICES/STRUCTURES"
44473,52,"Doors","5250","AALA202408052047","door",0,"FIXED INNER DOORS"
33224,53,"Fuselage","5320","AALA202407174744","panel",0,"FUSELAGE MISCELLANEOUS STRUCTURE"
33224,53,"Fuselage","5320","AALA202407172703","panel",0,"FUSELAGE MISCELLANEOUS STRUCTURE"
29539,53,"Fuselage","5320","AALA202406183592","door",0,"FUSELAGE MISCELLANEOUS STRUCTURE"
31143,25,"Equipment / Furnishings","2560","AALA202406184140","other",1,"EMERGENCY EQUIPMENT"
29566,49,"Airborne Auxiliary Power","4990","AALA202406043169","switch",3,"APU OIL SYSTEM"
29549,53,"Fuselage","5340","AALA202406213808","other",0,"FUSELAGE MAIN, ATTACH FITTINGS"
29505,33,"Lights","3350","AALA202406107808","other",1,"EMERGENCY LIGHTING"
29514,28,"Fuel","2820","AALA202407107316","valve",3,"ACFT FUEL DISTRIB. SYSTEM"
33318,53,"Fuselage","5320","AALA202406258140","panel",0,"FUSELAGE MISCELLANEOUS STRUCTURE"
33318,53,"Fuselage","5320","AALA202406253707","panel",0,"FUSELAGE MISCELLANEOUS STRUCTURE"
29533,53,"Fuselage","5320","AALA202401297337","other",0,"FUSELAGE MISCELLANEOUS STRUCTURE"
31161,53,"Fuselage","5320","AALA202501095191","panel",0,"FUSELAGE MISCELLANEOUS STRUCTURE"
29530,25,"Equipment / Furnishings","2560","AALA202406114651","pack",1,"EMERGENCY EQUIPMENT"
29547,33,"Lights","3350","AALA202406272465","pack",1,"EMERGENCY LIGHTING"
33322,21,"Air Conditioning","2120","AALA202407013555","engine",3,"AIR DISTRIBUTION SYSTEM"
29557,27,"Flight Controls","2730","AALA202506092409","other",2,"ELEVATOR CONTROL SYSTEM"
30600,53,"Fuselage","5310","AALA202407032018","panel",0,"FUSELAGE MAIN, STRUCTURE"
30600,53,"Fuselage","5320","AALA202407031670","panel",0,"FUSELAGE MISCELLANEOUS STRUCTURE"
33224,53,"Fuselage","5320","AALA202407174373","panel",0,"FUSELAGE MISCELLANEOUS STRUCTURE"
33256,52,"Doors","5250","AALA202406115573","door",0,"FIXED INNER DOORS"
29505,33,"Lights","3350","AALA202406032862","panel",1,"EMERGENCY LIGHTING"
33224,53,"Fuselage","5320","AALA202407178904","panel",0,"FUSELAGE MISCELLANEOUS STRUCTURE"
29549,53,"Fuselage","5340","AALA202406212984","other",0,"FUSELAGE MAIN, ATTACH FITTINGS"
29549,53,"Fuselage","5330","AALA202406241776","other",0,"FUSELAGE MAIN, PLATE/SKIN"
30082,57,"Wings","5710","AALA202406243723","other",0,"WING, MAIN FRAME STRUCTURE"
33314,53,"Fuselage","5330","AALA202406108635","other",0,"FUSELAGE MAIN, PLATE/SKIN"
30903,28,"Fuel","2820","AALA202406273827","pump",3,"ACFT FUEL DISTRIB. SYSTEM"
31270,21,"Air Conditioning","2130","AALA202406146552","switch",3,"CABIN PRESSURE CONTROL SYSTEM"
33224,53,"Fuselage","5320","AALA202407171768","panel",0,"FUSELAGE MISCELLANEOUS STRUCTURE"
33224,53,"Fuselage","5320","AALA202407170088","panel",0,"FUSELAGE MISCELLANEOUS STRUCTURE"
31218,21,"Air Conditioning","2120","AALA202406184789","bleed air component",3,"AIR DISTRIBUTION SYSTEM"
29537,25,"Equipment / Furnishings","2560","AALA202406187735","battery",1,"EMERGENCY EQUIPMENT"
29543,33,"Lights","3350","AALA202406186161","other",1,"EMERGENCY LIGHTING"
31149,53,"Fuselage","5320","AALA202407036659","other",0,"FUSELAGE MISCELLANEOUS STRUCTURE"
31147,53,"Fuselage","5310","AALA202406036757","pack",0,"FUSELAGE MAIN, STRUCTURE"
29549,29,"Hydraulic Power","2910","AALA202505151932","engine",3,"HYDRAULIC SYSTEM, MAIN"
44474,21,"Air Conditioning","2120","AALA202406216213","CND",3,"AIR DISTRIBUTION SYSTEM"
30600,53,"Fuselage","5320","AALA202407226859","panel",0,"FUSELAGE MISCELLANEOUS STRUCTURE"
29503,53,"Fuselage","5320","AALA202406072677","other",0,"FUSELAGE MISCELLANEOUS STRUCTURE"
29545,53,"Fuselage","5310","AALA202406254893","door",3,"FUSELAGE MAIN, STRUCTURE"
29560,72,"Engine","7200","AALA202406254506","CND",3,"ENGINE (TURBINE/TURBOPROP)"
44467,25,"Equipment / Furnishings","2560","AALA202406250065","door",3,"EMERGENCY EQUIPMENT"
44473,52,"Doors","5250","AALA202401224433","door",0,"FIXED INNER DOORS"
29536,51,"Standard Practices And Structures - General","5100","AALA202406065604","panel",0,"STANDARD PRACTICES/STRUCTURES"
31269,52,"Doors","5250","AALA202406077988","latch",3,"FIXED INNER DOORS"
29503,53,"Fuselage","5320","AALA202406073358","other",0,"FUSELAGE MISCELLANEOUS STRUCTURE"
31147,53,"Fuselage","5320","AALA202406102120","other",0,"FUSELAGE MISCELLANEOUS STRUCTURE"
29508,56,"Windows","5610","AALA202406258559","window",0,"FLIGHT COMPARTMENT WINDOWS"
44478,33,"Lights","3350","AALA202406186525","other",1,"EMERGENCY LIGHTING"
44475,33,"Lights","3350","AALA202406289124","other",1,"EMERGENCY LIGHTING"
68100,33,"Lights","3350","AALA202405306090","CND",1,"EMERGENCY LIGHTING"
30094,33,"Lights","3350","AALA202407019096","other",1,"EMERGENCY LIGHTING"
33229,33,"Lights","3350","AALA202406180555","CND",1,"EMERGENCY LIGHTING"
31257,25,"Equipment / Furnishings","2560","AALA202406189526","door",1,"EMERGENCY EQUIPMENT"
33224,53,"Fuselage","5310","AALA202407080886","other",0,"FUSELAGE MAIN, STRUCTURE"
31253,21,"Air Conditioning","2120","AALA202406064301","pack",3,"AIR DISTRIBUTION SYSTEM"
29536,51,"Standard Practices And Structures - General","5100","AALA202406061231","other",0,"STANDARD PRACTICES/STRUCTURES"
29544,53,"Fuselage","5310","AALA202505162021","panel",0,"FUSELAGE MAIN, STRUCTURE"
30600,53,"Fuselage","5320","AALA202406271460","panel",0,"FUSELAGE MISCELLANEOUS STRUCTURE"
29536,53,"Fuselage","5310","AALA202406279890","door",0,"FUSELAGE MAIN, STRUCTURE"
31151,53,"Fuselage","5340","AALA202406273200","hinge",0,"FUSELAGE MAIN, ATTACH FITTINGS"
44457,25,"Equipment / Furnishings","2560","AALA202406287455","door",1,"EMERGENCY EQUIPMENT"
44473,25,"Equipment / Furnishings","2560","AALA202406143389","CND",3,"EMERGENCY EQUIPMENT"
29543,53,"Fuselage","5340","AALA202506235379","other",0,"FUSELAGE MAIN, ATTACH FITTINGS"
29538,33,"Lights","3350","AALA202406145708","other",1,"EMERGENCY LIGHTING"
31103,25,"Equipment / Furnishings","2560","AALA202406144024","door",1,"EMERGENCY EQUIPMENT"
31149,53,"Fuselage","5310","AALA202407016077","panel",0,"FUSELAGE MAIN, STRUCTURE"
29549,52,"Doors","5250","AALA202407012392","panel",0,"FIXED INNER DOORS"
33334,33,"Lights","3350","AALA202407011423","other",3,"EMERGENCY LIGHTING"
31083,28,"Fuel","2820","AALA202406193203","pump",1,"ACFT FUEL DISTRIB. SYSTEM"
67991,34,"Navigation","3440","AALA202406189290","other",3,"INDEPENDENT POS. DETERMINING SYSTEM"
33205,25,"Equipment / Furnishings","2560","AALA202406243538","other",1,"EMERGENCY EQUIPMENT"
31156,25,"Equipment / Furnishings","2560","AALA202406246184","battery",1,"EMERGENCY EQUIPMENT"
44459,52,"Doors","5250","AALA202505196754","door",0,"FIXED INNER DOORS"
33224,53,"Fuselage","5320","AALA202407173901","panel",0,"FUSELAGE MISCELLANEOUS STRUCTURE"
33487,52,"Doors","5250","AALA202406190026","hinge",0,"FIXED INNER DOORS"
31149,53,"Fuselage","5320","AALA202407088200","panel",0,"FUSELAGE MISCELLANEOUS STRUCTURE"
29528,52,"Doors","5250","AALA202406210860","door",0,"FIXED INNER DOORS"
30084,53,"Fuselage","5310","AALA202406218520","door",0,"FUSELAGE MAIN, STRUCTURE"
30078,52,"Doors","5210","AALA202406051412","door",0,"PASSENGER/CREW DOORS"
33520,33,"Lights","3350","AALA202406056673","pack",1,"EMERGENCY LIGHTING"
30600,53,"Fuselage","5320","AALA202406246236","other",0,"FUSELAGE MISCELLANEOUS STRUCTURE"
29503,53,"Fuselage","5320","AALA202406075345","other",0,"FUSELAGE MISCELLANEOUS STRUCTURE"
33240,33,"Lights","3350","AALA202406181458","other",1,"EMERGENCY LIGHTING"
31242,32,"Landing Gear","3240","AALA202406252909","brake",3,"LANDING GEAR BRAKE SYSTEM"
68101,33,"Lights","3350","AALA202406107928","other",1,"EMERGENCY LIGHTING"
33518,33,"Lights","3350","AALA202406108866","panel",1,"EMERGENCY LIGHTING"
31069,52,"Doors","5210","AALA202406125984","CND",3,"PASSENGER/CREW DOORS"
29535,25,"Equipment / Furnishings","2560","AALA202406279883","other",1,"EMERGENCY EQUIPMENT"
44458,25,"Equipment / Furnishings","2560","AALA202406276505","pack",1,"EMERGENCY EQUIPMENT"
30600,53,"Fuselage","5320","AALA202407039032","panel",0,"FUSELAGE MISCELLANEOUS STRUCTURE"
33224,53,"Fuselage","5320","AALA202407178126","panel",0,"FUSELAGE MISCELLANEOUS STRUCTURE"
33224,53,"Fuselage","5320","AALA202407053837","other",0,"FUSELAGE MISCELLANEOUS STRUCTURE"
31099,53,"Fuselage","5310","AALA202406137867","other",0,"FUSELAGE MAIN, STRUCTURE"
31075,53,"Fuselage","5340","AALA202401176447","hinge",0,"FUSELAGE MAIN, ATTACH FITTINGS"
29536,55,"Stabilizers","5510","AALA202406107581","other",0,"HORIZONTAL STABILIZER STRUCTURE"
31099,53,"Fuselage","5310","AALA202406131418","other",0,"FUSELAGE MAIN, STRUCTURE"
33214,25,"Equipment / Furnishings","2560","AALA202409277634","door",1,"EMERGENCY EQUIPMENT"
31258,53,"Fuselage","5330","AALA202406067389","other",0,"FUSELAGE MAIN, PLATE/SKIN"
30600,53,"Fuselage","5320","AALA202406242667","door",0,"FUSELAGE MISCELLANEOUS STRUCTURE"
33210,25,"Equipment / Furnishings","2560","AALA202406244157","CND",1,"EMERGENCY EQUIPMENT"
30600,53,"Fuselage","5330","AALA202407018421","other",0,"FUSELAGE MAIN, PLATE/SKIN"
30600,53,"Fuselage","5320","AALA202407087884","door",0,"FUSELAGE MISCELLANEOUS STRUCTURE"
33318,53,"Fuselage","5310","AALA202407088585","other",0,"FUSELAGE MAIN, STRUCTURE"
33318,53,"Fuselage","5320","AALA202406258462","panel",0,"FUSELAGE MISCELLANEOUS STRUCTURE"
30094,33,"Lights","3350","AALA202407011909","other",1,"EMERGENCY LIGHTING"
31189,33,"Lights","3350","AALA202406105838","other",1,"EMERGENCY LIGHTING"
29562,21,"Air Conditioning","2120","AALA202406104707","filter",3,"AIR DISTRIBUTION SYSTEM"
31149,53,"Fuselage","5340","AALA202406100962","hinge",0,"FUSELAGE MAIN, ATTACH FITTINGS"
29561,52,"Doors","5250","AALA202406122535","CND",0,"FIXED INNER DOORS"
31149,53,"Fuselage","5320","AALA202407015366","other",0,"FUSELAGE MISCELLANEOUS STRUCTURE"
29535,51,"Standard Practices And Structures - General","5100","AALA202406174573","other",0,"STANDARD PRACTICES/STRUCTURES"
31149,53,"Fuselage","5320","AALA202407039375","other",0,"FUSELAGE MISCELLANEOUS STRUCTURE"
33224,53,"Fuselage","5320","AALA202407170246","panel",0,"FUSELAGE MISCELLANEOUS STRUCTURE"
31147,53,"Fuselage","5310","AALA202406037642","duct",0,"FUSELAGE MAIN, STRUCTURE"
67991,75,"Bleed Air","7510","AALA202406030664","CND",3,"ENGINE ANTI-ICING SYSTEM"
29549,53,"Fuselage","5340","AALA202406215853","other",0,"FUSELAGE MAIN, ATTACH FITTINGS"
29571,53,"Fuselage","5320","AALA202412066511","other",0,"FUSELAGE MISCELLANEOUS STRUCTURE"
29527,57,"Wings","5740","AALA202406212989","panel",0,"WING, ATTACH FITTINGS"
31097,52,"Doors","5250","AALA202406241419","door",0,"FIXED INNER DOORS"
33318,53,"Fuselage","5310","AALA202406257562","other",0,"FUSELAGE MAIN, STRUCTURE"
33318,53,"Fuselage","5320","AALA202406251372","other",0,"FUSELAGE MISCELLANEOUS STRUCTURE"
29503,53,"Fuselage","5300","AALA202406076515","other",0,"FUSELAGE STRUCTURE (GENERAL)"
29503,53,"Fuselage","5320","AALA202406078811","other",0,"FUSELAGE MISCELLANEOUS STRUCTURE"
29577,25,"Equipment / Furnishings","2560","AALA202406252601","door",1,"EMERGENCY EQUIPMENT"
44474,38,"Water / Waste","3830","AALA202406256213","other",3,"WASTE DISPOSAL SYSTEM"
31156,21,"Air Conditioning","2120","AALA202406106669","fan",3,"AIR DISTRIBUTION SYSTEM"
31218,21,"Air Conditioning","2120","AALA202406189260","bleed air component",3,"AIR DISTRIBUTION SYSTEM"
29566,49,"Airborne Auxiliary Power","4990","AALA202406046456","switch",3,"APU OIL SYSTEM"
31194,25,"Equipment / Furnishings","2560","AALA202405299820","other",1,"EMERGENCY EQUIPMENT"
29549,53,"Fuselage","5320","AALA202406215167","other",0,"FUSELAGE MISCELLANEOUS STRUCTURE"
29549,53,"Fuselage","5340","AALA202406213499","other",0,"FUSELAGE MAIN, ATTACH FITTINGS"
29536,51,"Standard Practices And Structures - General","5100","AALA202406061391","other",0,"STANDARD PRACTICES/STRUCTURES"
40763,33,"Lights","3350","AALA202406061979","other",1,"EMERGENCY LIGHTING"
31149,53,"Fuselage","5310","AALA202407031883","other",0,"FUSELAGE MAIN, STRUCTURE"
33318,53,"Fuselage","5310","AALA202406281821","other",0,"FUSELAGE MAIN, STRUCTURE"
31075,25,"Equipment / Furnishings","2530","AALA202406148779","oven",3,"BUFFET/GALLEYS"
33520,53,"Fuselage","5340","AALA202406148555","hinge",0,"FUSELAGE MAIN, ATTACH FITTINGS"
40581,25,"Equipment / Furnishings","2560","AALA202407011710","door",1,"EMERGENCY EQUIPMENT"
31203,53,"Fuselage","5320","AALA202407010467","door",0,"FUSELAGE MISCELLANEOUS STRUCTURE"
33224,53,"Fuselage","5320","AALA202407175740","panel",0,"FUSELAGE MISCELLANEOUS STRUCTURE"
29531,25,"Equipment / Furnishings","2560","AALA202406182064","other",1,"EMERGENCY EQUIPMENT"
31071,25,"Equipment / Furnishings","2560","AALA202406185854","other",1,"EMERGENCY EQUIPMENT"
29535,55,"Stabilizers","5510","AALA202406170058","other",0,"HORIZONTAL STABILIZER STRUCTURE"
33224,53,"Fuselage","5320","AALA202407176635","panel",0,"FUSELAGE MISCELLANEOUS STRUCTURE"
29514,28,"Fuel","2820","AALA202406031766","CND",3,"ACFT FUEL DISTRIB. SYSTEM"
33225,25,"Equipment / Furnishings","2560","AALA202406212940","door",1,"EMERGENCY EQUIPMENT"
31218,21,"Air Conditioning","2120","AALA202406188726","bleed air component",3,"AIR DISTRIBUTION SYSTEM"
29572,53,"Fuselage","5310","AALA202501096743","other",0,"FUSELAGE MAIN, STRUCTURE"
31097,52,"Doors","5250","AALA202406071864","door",3,"FIXED INNER DOORS"
29546,33,"Lights","3350","AALA202406182179","module",1,"EMERGENCY LIGHTING"
33518,25,"Equipment / Furnishings","2560","AALA202406242478","door",1,"EMERGENCY EQUIPMENT"
30600,53,"Fuselage","5320","AALA202406245374","other",0,"FUSELAGE MISCELLANEOUS STRUCTURE"
29577,25,"Equipment / Furnishings","2560","AALA202406240853","pack",3,"EMERGENCY EQUIPMENT"
33209,28,"Fuel","2820","AALA2024062477904","pump",1,"ACFT FUEL DISTRIB. SYSTEM"
30090,53,"Fuselage","5310","AALA202412019698","window",0,"FUSELAGE MAIN, STRUCTURE"
29570,32,"Landing Gear","3230","AALA202406065015","CND",3,"LANDING GEAR RETRACT/EXTEND SYSTEM"
33318,53,"Fuselage","5320","AALA202406253484","panel",0,"FUSELAGE MISCELLANEOUS STRUCTURE"
33318,53,"Fuselage","5320","AALA202406255446","other",0,"FUSELAGE MISCELLANEOUS STRUCTURE"
29547,52,"Doors","5210","AALA202406076943","door",3,"PASSENGER/CREW DOORS"
31103,25,"Equipment / Furnishings","2560","AALA202406250431","door",3,"EMERGENCY EQUIPMENT"
44458,25,"Equipment / Furnishings","2560","AALA202406105130","door",1,"EMERGENCY EQUIPMENT"
30828,33,"Lights","3350","AALA202406117351","other",1,"EMERGENCY LIGHTING"
30600,53,"Fuselage","5320","AALA202406279002","panel",0,"FUSELAGE MISCELLANEOUS STRUCTURE"
33318,25,"Equipment / Furnishings","2560","AALA202406275094","door",1,"EMERGENCY EQUIPMENT"
30089,28,"Fuel","2820","AALA202406142302","CND",1,"ACFT FUEL DISTRIB. SYSTEM"
29574,52,"Doors","5250","AALA202407011017","door",0,"FIXED INNER DOORS"
31171,52,"Doors","5250","AALA202407019486","hinge",0,"FIXED INNER DOORS"
33224,53,"Fuselage","5320","AALA202407177537","panel",0,"FUSELAGE MISCELLANEOUS STRUCTURE"
33224,53,"Fuselage","5320","AALA202407174261","panel",0,"FUSELAGE MISCELLANEOUS STRUCTURE"
44456,33,"Lights","3350","AALA202406193425","pack",1,"EMERGENCY LIGHTING"
31083,28,"Fuel","2800","AALA202406183203","CND",1,"AIRCRAFT FUEL SYSTEM"
31226,33,"Lights","3350","AALA202406079046","other",1,"EMERGENCY LIGHTING"
30600,53,"Fuselage","5320","AALA202407035121","panel",0,"FUSELAGE MISCELLANEOUS STRUCTURE"
44453,53,"Fuselage","5320","AALA202407053047","panel",0,"FUSELAGE MISCELLANEOUS STRUCTURE"
31149,53,"Fuselage","5340","AALA202407084490","other",0,"FUSELAGE MAIN, ATTACH FITTINGS"
33229,33,"Lights","3350","AALA202406210555","door",1,"EMERGENCY LIGHTING"
31234,33,"Lights","3350","AALA202406210223","other",1,"EMERGENCY LIGHTING"
29549,53,"Fuselage","5340","AALA202406218771","other",0,"FUSELAGE MAIN, ATTACH FITTINGS"
30600,53,"Fuselage","5310","AALA202407107510","other",0,"FUSELAGE MAIN, STRUCTURE"
29536,53,"Fuselage","5310","AALA202406069450","other",0,"FUSELAGE MAIN, STRUCTURE"
29503,53,"Fuselage","5320","AALA202406076063","other",0,"FUSELAGE MISCELLANEOUS STRUCTURE"
29503,53,"Fuselage","5320","AALA202406079825","other",0,"FUSELAGE MISCELLANEOUS STRUCTURE"
33224,53,"Fuselage","5320","AALA202407179145","panel",0,"FUSELAGE MISCELLANEOUS STRUCTURE"
30600,53,"Fuselage","5310","AALA202406275884","panel",0,"FUSELAGE MAIN, STRUCTURE"
31171,38,"Water / Waste","3800","AALA202406274112","CND",3,"WATER AND WASTE SYSTEM"
29536,55,"Stabilizers","5510","AALA202406149780","other",0,"HORIZONTAL STABILIZER STRUCTURE"
33323,53,"Fuselage","5340","AALA202407012342","hinge",0,"FUSELAGE MAIN, ATTACH FITTINGS"
31157,25,"Equipment / Furnishings","2560","AALA202406199182","door",1,"EMERGENCY EQUIPMENT"
33487,52,"Doors","5250","AALA202406190059","hinge",0,"FIXED INNER DOORS"
31280,33,"Lights","3350","AALA202406185787","panel",1,"EMERGENCY LIGHTING"
33224,53,"Fuselage","5320","AALA202407309895","panel",0,"FUSELAGE MISCELLANEOUS STRUCTURE"
29535,53,"Fuselage","5320","AALA202406039832","other",0,"FUSELAGE MISCELLANEOUS STRUCTURE"
29522,52,"Doors","5250","AALA202406030558","latch",0,"FIXED INNER DOORS"
33349,33,"Lights","3350","AALA202406032950","other",1,"EMERGENCY LIGHTING"
44460,25,"Equipment / Furnishings","2530","AALA202502136446","oven",1,"BUFFET/GALLEYS"
33318,53,"Fuselage","5320","AALA202406256496","panel",0,"FUSELAGE MISCELLANEOUS STRUCTURE"
44449,52,"Doors","5240","AALA202406107166","door",3,"SERVICE DOORS"
29523,32,"Landing Gear","3260","AALA202406106421","CND",2,"LANDING GEAR POSITION AND WARNING"
31153,53,"Fuselage","5320","AALA202409258426","other",0,"FUSELAGE MISCELLANEOUS STRUCTURE"
33224,53,"Fuselage","5320","AALA202407177298","panel",0,"FUSELAGE MISCELLANEOUS STRUCTURE"
31149,53,"Fuselage","5320","AALA202407030555","panel",0,"FUSELAGE MISCELLANEOUS STRUCTURE"
29518,53,"Fuselage","5340","AALA202406043633","hinge",0,"FUSELAGE MAIN, ATTACH FITTINGS"
31067,38,"Water / Waste","3830","AALA202406031041","door",3,"WASTE DISPOSAL SYSTEM"
30093,53,"Fuselage","5310","AALA202505221967","other",0,"FUSELAGE MAIN, STRUCTURE"
29549,53,"Fuselage","5310","AALA202406217713","other",0,"FUSELAGE MAIN, STRUCTURE"
29549,53,"Fuselage","5340","AALA202406217310","other",0,"FUSELAGE MAIN, ATTACH FITTINGS"
31171,25,"Equipment / Furnishings","2530","AALA202406243517","CND",3,"BUFFET/GALLEYS"
33318,53,"Fuselage","5320","AALA202406256693","other",0,"FUSELAGE MISCELLANEOUS STRUCTURE"
31171,38,"Water / Waste","3830","AALA202406253517","other",3,"WASTE DISPOSAL SYSTEM"
29570,32,"Landing Gear","3240","AALA202406250795","transducer",2,"LANDING GEAR BRAKE SYSTEM"
29504,21,"Air Conditioning","2120","AALA202406104525","other",2,"AIR DISTRIBUTION SYSTEM"
31127,26,"Fire Protection","2610","AALA202407016340","engine",3,"DETECTION SYSTEM"
33223,25,"Equipment / Furnishings","2560","AALA202407012645","door",1,"EMERGENCY EQUIPMENT"
31149,53,"Fuselage","5320","AALA202407033515","other",0,"FUSELAGE MISCELLANEOUS STRUCTURE"
31149,53,"Fuselage","5310","AALA202407180317","other",0,"FUSELAGE MAIN, STRUCTURE"
30600,53,"Fuselage","5320","AALA202407087088","other",0,"FUSELAGE MISCELLANEOUS STRUCTURE"
33318,53,"Fuselage","5310","AALA202407081455","other",0,"FUSELAGE MAIN, STRUCTURE"
30908,53,"Fuselage","5310","AALA202406217685","other",0,"FUSELAGE MAIN, STRUCTURE"
29526,53,"Fuselage","5310","AALA202406211215","other",0,"FUSELAGE MAIN, STRUCTURE"
31196,52,"Doors","5250","AALA202406079325","door",0,"FIXED INNER DOORS"
31200,52,"Doors","5250","AALA202406070733","CND",0,"FIXED INNER DOORS"
30084,33,"Lights","3350","AALA202406104799","pack",1,"EMERGENCY LIGHTING"
29503,53,"Fuselage","5320","AALA202406072015","other",0,"FUSELAGE MISCELLANEOUS STRUCTURE"
33314,53,"Fuselage","5320","AALA202406102346","other",0,"FUSELAGE MISCELLANEOUS STRUCTURE"
44476,25,"Equipment / Furnishings","2560","AALA202406255777","other",1,"EMERGENCY EQUIPMENT"
33318,53,"Fuselage","5310","AALA202406271821","other",0,"FUSELAGE MAIN, STRUCTURE"
30600,53,"Fuselage","5320","AALA202407035286","panel",0,"FUSELAGE MISCELLANEOUS STRUCTURE"
29549,53,"Fuselage","5340","AALA202406210018","other",0,"FUSELAGE MAIN, ATTACH FITTINGS"
33348,33,"Lights","3350","AALA202406119224","door",1,"EMERGENCY LIGHTING"
30600,53,"Fuselage","5320","AALA202407087005","panel",0,"FUSELAGE MISCELLANEOUS STRUCTURE"
30094,52,"Doors","5250","AALA202406047651","door",0,"FIXED INNER DOORS"
33487,52,"Doors","5250","AALA202407092525","latch",0,"FIXED INNER DOORS"
29549,53,"Fuselage","5310","AALA202406219773","other",0,"FUSELAGE MAIN, STRUCTURE"
29536,51,"Standard Practices And Structures - General","5100","AALA202406060066","panel",0,"STANDARD PRACTICES/STRUCTURES"
33327,53,"Fuselage","5340","AALA202406243675","hinge",0,"FUSELAGE MAIN, ATTACH FITTINGS"
33314,53,"Fuselage","5330","AALA202406075534","duct",0,"FUSELAGE MAIN, PLATE/SKIN"
29543,25,"Equipment / Furnishings","2560","AALA202406271365","door",3,"EMERGENCY EQUIPMENT"
31226,25,"Equipment / Furnishings","2560","AALA202406273605","pack",3,"EMERGENCY EQUIPMENT"
29543,25,"Equipment / Furnishings","2560","AALA202406274545","door",3,"EMERGENCY EQUIPMENT"
31069,52,"Doors","5210","AALA202406145984","door",3,"PASSENGER/CREW DOORS"
33224,53,"Fuselage","5320","AALA202407179739","panel",0,"FUSELAGE MISCELLANEOUS STRUCTURE"
31280,33,"Lights","3350","AALA202406188010","other",1,"EMERGENCY LIGHTING"
33340,25,"Equipment / Furnishings","2560","AALA202406182692","door",1,"EMERGENCY EQUIPMENT"
30599,25,"Equipment / Furnishings","2560","AALA202406188735","other",1,"EMERGENCY EQUIPMENT"
33319,53,"Fuselage","5320","AALA202411250739","other",0,"FUSELAGE MISCELLANEOUS STRUCTURE"
31149,25,"Equipment / Furnishings","2560","AALA202407053258","door",1,"EMERGENCY EQUIPMENT"
31133,25,"Equipment / Furnishings","2560","AALA202505220849","pack",1,"EMERGENCY EQUIPMENT"
33224,53,"Fuselage","5320","AALA202407080646","other",0,"FUSELAGE MISCELLANEOUS STRUCTURE"
29561,52,"Doors","5250","AALA202406212535","door",0,"FIXED INNER DOORS"
29523,32,"Landing Gear","3230","AALA202406214432","module",3,"LANDING GEAR RETRACT/EXTEND SYSTEM"
29532,25,"Equipment / Furnishings","2560","AALA202411138604","door",1,"EMERGENCY EQUIPMENT"
31253,21,"Air Conditioning","2120","AALA202406062241","pack",3,"AIR DISTRIBUTION SYSTEM"
33318,53,"Fuselage","5310","AALA202406251482","other",0,"FUSELAGE MAIN, STRUCTURE"
29503,53,"Fuselage","5320","AALA202406075798","other",0,"FUSELAGE MISCELLANEOUS STRUCTURE"
33318,53,"Fuselage","5320","AALA202406254932","panel",0,"FUSELAGE MISCELLANEOUS STRUCTURE"
31242,32,"Landing Gear","3240","AALA202406255388","brake",3,"LANDING GEAR BRAKE SYSTEM"
30082,56,"Windows","5610","AALA202406118149","window",0,"FLIGHT COMPARTMENT WINDOWS"
31189,25,"Equipment / Furnishings","2560","AALA202406119250","battery",1,"EMERGENCY EQUIPMENT"
44473,52,"Doors","5250","AALA202406146287","door",3,"FIXED INNER DOORS"
33340,33,"Lights","3350","AALA202406140996","door",1,"EMERGENCY LIGHTING"
33240,33,"Lights","3350","AALA202406140885","other",1,"EMERGENCY LIGHTING"
31272,34,"Navigation","3410","AALA202407010571","probe",3,"FLIGHT ENVIRONMENT DATA"
33224,53,"Fuselage","5320","AALA202407177565","panel",0,"FUSELAGE MISCELLANEOUS STRUCTURE"
30090,53,"Fuselage","5320","AALA202412234085","other",0,"FUSELAGE MISCELLANEOUS STRUCTURE"
33224,53,"Fuselage","5320","AALA202407175841","panel",0,"FUSELAGE MISCELLANEOUS STRUCTURE"
31149,53,"Fuselage","5310","AALA202407036213","panel",0,"FUSELAGE MAIN, STRUCTURE"
33487,52,"Doors","5250","AALA202406210392","door",0,"FIXED INNER DOORS"
29505,52,"Doors","5250","AALA202406216955","door",0,"FIXED INNER DOORS"
31165,53,"Fuselage","5310","AALA202406056794","door",0,"FUSELAGE MAIN, STRUCTURE"
29562,21,"Air Conditioning","2120","AALA202406101938","filter",3,"AIR DISTRIBUTION SYSTEM"
33492,25,"Equipment / Furnishings","2560","AALA202406104393","door",1,"EMERGENCY EQUIPMENT"
29535,25,"Equipment / Furnishings","2560","AALA202406275688","other",1,"EMERGENCY EQUIPMENT"
31149,53,"Fuselage","5320","AALA202407018591","other",0,"FUSELAGE MISCELLANEOUS STRUCTURE"
31127,21,"Air Conditioning","2150","AALA202407014953","engine",3,"CABIN COOLING SYSTEM"
44450,53,"Fuselage","5310","AALA202407013996","door",0,"FUSELAGE MAIN, STRUCTURE"
29510,33,"Lights","3350","AALA202405206122","CND",1,"EMERGENCY LIGHTING"
44473,25,"Equipment / Furnishings","2560","AALA202406193389","door",3,"EMERGENCY EQUIPMENT"
44456,33,"Lights","3350","AALA202406197365","pack",1,"EMERGENCY LIGHTING"
33342,25,"Equipment / Furnishings","2530","AALA202406189042","oven",1,"BUFFET/GALLEYS"
44468,33,"Lights","3350","AALA202407036590","CND",1,"EMERGENCY LIGHTING"
29536,55,"Stabilizers","5510","AALA202406191908","other",0,"HORIZONTAL STABILIZER STRUCTURE"
29546,52,"Doors","5250","AALA202405291255","CND",0,"FIXED INNER DOORS"
30094,52,"Doors","5250","AALA202406037651","CND",0,"FIXED INNER DOORS"
29503,25,"Equipment / Furnishings","2560","AALA202405201328","other",1,"EMERGENCY EQUIPMENT"
30903,52,"Doors","5250","AALA202406072732","latch",0,"FIXED INNER DOORS"
31253,21,"Air Conditioning","2170","AALA202406062283","pack",3,"HUMIDITY CONTROL SYSTEM"
29528,33,"Lights","3350","AALA202406108654","other",1,"EMERGENCY LIGHTING"
31200,52,"Doors","5250","AALA202406120733","door",0,"FIXED INNER DOORS"
33342,25,"Equipment / Furnishings","2560","AALA202406277390","other",1,"EMERGENCY EQUIPMENT"
44456,53,"Fuselage","5340","AALA202406277813","hinge",0,"FUSELAGE MAIN, ATTACH FITTINGS"
31218,21,"Air Conditioning","2120","AALA202406182483","bleed air component",3,"AIR DISTRIBUTION SYSTEM"
44451,33,"Lights","3350","AALA202406183652","other",1,"EMERGENCY LIGHTING"
29536,55,"Stabilizers","5510","AALA202406194155","other",0,"HORIZONTAL STABILIZER STRUCTURE"
31149,53,"Fuselage","5320","AALA202407033230","panel",0,"FUSELAGE MISCELLANEOUS STRUCTURE"
31149,53,"Fuselage","5320","AALA202407038375","panel",0,"FUSELAGE MISCELLANEOUS STRUCTURE"
29503,73,"Engine - Fuel And Control","7310","AALA202406183887","other",3,"ENGINE FUEL DISTRIBUTION"
31097,52,"Doors","5250","AALA202406039451","CND",0,"FIXED INNER DOORS"
31228,25,"Equipment / Furnishings","2560","AALA202406219201","door",1,"EMERGENCY EQUIPMENT"
33487,52,"Doors","5250","AALA202406212525","CND",0,"FIXED INNER DOORS"
33318,53,"Fuselage","5320","AALA202406253748","other",0,"FUSELAGE MISCELLANEOUS STRUCTURE"
33318,53,"Fuselage","5320","AALA202406259476","panel",0,"FUSELAGE MISCELLANEOUS STRUCTURE"
31158,52,"Doors","5250","AALA202405067173","door",0,"FIXED INNER DOORS"
31127,26,"Fire Protection","2610","AALA202407018175","engine",3,"DETECTION SYSTEM"
33224,53,"Fuselage","5310","AALA202407178830","other",0,"FUSELAGE MAIN, STRUCTURE"
31149,53,"Fuselage","5320","AALA202407039640","other",0,"FUSELAGE MISCELLANEOUS STRUCTURE"
33224,53,"Fuselage","5320","AALA202407170586","panel",0,"FUSELAGE MISCELLANEOUS STRUCTURE"
31228,33,"Lights","3350","AALA202407307122","other",1,"EMERGENCY LIGHTING"
33224,53,"Fuselage","5320","AALA202407177824","panel",0,"FUSELAGE MISCELLANEOUS STRUCTURE"
33224,53,"Fuselage","5320","AALA202407179488","panel",0,"FUSELAGE MISCELLANEOUS STRUCTURE"
29516,32,"Landing Gear","3240","AALA202406189235","wheel",3,"LANDING GEAR BRAKE SYSTEM"
31153,33,"Lights","3350","AALA202406039680","door",1,"EMERGENCY LIGHTING"
31176,52,"Doors","5250","AALA202406039501","door",0,"FIXED INNER DOORS"
68105,21,"Air Conditioning","2130","AALA202405135796","CND",3,"CABIN PRESSURE CONTROL SYSTEM"
44452,53,"Fuselage","5320","AALA202406076241","panel",0,"FUSELAGE MISCELLANEOUS STRUCTURE"
29543,33,"Lights","3350","AALA202406048641","pack",1,"EMERGENCY LIGHTING"
30081,53,"Fuselage","5320","AALA202405203761","other",0,"FUSELAGE MISCELLANEOUS STRUCTURE"
30081,53,"Fuselage","5320","AALA202405208645","other",0,"FUSELAGE MISCELLANEOUS STRUCTURE"
33221,25,"Equipment / Furnishings","2560","AALA202405236431","other",1,"EMERGENCY EQUIPMENT"
30095,34,"Navigation","3440","AALA202405296127","other",3,"INDEPENDENT POS. DETERMINING SYSTEM"
29518,52,"Doors","5250","AALA202405206765","door",0,"FIXED INNER DOORS"
30084,53,"Fuselage","5320","AALA202405214839","panel",0,"FUSELAGE MISCELLANEOUS STRUCTURE"
31172,53,"Fuselage","5320","AALA202505274183","other",0,"FUSELAGE MISCELLANEOUS STRUCTURE"
33341,25,"Equipment / Furnishings","2560","AALA202405133641","pack",3,"EMERGENCY EQUIPMENT"
30084,53,"Fuselage","5320","AALA202405203529","panel",0,"FUSELAGE MISCELLANEOUS STRUCTURE"
44452,53,"Fuselage","5320","AALA202406109264","panel",0,"FUSELAGE MISCELLANEOUS STRUCTURE"
44452,53,"Fuselage","5320","AALA202406105142","panel",0,"FUSELAGE MISCELLANEOUS STRUCTURE"
29536,53,"Fuselage","5320","AALA202405313740","other",0,"FUSELAGE MISCELLANEOUS STRUCTURE"
30084,53,"Fuselage","5320","AALA202405244516","panel",0,"FUSELAGE MISCELLANEOUS STRUCTURE"
44486,52,"Doors","5210","AALA202405174236","door",0,"PASSENGER/CREW DOORS"
31105,29,"Hydraulic Power","2910","AALA202406048822","engine",3,"HYDRAULIC SYSTEM, MAIN"
31105,29,"Hydraulic Power","2910","AALA202406041712","engine",3,"HYDRAULIC SYSTEM, MAIN"
33316,53,"Fuselage","5310","AALA202406032754","panel",0,"FUSELAGE MAIN, STRUCTURE"
29511,29,"Hydraulic Power","2910","AALA202406035208","module",3,"HYDRAULIC SYSTEM, MAIN"
33210,33,"Lights","3350","AALA202405149357","CND",1,"EMERGENCY LIGHTING"
31083,25,"Equipment / Furnishings","2560","AALA202405153327","CND",1,"EMERGENCY EQUIPMENT"
30081,53,"Fuselage","5320","AALA202405202995","other",0,"FUSELAGE MISCELLANEOUS STRUCTURE"
44463,56,"Windows","5610","AALA202502197216","window",0,"FLIGHT COMPARTMENT WINDOWS"
29557,53,"Fuselage","5320","AALA202505287908","other",0,"FUSELAGE MISCELLANEOUS STRUCTURE"
30087,53,"Fuselage","5320","AALA202408057386","panel",0,"FUSELAGE MISCELLANEOUS STRUCTURE"
44450,34,"Navigation","3440","AALA202405294602","CND",3,"INDEPENDENT POS. DETERMINING SYSTEM"
30908,55,"Stabilizers","5510","AALA202405081159","other",0,"HORIZONTAL STABILIZER STRUCTURE"
29535,53,"Fuselage","5320","AALA202405311694","other",0,"FUSELAGE MISCELLANEOUS STRUCTURE"
29557,32,"Landing Gear","3250","AALA202405304735","relay",3,"LANDING GEAR STEERING SYSTEM"
29543,33,"Lights","3350","AALA202405318851","CND",1,"EMERGENCY LIGHTING"
31105,29,"Hydraulic Power","2910","AALA202406042259","engine",3,"HYDRAULIC SYSTEM, MAIN"
31105,29,"Hydraulic Power","2910","AALA202406042344","engine",3,"HYDRAULIC SYSTEM, MAIN"
31163,32,"Landing Gear","3230","AALA202405148631","CND",3,"LANDING GEAR RETRACT/EXTEND SYSTEM"
29536,53,"Fuselage","5320","AALA202406051901","door",0,"FUSELAGE MISCELLANEOUS STRUCTURE"
33207,27,"Flight Controls","2780","AALA202405169828","other",3,"LE SLAT CONTROL SYSTEM"
31083,25,"Equipment / Furnishings","2560","AALA202405167186","pack",3,"EMERGENCY EQUIPMENT"
31147,53,"Fuselage","5320","AALA202406068315","door",0,"FUSELAGE MISCELLANEOUS STRUCTURE"
30081,53,"Fuselage","5320","AALA202405209084","other",0,"FUSELAGE MISCELLANEOUS STRUCTURE"
33321,33,"Lights","3350","AALA202405201929","door",3,"EMERGENCY LIGHTING"
29526,53,"Fuselage","5310","AALA202406101459","other",0,"FUSELAGE MAIN, STRUCTURE"
30084,53,"Fuselage","5320","AALA202405212811","other",0,"FUSELAGE MISCELLANEOUS STRUCTURE"
29522,21,"Air Conditioning","2160","AALA202405232685","CND",3,"CABIN TEMPERATURE CONTROL SYSTEM"
29535,53,"Fuselage","5320","AALA202405240632","other",0,"FUSELAGE MISCELLANEOUS STRUCTURE"
33213,52,"Doors","5210","AALA202405246620","door",0,"PASSENGER/CREW DOORS"
29521,52,"Doors","5250","AALA202405020500","panel",0,"FIXED INNER DOORS"
31255,52,"Doors","5250","AALA202405039089","CND",0,"FIXED INNER DOORS"
31255,52,"Doors","5250","AALA202405069089","door",0,"FIXED INNER DOORS"
31167,56,"Windows","5610","AALA202405074376","window",3,"FLIGHT COMPARTMENT WINDOWS"
29539,25,"Equipment / Furnishings","2560","AALA202405084920","door",1,"EMERGENCY EQUIPMENT"
33345,25,"Equipment / Furnishings","2560","AALA202405081969","CND",3,"EMERGENCY EQUIPMENT"
30908,55,"Stabilizers","5510","AALA202405088469","other",0,"HORIZONTAL STABILIZER STRUCTURE"
44468,33,"Lights","3350","AALA202405034626","door",1,"EMERGENCY LIGHTING"
31172,52,"Doors","5250","AALA202405094823","door",0,"FIXED INNER DOORS"
33316,53,"Fuselage","5320","AALA202406035199","other",0,"FUSELAGE MISCELLANEOUS STRUCTURE"
33345,25,"Equipment / Furnishings","2560","AALA202405096992","CND",3,"EMERGENCY EQUIPMENT"
68107,52,"Doors","5250","AALA202406039924","latch",0,"FIXED INNER DOORS"
31147,53,"Fuselage","5310","AALA202406064558","other",0,"FUSELAGE MAIN, STRUCTURE"
30084,53,"Fuselage","5320","AALA202405208803","panel",0,"FUSELAGE MISCELLANEOUS STRUCTURE"
30084,53,"Fuselage","5320","AALA202405203733","panel",0,"FUSELAGE MISCELLANEOUS STRUCTURE"
29536,53,"Fuselage","5310","AALA202405209633","other",0,"FUSELAGE MAIN, STRUCTURE"
29522,53,"Fuselage","5310","AALA202405207043","door",0,"FUSELAGE MAIN, STRUCTURE"
30084,53,"Fuselage","5320","AALA202406103911","door",0,"FUSELAGE MISCELLANEOUS STRUCTURE"
44452,53,"Fuselage","5320","AALA202406116206","panel",0,"FUSELAGE MISCELLANEOUS STRUCTURE"
40582,28,"Fuel","2820","AALA202405244927","valve",1,"ACFT FUEL DISTRIB. SYSTEM"
44490,27,"Flight Controls","2780","AALA202405295476","other",3,"LE SLAT CONTROL SYSTEM"
31147,53,"Fuselage","5320","AALA202406192869","other",0,"FUSELAGE MISCELLANEOUS STRUCTURE"
29536,53,"Fuselage","5320","AALA202405311943","other",0,"FUSELAGE MISCELLANEOUS STRUCTURE"
29514,22,"Auto Flight","2210","AALA202405099254","CND",3,"AUTOPILOT SYSTEM"
68107,25,"Equipment / Furnishings","2560","AALA202405131519","other",1,"EMERGENCY EQUIPMENT"
31141,52,"Doors","5270","AALA202406036250","CND",3,"DOOR WARNING SYSTEM"
30599,53,"Fuselage","5330","AALA202406048390","other",0,"FUSELAGE MAIN, PLATE/SKIN"
29521,32,"Landing Gear","3230","AALA202405147919","valve",3,"LANDING GEAR RETRACT/EXTEND SYSTEM"
31215,73,"Engine - Fuel And Control","7300","AALA202405159471","other",3,"ENGINE FUEL AND CONTROL"
44452,53,"Fuselage","5320","AALA202406070672","panel",0,"FUSELAGE MISCELLANEOUS STRUCTURE"
29535,53,"Fuselage","5320","AALA202405221299","other",0,"FUSELAGE MISCELLANEOUS STRUCTURE"
31141,25,"Equipment / Furnishings","2560","AALA202405037223","door",1,"EMERGENCY EQUIPMENT"
31141,33,"Lights","3350","AALA202405319301","other",1,"EMERGENCY LIGHTING"
31147,53,"Fuselage","5310","AALA202406051381","other",0,"FUSELAGE MAIN, STRUCTURE"
29534,27,"Flight Controls","2750","AALA202405226492","sensor",3,"TE FLAP CONTROL SYSTEM"
29536,53,"Fuselage","5320","AALA202405246038","other",0,"FUSELAGE MISCELLANEOUS STRUCTURE"
29541,53,"Fuselage","5310","AALA202502109068","other",0,"FUSELAGE MAIN, STRUCTURE"
29522,21,"Air Conditioning","2160","AALA202405242685","valve",3,"CABIN TEMPERATURE CONTROL SYSTEM"
30599,53,"Fuselage","5310","AALA202405061280","wheel",0,"FUSELAGE MAIN, STRUCTURE"
31087,25,"Equipment / Furnishings","2560","AALA202405294346","pack",1,"EMERGENCY EQUIPMENT"
29516,33,"Lights","3350","AALA202405069193","other",1,"EMERGENCY LIGHTING"
31151,25,"Equipment / Furnishings","2560","AALA202405066217","door",1,"EMERGENCY EQUIPMENT"
44465,33,"Lights","3350","AALA202405039614","other",1,"EMERGENCY LIGHTING"
31105,21,"Air Conditioning","2120","AALA202405313443","fan",3,"AIR DISTRIBUTION SYSTEM"
33488,28,"Fuel","2820","AALA202405097597","CND",3,"ACFT FUEL DISTRIB. SYSTEM"
33316,53,"Fuselage","5320","AALA202406049183","panel",0,"FUSELAGE MISCELLANEOUS STRUCTURE"
29526,53,"Fuselage","5310","AALA202406046293","other",0,"FUSELAGE MAIN, STRUCTURE"
29514,24,"Electrical Power","2400","AALA202405140325","CND",3,"ELECTRICAL POWER SYSTEM"
33317,28,"Fuel","2840","AALA202405162453","CND",3,"ACFT FUEL INDICATING SYSTEM"
30081,53,"Fuselage","5320","AALA202405200800","other",0,"FUSELAGE MISCELLANEOUS STRUCTURE"
30084,55,"Stabilizers","5510","AALA202405200555","other",0,"HORIZONTAL STABILIZER STRUCTURE"
31228,25,"Equipment / Furnishings","2560","AALA202405200895","door",3,"EMERGENCY EQUIPMENT"
29513,33,"Lights","3350","AALA202405202860","CND",1,"EMERGENCY LIGHTING"
30088,25,"Equipment / Furnishings","2560","AALA202405200574","pack",1,"EMERGENCY EQUIPMENT"
31158,33,"Lights","3350","AALA202405029239","other",1,"EMERGENCY LIGHTING"
29546,53,"Fuselage","5320","AALA202506134119","panel",0,"FUSELAGE MISCELLANEOUS STRUCTURE"
31161,53,"Fuselage","5320","AALA202412240287","other",0,"FUSELAGE MISCELLANEOUS STRUCTURE"
30908,55,"Stabilizers","5510","AALA202405070722","other",0,"HORIZONTAL STABILIZER STRUCTURE"
30097,32,"Landing Gear","3260","AALA202405136196","other",3,"LANDING GEAR POSITION AND WARNING"
33207,27,"Flight Controls","2750","AALA202405149828","CND",3,"TE FLAP CONTROL SYSTEM"
31173,25,"Equipment / Furnishings","2560","AALA202405157469","door",3,"EMERGENCY EQUIPMENT"
31257,53,"Fuselage","5330","AALA202405156196","other",0,"FUSELAGE MAIN, PLATE/SKIN"
31147,53,"Fuselage","5320","AALA202406059540","other",0,"FUSELAGE MISCELLANEOUS STRUCTURE"
33316,53,"Fuselage","5320","AALA202406032910","door",0,"FUSELAGE MISCELLANEOUS STRUCTURE"
30084,53,"Fuselage","5320","AALA202405218692","panel",0,"FUSELAGE MISCELLANEOUS STRUCTURE"
31258,52,"Doors","5250","AALA202405222479","hinge",0,"FIXED INNER DOORS"
31169,25,"Equipment / Furnishings","2530","AALA202405232573","oven",3,"BUFFET/GALLEYS"
44467,33,"Lights","3350","AALA202405233505","other",1,"EMERGENCY LIGHTING"
33221,33,"Lights","3350","AALA202405293281","other",1,"EMERGENCY LIGHTING"
31089,34,"Navigation","3410","AALA202405298176","probe",3,"FLIGHT ENVIRONMENT DATA"
31147,53,"Fuselage","5320","AALA202406033296","other",0,"FUSELAGE MISCELLANEOUS STRUCTURE"
31219,28,"Fuel","2810","AALA202406033649","switch",3,"FUEL STORAGE"
29536,55,"Stabilizers","5510","AALA202406066677","other",0,"HORIZONTAL STABILIZER STRUCTURE"
29572,53,"Fuselage","5320","AALA202412240842","other",0,"FUSELAGE MISCELLANEOUS STRUCTURE"
29511,52,"Doors","5250","AALA202405130072","CND",0,"FIXED INNER DOORS"
30084,53,"Fuselage","5320","AALA202405203564","panel",0,"FUSELAGE MISCELLANEOUS STRUCTURE"
40582,33,"Lights","3350","AALA202405073169","other",1,"EMERGENCY LIGHTING"
29516,32,"Landing Gear","3240","AALA202405308370","tire",3,"LANDING GEAR BRAKE SYSTEM"
29534,28,"Fuel","2820","AALA202502143981","CND",1,"ACFT FUEL DISTRIB. SYSTEM"
68105,21,"Air Conditioning","2130","AALA202405144425","relay",3,"CABIN PRESSURE CONTROL SYSTEM"
29546,53,"Fuselage","5340","AALA202406051255","hinge",0,"FUSELAGE MAIN, ATTACH FITTINGS"
29535,53,"Fuselage","5320","AALA202406249796","panel",0,"FUSELAGE MISCELLANEOUS STRUCTURE"
31145,53,"Fuselage","5330","AALA202405170912","other",0,"FUSELAGE MAIN, PLATE/SKIN"
29526,53,"Fuselage","5310","AALA202406062822","panel",0,"FUSELAGE MAIN, STRUCTURE"
30908,55,"Stabilizers","5510","AALA202405068099","other",0,"HORIZONTAL STABILIZER STRUCTURE"
44481,52,"Doors","5250","AALA202502197548","door",0,"FIXED INNER DOORS"
33520,52,"Doors","5250","AALA202405239569","door",0,"FIXED INNER DOORS"
29577,25,"Equipment / Furnishings","2560","AALA202405231957","pack",1,"EMERGENCY EQUIPMENT"
31176,33,"Lights","3350","AALA202405234033","other",1,"EMERGENCY LIGHTING"
68106,33,"Lights","3350","AALA202405244189","door",1,"EMERGENCY LIGHTING"
29514,33,"Lights","3350","AALA202405246581","other",1,"EMERGENCY LIGHTING"
30084,53,"Fuselage","5320","AALA202406143138","other",0,"FUSELAGE MISCELLANEOUS STRUCTURE"
30099,25,"Equipment / Furnishings","2530","AALA202405032197","oven",3,"BUFFET/GALLEYS"
33210,25,"Equipment / Furnishings","2560","AALA202505128191","other",1,"EMERGENCY EQUIPMENT"
33228,33,"Lights","3350","AALA202405067807","door",1,"EMERGENCY LIGHTING"
30084,53,"Fuselage","5320","AALA202405205293","other",0,"FUSELAGE MISCELLANEOUS STRUCTURE"
31173,33,"Lights","3350","AALA202405086662","other",1,"EMERGENCY LIGHTING"
30908,55,"Stabilizers","5510","AALA202405087911","other",0,"HORIZONTAL STABILIZER STRUCTURE"
29535,53,"Fuselage","5310","AALA202405312128","other",0,"FUSELAGE MAIN, STRUCTURE"
31105,29,"Hydraulic Power","2910","AALA202406040098","engine",3,"HYDRAULIC SYSTEM, MAIN"
31105,29,"Hydraulic Power","2910","AALA202406044064","engine",3,"HYDRAULIC SYSTEM, MAIN"
30088,33,"Lights","3350","AALA202502031739","other",1,"EMERGENCY LIGHTING"
31105,29,"Hydraulic Power","2910","AALA202406042917","engine",3,"HYDRAULIC SYSTEM, MAIN"
33228,53,"Fuselage","5320","AALA202405148073","other",0,"FUSELAGE MISCELLANEOUS STRUCTURE"
33206,52,"Doors","5250","AALA202405153731","door",0,"FIXED INNER DOORS"
30081,53,"Fuselage","5320","AALA202405208468","other",0,"FUSELAGE MISCELLANEOUS STRUCTURE"
29510,33,"Lights","3350","AALA202405216122","other",1,"EMERGENCY LIGHTING"
31085,21,"Air Conditioning","2130","AALA202405245780","CND",3,"CABIN PRESSURE CONTROL SYSTEM"
31230,57,"Wings","5710","AALA202501107343","other",0,"WING, MAIN FRAME STRUCTURE"
68104,33,"Lights","3350","AALA202405298960","other",1,"EMERGENCY LIGHTING"
30094,25,"Equipment / Furnishings","2560","AALA202405067803","door",1,"EMERGENCY EQUIPMENT"
31154,52,"Doors","5250","AALA202405299332","door",0,"FIXED INNER DOORS"
29557,32,"Landing Gear","3250","AALA202405306404","relay",3,"LANDING GEAR STEERING SYSTEM"
33345,33,"Lights","3350","AALA202405302985","pack",1,"EMERGENCY LIGHTING"
33316,53,"Fuselage","5320","AALA202406046966","panel",0,"FUSELAGE MISCELLANEOUS STRUCTURE"
29563,52,"Doors","5210","AALA202406048381","door",3,"PASSENGER/CREW DOORS"
33345,25,"Equipment / Furnishings","2560","AALA202405146992","door",3,"EMERGENCY EQUIPMENT"
30083,53,"Fuselage","5330","AALA202406219077","door",0,"FUSELAGE MAIN, PLATE/SKIN"
30084,53,"Fuselage","5320","AALA202405200744","panel",0,"FUSELAGE MISCELLANEOUS STRUCTURE"
30084,53,"Fuselage","5320","AALA202405202612","panel",0,"FUSELAGE MISCELLANEOUS STRUCTURE"
44449,53,"Fuselage","5320","AALA202405200396","panel",0,"FUSELAGE MISCELLANEOUS STRUCTURE"
31141,32,"Landing Gear","3240","AALA202505128025","wheel",3,"LANDING GEAR BRAKE SYSTEM"
29535,53,"Fuselage","5310","AALA202405225910","panel",0,"FUSELAGE MAIN, STRUCTURE"
44452,53,"Fuselage","5320","AALA202406101019","panel",0,"FUSELAGE MISCELLANEOUS STRUCTURE"
44446,32,"Landing Gear","3240","AALA202405291320","brake",2,"LANDING GEAR BRAKE SYSTEM"
44452,53,"Fuselage","5320","AALA202406147279","panel",0,"FUSELAGE MISCELLANEOUS STRUCTURE"
30089,53,"Fuselage","5310","AALA202502106458","other",0,"FUSELAGE MAIN, STRUCTURE"
40582,33,"Lights","3350","AALA202405063169","CND",1,"EMERGENCY LIGHTING"
31229,52,"Doors","5250","AALA202405294414","door",0,"FIXED INNER DOORS"
31194,25,"Equipment / Furnishings","2560","AALA202405290920","CND",1,"EMERGENCY EQUIPMENT"
29536,53,"Fuselage","5320","AALA202405312131","door",0,"FUSELAGE MISCELLANEOUS STRUCTURE"
29536,53,"Fuselage","5310","AALA202405318512","other",0,"FUSELAGE MAIN, STRUCTURE"
29514,22,"Auto Flight","2210","AALA202405090884","CND",3,"AUTOPILOT SYSTEM"
29521,32,"Landing Gear","3230","AALA202405144604","valve",3,"LANDING GEAR RETRACT/EXTEND SYSTEM"
30096,52,"Doors","5250","AALA202405157581","door",0,"FIXED INNER DOORS"
31205,25,"Equipment / Furnishings","2560","AALA202405151709","pack",1,"EMERGENCY EQUIPMENT"
30084,53,"Fuselage","5320","AALA202405204332","panel",0,"FUSELAGE MISCELLANEOUS STRUCTURE"
30083,53,"Fuselage","5330","AALA2024052060772","door",0,"FUSELAGE MAIN, PLATE/SKIN"
29535,55,"Stabilizers","5530","AALA202405209729","other",0,"VERTICAL STABILIZER STRUCTURE"
31173,25,"Equipment / Furnishings","2560","AALA202405221424","door",1,"EMERGENCY EQUIPMENT"
31275,33,"Lights","3350","AALA202405137564","other",1,"EMERGENCY LIGHTING"
29536,53,"Fuselage","5320","AALA202406052527","door",0,"FUSELAGE MISCELLANEOUS STRUCTURE"
44456,52,"Doors","5250","AALA202405071504","door",0,"FIXED INNER DOORS"
31269,25,"Equipment / Furnishings","2560","AALA202502219019","battery",1,"EMERGENCY EQUIPMENT"
30916,25,"Equipment / Furnishings","2560","AALA202406033977","door",1,"EMERGENCY EQUIPMENT"
31165,52,"Doors","5250","AALA202405144969","door",0,"FIXED INNER DOORS"
31163,32,"Landing Gear","3230","AALA202405158631","switch",3,"LANDING GEAR RETRACT/EXTEND SYSTEM"
30084,55,"Stabilizers","5510","AALA202406056539","other",0,"HORIZONTAL STABILIZER STRUCTURE"
31101,52,"Doors","5210","AALA202405173204","CND",0,"PASSENGER/CREW DOORS"
44479,24,"Electrical Power","2450","AALA202405168384","pack",3,"AC POWER DISTRIBUTION SYSTEM"
30081,53,"Fuselage","5320","AALA202405203543","other",0,"FUSELAGE MISCELLANEOUS STRUCTURE"
29572,53,"Fuselage","5320","AALA202412240592","other",0,"FUSELAGE MISCELLANEOUS STRUCTURE"
30084,55,"Stabilizers","5510","AALA202405210748","other",0,"HORIZONTAL STABILIZER STRUCTURE"
31153,33,"Lights","3350","AALA202405246869","door",3,"EMERGENCY LIGHTING"
33213,52,"Doors","5210","AALA202405248067","door",3,"PASSENGER/CREW DOORS"
30099,25,"Equipment / Furnishings","2530","AALA202405022197","CND",3,"BUFFET/GALLEYS"
40580,57,"Wings","5750","AALA202405063993","other",0,"WING, CONTROL SURFACES"
31151,25,"Equipment / Furnishings","2560","AALA202405069915","door",1,"EMERGENCY EQUIPMENT"
44463,33,"Lights","3350","AALA202405295657","door",1,"EMERGENCY LIGHTING"
31147,53,"Fuselage","5320","AALA202406176585","panel",0,"FUSELAGE MISCELLANEOUS STRUCTURE"
33488,25,"Equipment / Furnishings","2560","AALA202405088153","other",1,"EMERGENCY EQUIPMENT"
31101,25,"Equipment / Furnishings","2560","AALA202405082133","other",1,"EMERGENCY EQUIPMENT"
44455,33,"Lights","3350","AALA202405311997","other",1,"EMERGENCY LIGHTING"
31172,52,"Doors","5250","AALA202405096410","door",0,"FIXED INNER DOORS"
40762,52,"Doors","5250","AALA202405131700","door",0,"FIXED INNER DOORS"
33342,52,"Doors","5250","AALA202502203466","latch",0,"FIXED INNER DOORS"
31091,38,"Water / Waste","3820","AALA202405163609","heater",3,"WASH WATER SYSTEM"
31087,25,"Equipment / Furnishings","2560","AALA202405062971","latch",1,"EMERGENCY EQUIPMENT"
30081,53,"Fuselage","5320","AALA202405206844","other",0,"FUSELAGE MISCELLANEOUS STRUCTURE"
44486,25,"Equipment / Furnishings","2560","AALA202502217494","other",1,"EMERGENCY EQUIPMENT"
31269,52,"Doors","5250","AALA202405067929","latch",0,"FIXED INNER DOORS"
31067,52,"Doors","5250","AALA202405065518","latch",0,"FIXED INNER DOORS"
29535,53,"Fuselage","5320","AALA202405246910","other",0,"FUSELAGE MISCELLANEOUS STRUCTURE"
29503,33,"Lights","3350","AALA202405243779","door",1,"EMERGENCY LIGHTING"
29513,33,"Lights","3350","AALA202405242860","panel",1,"EMERGENCY LIGHTING"
44453,56,"Windows","5610","AALA202407034513","CND",0,"FLIGHT COMPARTMENT WINDOWS"
68105,25,"Equipment / Furnishings","2560","AALA202502246550","door",1,"EMERGENCY EQUIPMENT"
33323,52,"Doors","5250","AALA202405061081","hinge",0,"FIXED INNER DOORS"
30084,53,"Fuselage","5320","AALA202405209078","panel",0,"FUSELAGE MISCELLANEOUS STRUCTURE"
31159,53,"Fuselage","5320","AALA202411056614","other",0,"FUSELAGE MISCELLANEOUS STRUCTURE"
44482,33,"Lights","3350","AALA202405011242","other",1,"EMERGENCY LIGHTING"
33345,33,"Lights","3350","AALA202405305271","pack",1,"EMERGENCY LIGHTING"
29518,52,"Doors","5250","AALA202405307427","panel",0,"FIXED INNER DOORS"
29544,33,"Lights","3350","AALA202401113026","other",1,"EMERGENCY LIGHTING"
33316,53,"Fuselage","5320","AALA202406047314","other",0,"FUSELAGE MISCELLANEOUS STRUCTURE"
29536,53,"Fuselage","5320","AALA202406057066","door",0,"FUSELAGE MISCELLANEOUS STRUCTURE"
31141,52,"Doors","5230","AALA202406056250","switch",3,"CARGO/BAGGAGE DOORS"
31236,52,"Doors","5250","AALA202405208381","door",0,"FIXED INNER DOORS"
29524,33,"Lights","3350","AALA202405019377","pack",1,"EMERGENCY LIGHTING"
30084,53,"Fuselage","5320","AALA202406143917","other",0,"FUSELAGE MISCELLANEOUS STRUCTURE"
30599,57,"Wings","5710","AALA202407018890","other",0,"WING, MAIN FRAME STRUCTURE"
30096,52,"Doors","5250","AALA202405137581","CND",0,"FIXED INNER DOORS"
29543,33,"Lights","3350","AALA202406048851","pack",1,"EMERGENCY LIGHTING"
29503,33,"Lights","3350","AALA202405293862","door",1,"EMERGENCY LIGHTING"
31151,25,"Equipment / Furnishings","2560","AALA202405066149","door",1,"EMERGENCY EQUIPMENT"
30088,53,"Fuselage","5320","AALA202411072300","other",0,"FUSELAGE MISCELLANEOUS STRUCTURE"
30908,55,"Stabilizers","5510","AALA202405087910","other",0,"HORIZONTAL STABILIZER STRUCTURE"
29535,53,"Fuselage","5320","AALA202405313373","other",0,"FUSELAGE MISCELLANEOUS STRUCTURE"
31194,25,"Equipment / Furnishings","2560","AALA202405300920","other",1,"EMERGENCY EQUIPMENT"
29543,33,"Lights","3350","AALA202405318641","CND",1,"EMERGENCY LIGHTING"
44449,25,"Equipment / Furnishings","2560","AALA202405290284","other",1,"EMERGENCY EQUIPMENT"
30084,53,"Fuselage","5320","AALA202405207666","panel",0,"FUSELAGE MISCELLANEOUS STRUCTURE"
29514,22,"Auto Flight","2200","AALA202405141172","CND",3,"AUTO FLIGHT SYSTEM"
31083,25,"Equipment / Furnishings","2560","AALA202405163327","door",1,"EMERGENCY EQUIPMENT"
30088,53,"Fuselage","5320","AALA202411081844","panel",0,"FUSELAGE MISCELLANEOUS STRUCTURE"
31147,53,"Fuselage","5320","AALA202406176628","other",0,"FUSELAGE MISCELLANEOUS STRUCTURE"
29538,33,"Lights","3350","AALA202405064499","other",1,"EMERGENCY LIGHTING"
30084,53,"Fuselage","5320","AALA202405219859","door",0,"FUSELAGE MISCELLANEOUS STRUCTURE"
29506,33,"Lights","3350","AALA202405026838","other",1,"EMERGENCY LIGHTING"
44483,52,"Doors","5250","AALA202405027581","CND",0,"FIXED INNER DOORS"
30908,55,"Stabilizers","5510","AALA202405072412","other",0,"HORIZONTAL STABILIZER STRUCTURE"
29521,32,"Landing Gear","3260","AALA202405075166","CND",3,"LANDING GEAR POSITION AND WARNING"
29527,33,"Lights","3350","AALA202405076175","other",1,"EMERGENCY LIGHTING"
33345,33,"Lights","3350","AALA202405306959","pack",1,"EMERGENCY LIGHTING"
29535,53,"Fuselage","5340","AALA202406217117","other",0,"FUSELAGE MAIN, ATTACH FITTINGS"
31147,53,"Fuselage","5320","AALA202406216817","panel",0,"FUSELAGE MISCELLANEOUS STRUCTURE"
30081,53,"Fuselage","5320","AALA202405205067","other",0,"FUSELAGE MISCELLANEOUS STRUCTURE"
44452,53,"Fuselage","5320","AALA202406108910","panel",0,"FUSELAGE MISCELLANEOUS STRUCTURE"
44452,53,"Fuselage","5320","AALA202406103068","panel",0,"FUSELAGE MISCELLANEOUS STRUCTURE"
33206,56,"Windows","5610","AALA202405298577","window",0,"FLIGHT COMPARTMENT WINDOWS"
31087,25,"Equipment / Furnishings","2560","AALA202405298077","pack",1,"EMERGENCY EQUIPMENT"
31147,53,"Fuselage","5320","AALA202406061263","other",0,"FUSELAGE MISCELLANEOUS STRUCTURE"
68100,33,"Lights","3350","AALA202405316090","other",1,"EMERGENCY LIGHTING"
33331,25,"Equipment / Furnishings","2560","AALA202405091244","door",1,"EMERGENCY EQUIPMENT"
68107,25,"Equipment / Furnishings","2560","AALA202405138737","other",1,"EMERGENCY EQUIPMENT"
68100,33,"Lights","3350","AALA202405131387","other",1,"EMERGENCY LIGHTING"
68107,38,"Water / Waste","3820","AALA202405136294","other",3,"WASH WATER SYSTEM"
29514,22,"Auto Flight","2200","AALA202405140884","CND",3,"AUTO FLIGHT SYSTEM"
29521,32,"Landing Gear","3230","AALA202405145166","valve",3,"LANDING GEAR RETRACT/EXTEND SYSTEM"
31269,21,"Air Conditioning","2120","AALA202405149504","filter",3,"AIR DISTRIBUTION SYSTEM"
29577,25,"Equipment / Furnishings","2560","AALA202502248510","door",1,"EMERGENCY EQUIPMENT"
44452,53,"Fuselage","5320","AALA202406078294","panel",0,"FUSELAGE MISCELLANEOUS STRUCTURE"
30084,53,"Fuselage","5320","AALA202405201163","other",0,"FUSELAGE MISCELLANEOUS STRUCTURE"
44449,53,"Fuselage","5320","AALA202405204154","panel",0,"FUSELAGE MISCELLANEOUS STRUCTURE"
29503,25,"Equipment / Furnishings","2560","AALA202405202243","other",1,"EMERGENCY EQUIPMENT"
30912,25,"Equipment / Furnishings","2560","AALA202405205724","pack",1,"EMERGENCY EQUIPMENT"
31105,29,"Hydraulic Power","2910","AALA202405204064","CND",3,"HYDRAULIC SYSTEM, MAIN"
31101,52,"Doors","5210","AALA202405213204","CND",0,"PASSENGER/CREW DOORS"
30084,53,"Fuselage","5320","AALA202405245364","other",0,"FUSELAGE MISCELLANEOUS STRUCTURE"
44490,27,"Flight Controls","2780","AALA202405292461","other",3,"LE SLAT CONTROL SYSTEM"
29536,53,"Fuselage","5320","AALA202405318813","other",0,"FUSELAGE MISCELLANEOUS STRUCTURE"
44459,32,"Landing Gear","3240","AALA202405099841","CND",3,"LANDING GEAR BRAKE SYSTEM"
29511,52,"Doors","5250","AALA202405150072","door",0,"FIXED INNER DOORS"
29536,53,"Fuselage","5320","AALA202406059407","door",0,"FUSELAGE MISCELLANEOUS STRUCTURE"
31091,33,"Lights","3350","AALA202405164167","other",1,"EMERGENCY LIGHTING"
31178,33,"Lights","3350","AALA202502070978","other",1,"EMERGENCY LIGHTING"
44452,53,"Fuselage","5320","AALA202406070687","panel",0,"FUSELAGE MISCELLANEOUS STRUCTURE"
29535,53,"Fuselage","5320","AALA202406104763","other",0,"FUSELAGE MISCELLANEOUS STRUCTURE"
30084,53,"Fuselage","5320","AALA202405217315","other",0,"FUSELAGE MISCELLANEOUS STRUCTURE"
31085,21,"Air Conditioning","2130","AALA202405225780","CND",3,"CABIN PRESSURE CONTROL SYSTEM"
40582,52,"Doors","5250","AALA202405234055","door",0,"FIXED INNER DOORS"
68099,52,"Doors","5250","AALA202405233054","door",0,"FIXED INNER DOORS"
31210,25,"Equipment / Furnishings","2530","AALA202405246944","CND",1,"BUFFET/GALLEYS"
31158,53,"Fuselage","5330","AALA202405309256","door",0,"FUSELAGE MAIN, PLATE/SKIN"
29522,21,"Air Conditioning","2160","AALA202405247575","valve",3,"CABIN TEMPERATURE CONTROL SYSTEM"
44485,52,"Doors","5250","AALA202405037509","door",0,"FIXED INNER DOORS"
33491,33,"Lights","3350","AALA202405291790","door",1,"EMERGENCY LIGHTING"
29538,33,"Lights","3350","AALA202405061175","other",1,"EMERGENCY LIGHTING"
68114,33,"Lights","3350","AALA202405065393","other",1,"EMERGENCY LIGHTING"
29520,33,"Lights","3350","AALA202405076636","other",1,"EMERGENCY LIGHTING"
33316,53,"Fuselage","5310","AALA202406038772","panel",0,"FUSELAGE MAIN, STRUCTURE"
33491,56,"Windows","5610","AALA202405099504","window",0,"FLIGHT COMPARTMENT WINDOWS"
44483,52,"Doors","5250","AALA202405097581","door",0,"FIXED INNER DOORS"
33345,25,"Equipment / Furnishings","2560","AALA202405091969","door",3,"EMERGENCY EQUIPMENT"
44450,53,"Fuselage","5340","AALA202405132856","other",0,"FUSELAGE MAIN, ATTACH FITTINGS"
33225,56,"Windows","5610","AALA202405131038","window",3,"FLIGHT COMPARTMENT WINDOWS"
68105,21,"Air Conditioning","2130","AALA202405145796","relay",3,"CABIN PRESSURE CONTROL SYSTEM"
44459,32,"Landing Gear","3240","AALA202405149841","valve",3,"LANDING GEAR BRAKE SYSTEM"
44490,33,"Lights","3350","AALA202405153702","other",1,"EMERGENCY LIGHTING"
30081,53,"Fuselage","5320","AALA202405200502","other",0,"FUSELAGE MISCELLANEOUS STRUCTURE"
29517,53,"Fuselage","5350","AALA202405200031","panel",0,"AERODYNAMIC FAIRINGS"
44456,52,"Doors","5250","AALA202405208356","door",0,"FIXED INNER DOORS"
31173,53,"Fuselage","5320","AALA202507118503","other",0,"FUSELAGE MISCELLANEOUS STRUCTURE"
33321,53,"Fuselage","5320","AALA202502257320","other",0,"FUSELAGE MISCELLANEOUS STRUCTURE"
29521,53,"Fuselage","5320","AALA202401298044","other",0,"FUSELAGE MISCELLANEOUS STRUCTURE"
29536,53,"Fuselage","5320","AALA202405313856","other",0,"FUSELAGE MISCELLANEOUS STRUCTURE"
33247,33,"Lights","3350","AALA202405013213","other",1,"EMERGENCY LIGHTING"
30084,53,"Fuselage","5310","AALA202406146664","other",0,"FUSELAGE MAIN, STRUCTURE"
31151,25,"Equipment / Furnishings","2560","AALA202405064663","door",1,"EMERGENCY EQUIPMENT"
31158,25,"Equipment / Furnishings","2560","AALA202405297814","pack",1,"EMERGENCY EQUIPMENT"
31210,25,"Equipment / Furnishings","2530","AALA202405306944","oven",1,"BUFFET/GALLEYS"
33345,33,"Lights","3350","AALA202405308393","pack",1,"EMERGENCY LIGHTING"
31073,34,"Navigation","3420","AALA202405143917","probe",3,"ATTITUDE AND DIRECTION DATA SYSTEM"
29535,53,"Fuselage","5310","AALA202406103672","other",0,"FUSELAGE MAIN, STRUCTURE"
31214,33,"Lights","3350","AALA202405214748","panel",1,"EMERGENCY LIGHTING"
29533,53,"Fuselage","5320","AALA202401295018","other",0,"FUSELAGE MISCELLANEOUS STRUCTURE"
44478,25,"Equipment / Furnishings","2560","AALA202402063970","door",1,"EMERGENCY EQUIPMENT"
29569,52,"Doors","5250","AALA202401197868","door",0,"FIXED INNER DOORS"
44490,27,"Flight Controls","2780","AALA202405299901","other",3,"LE SLAT CONTROL SYSTEM"
29522,28,"Fuel","2820","AALA202405291107","valve",3,"ACFT FUEL DISTRIB. SYSTEM"
30598,28,"Fuel","2820","AALA202405299537","CND",3,"ACFT FUEL DISTRIB. SYSTEM"
44472,72,"Engine","7260","AALA202405291197","engine",3,"TURBINE ENGINE ACCESSORY DRIVE"
30912,52,"Doors","5250","AALA202502191066","panel",0,"FIXED INNER DOORS"
33229,53,"Fuselage","5320","AALA202503071709","panel",0,"FUSELAGE MISCELLANEOUS STRUCTURE"
31159,53,"Fuselage","5320","AALA202411071266","panel",0,"FUSELAGE MISCELLANEOUS STRUCTURE"
33315,25,"Equipment / Furnishings","2560","AALA202505280696","other",1,"EMERGENCY EQUIPMENT"
33316,53,"Fuselage","5320","AALA202406034750","other",0,"FUSELAGE MISCELLANEOUS STRUCTURE"
29514,22,"Auto Flight","2200","AALA202405149254","CND",3,"AUTO FLIGHT SYSTEM"
31250,52,"Doors","5250","AALA202401238755","door",0,"FIXED INNER DOORS"
29532,53,"Fuselage","5320","AALA202402081596","other",0,"FUSELAGE MISCELLANEOUS STRUCTURE"
29517,53,"Fuselage","5320","AALA202401242887","other",0,"FUSELAGE MISCELLANEOUS STRUCTURE"
29517,53,"Fuselage","5320","AALA202401241309","other",0,"FUSELAGE MISCELLANEOUS STRUCTURE"
31275,33,"Lights","3350","AALA202401096422","other",1,"EMERGENCY LIGHTING"
29505,56,"Windows","5610","AALA202401197786","window",0,"FLIGHT COMPARTMENT WINDOWS"
29533,53,"Fuselage","5340","AALA202401229973","other",0,"FUSELAGE MAIN, ATTACH FITTINGS"
29532,53,"Fuselage","5320","AALA202401256201","other",0,"FUSELAGE MISCELLANEOUS STRUCTURE"
29532,53,"Fuselage","5320","AALA202401250833","other",0,"FUSELAGE MISCELLANEOUS STRUCTURE"
29513,25,"Equipment / Furnishings","2560","AALA202401036747","other",1,"EMERGENCY EQUIPMENT"
29531,53,"Fuselage","5320","AALA202403131403","engine",0,"FUSELAGE MISCELLANEOUS STRUCTURE"
29513,53,"Fuselage","5340","AALA202401165937","other",3,"FUSELAGE MAIN, ATTACH FITTINGS"
29531,53,"Fuselage","5320","AALA202401197901","other",0,"FUSELAGE MISCELLANEOUS STRUCTURE"
29536,33,"Lights","3350","AALA202401298505","CND",1,"EMERGENCY LIGHTING"
68101,33,"Lights","3350","AALA202401295807","pack",1,"EMERGENCY LIGHTING"
40583,33,"Lights","3350","AALA202401113434","CND",1,"EMERGENCY LIGHTING"
29521,57,"Wings","5740","AALA202402033744","control rod",0,"WING, ATTACH FITTINGS"
29532,53,"Fuselage","5310","AALA202402068139","other",0,"FUSELAGE MAIN, STRUCTURE"
29532,53,"Fuselage","5320","AALA202402069880","door",0,"FUSELAGE MISCELLANEOUS STRUCTURE"
29567,34,"Navigation","3440","AALA202401096029","antenna",3,"INDEPENDENT POS. DETERMINING SYSTEM"
30907,25,"Equipment / Furnishings","2560","AALA202401098259","door",1,"EMERGENCY EQUIPMENT"
31158,52,"Doors","5250","AALA202401094728","CND",0,"FIXED INNER DOORS"
30081,53,"Fuselage","5320","AALA202402070943","other",0,"FUSELAGE MISCELLANEOUS STRUCTURE"
29535,52,"Doors","5250","AALA202401113570","door",0,"FIXED INNER DOORS"
40769,21,"Air Conditioning","2120","AALA202401116870","CND",3,"AIR DISTRIBUTION SYSTEM"
29548,53,"Fuselage","5340","AALA202401124541","other",0,"FUSELAGE MAIN, ATTACH FITTINGS"
29548,53,"Fuselage","5340","AALA202401126874","other",0,"FUSELAGE MAIN, ATTACH FITTINGS"
29535,33,"Lights","3350","AALA202401127658","other",3,"EMERGENCY LIGHTING"
30599,33,"Lights","3350","AALA202401122815","battery",1,"EMERGENCY LIGHTING"
33234,29,"Hydraulic Power","2910","AALA202401123964","other",3,"HYDRAULIC SYSTEM, MAIN"
31153,53,"Fuselage","5320","AALA202401160707","door",0,"FUSELAGE MISCELLANEOUS STRUCTURE"
30085,27,"Flight Controls","2700","AALA202401171607","CND",3,"FLIGHT CONTROL SYSTEM"
31153,25,"Equipment / Furnishings","2560","AALA202401184214","CND",1,"EMERGENCY EQUIPMENT"
33341,33,"Lights","3350","AALA202507161320","door",1,"EMERGENCY LIGHTING"
31139,53,"Fuselage","5320","AALA202402153887","panel",0,"FUSELAGE MISCELLANEOUS STRUCTURE"
40581,52,"Doors","5250","AALA202401225877","door",0,"FIXED INNER DOORS"
31214,52,"Doors","5250","AALA202401264986","door",0,"FIXED INNER DOORS"
29521,53,"Fuselage","5320","AALA202401308852","other",0,"FUSELAGE MISCELLANEOUS STRUCTURE"
44478,25,"Equipment / Furnishings","2560","AALA202401303970","CND",1,"EMERGENCY EQUIPMENT"
30089,28,"Fuel","2820","AALA202401300308","relay",3,"ACFT FUEL DISTRIB. SYSTEM"
29521,57,"Wings","5740","AALA202402013744","control rod",0,"WING, ATTACH FITTINGS"
29521,53,"Fuselage","5320","AALA202402020049","other",0,"FUSELAGE MISCELLANEOUS STRUCTURE"
29519,53,"Fuselage","5340","AALA202401081351","other",0,"FUSELAGE MAIN, ATTACH FITTINGS"
29517,25,"Equipment / Furnishings","2530","AALA202401087309","oven",1,"BUFFET/GALLEYS"
29527,25,"Equipment / Furnishings","2530","AALA202401105310","oven",3,"BUFFET/GALLEYS"
31139,53,"Fuselage","5320","AALA202402072096","panel",0,"FUSELAGE MISCELLANEOUS STRUCTURE"
30081,53,"Fuselage","5320","AALA202402084620","other",0,"FUSELAGE MISCELLANEOUS STRUCTURE"
29507,32,"Landing Gear","3240","AALA202401176128","brake",3,"LANDING GEAR BRAKE SYSTEM"
33341,25,"Equipment / Furnishings","2560","AALA202401195016","door",1,"EMERGENCY EQUIPMENT"
29531,53,"Fuselage","5330","AALA202401227943","other",0,"FUSELAGE MAIN, PLATE/SKIN"
29533,53,"Fuselage","5340","AALA202401295474","other",0,"FUSELAGE MAIN, ATTACH FITTINGS"
29530,53,"Fuselage","5310","AALA202401223386","other",0,"FUSELAGE MAIN, STRUCTURE"
29537,25,"Equipment / Furnishings","2560","AALA202401223567","pack",1,"EMERGENCY EQUIPMENT"
30085,27,"Flight Controls","2710","AALA202401238902","module",3,"AILERON CONTROL SYSTEM"
30078,25,"Equipment / Furnishings","2560","AALA202505307235","other",1,"EMERGENCY EQUIPMENT"
33346,33,"Lights","3350","AALA202401236797","other",1,"EMERGENCY LIGHTING"
31095,25,"Equipment / Furnishings","2560","AALA202401263504","door",1,"EMERGENCY EQUIPMENT"
31169,25,"Equipment / Furnishings","2560","AALA202401293893","door",3,"EMERGENCY EQUIPMENT"
33232,33,"Lights","3350","AALA202401295764","other",1,"EMERGENCY LIGHTING"
33223,53,"Fuselage","5310","AALA202401033154","other",0,"FUSELAGE MAIN, STRUCTURE"
33223,53,"Fuselage","5310","AALA202401035594","other",0,"FUSELAGE MAIN, STRUCTURE"
44465,52,"Doors","5250","AALA202401046198","door",0,"FIXED INNER DOORS"
40581,52,"Doors","5250","AALA202401058823","CND",0,"FIXED INNER DOORS"
33256,52,"Doors","5250","AALA202402035313","door",0,"FIXED INNER DOORS"
29519,53,"Fuselage","5320","AALA202401088564","other",0,"FUSELAGE MISCELLANEOUS STRUCTURE"
33518,34,"Navigation","3460","AALA202402058808","CND",3,"FLT MANAGE. COMPUTING HARDWARE SYS"
33234,29,"Hydraulic Power","2910","AALA202401103964","CND",3,"HYDRAULIC SYSTEM, MAIN"
30914,53,"Fuselage","5310","AALA202401115053","door",0,"FUSELAGE MAIN, STRUCTURE"
29548,53,"Fuselage","5340","AALA202401127502","other",0,"FUSELAGE MAIN, ATTACH FITTINGS"
29548,53,"Fuselage","5340","AALA202401122249","other",0,"FUSELAGE MAIN, ATTACH FITTINGS"
29548,53,"Fuselage","5340","AALA202401127912","other",0,"FUSELAGE MAIN, ATTACH FITTINGS"
29516,33,"Lights","3350","AALA202401120182","other",1,"EMERGENCY LIGHTING"
29533,53,"Fuselage","5320","AALA202401178750","other",0,"FUSELAGE MISCELLANEOUS STRUCTURE"
29507,32,"Landing Gear","3240","AALA202401172048","brake",3,"LANDING GEAR BRAKE SYSTEM"
31139,53,"Fuselage","5320","AALA202402146581","panel",0,"FUSELAGE MISCELLANEOUS STRUCTURE"
29521,53,"Fuselage","5320","AALA202401229136","other",0,"FUSELAGE MISCELLANEOUS STRUCTURE"
33329,52,"Doors","5250","AALA202401247264","door",0,"FIXED INNER DOORS"
29521,53,"Fuselage","5320","AALA202401253680","other",0,"FUSELAGE MISCELLANEOUS STRUCTURE"
44454,33,"Lights","3350","AALA202401254561","window",1,"EMERGENCY LIGHTING"
29532,53,"Fuselage","5320","AALA202401259662","other",0,"FUSELAGE MISCELLANEOUS STRUCTURE"
29535,25,"Equipment / Furnishings","2560","AALA202401290987","CND",1,"EMERGENCY EQUIPMENT"
31161,72,"Engine","7260","AALA202401307751","engine",3,"TURBINE ENGINE ACCESSORY DRIVE"
30089,28,"Fuel","2820","AALA202401307092","relay",3,"ACFT FUEL DISTRIB. SYSTEM"
31077,33,"Lights","3350","AALA202401036921","other",1,"EMERGENCY LIGHTING"
29521,53,"Fuselage","5320","AALA202401313159","other",0,"FUSELAGE MISCELLANEOUS STRUCTURE"
29508,53,"Fuselage","5320","AALA202401319889","door",0,"FUSELAGE MISCELLANEOUS STRUCTURE"
29531,53,"Fuselage","5320","AALA202402051848","other",0,"FUSELAGE MISCELLANEOUS STRUCTURE"
29539,53,"Fuselage","5320","AALA202409112444","panel",0,"FUSELAGE MISCELLANEOUS STRUCTURE"
31259,28,"Fuel","2820","AALA202402053668","pump",1,"ACFT FUEL DISTRIB. SYSTEM"
29508,25,"Equipment / Furnishings","2560","AALA202401088344","door",1,"EMERGENCY EQUIPMENT"
29532,55,"Stabilizers","5510","AALA202402069789","other",0,"HORIZONTAL STABILIZER STRUCTURE"
29567,34,"Navigation","3440","AALA202401098436","antenna",3,"INDEPENDENT POS. DETERMINING SYSTEM"
29531,53,"Fuselage","5310","AALA202402078903","other",0,"FUSELAGE MAIN, STRUCTURE"
33519,25,"Equipment / Furnishings","2560","AALA202401161949","other",1,"EMERGENCY EQUIPMENT"
33207,52,"Doors","5210","AALA202401168890","door",0,"PASSENGER/CREW DOORS"
33316,33,"Lights","3350","AALA202401180559","door",1,"EMERGENCY LIGHTING"
30098,33,"Lights","3350","AALA202508250624","door",1,"EMERGENCY LIGHTING"
33519,52,"Doors","5250","AALA202401225294","door",0,"FIXED INNER DOORS"
30079,55,"Stabilizers","5510","AALA202401046155","other",0,"HORIZONTAL STABILIZER STRUCTURE"
29519,53,"Fuselage","5340","AALA202401087068","other",0,"FUSELAGE MAIN, ATTACH FITTINGS"
33223,53,"Fuselage","5320","AALA202401109235","other",0,"FUSELAGE MISCELLANEOUS STRUCTURE"
31172,53,"Fuselage","5310","AALA202401168456","window",0,"FUSELAGE MAIN, STRUCTURE"
31173,52,"Doors","5250","AALA202401228970","latch",0,"FIXED INNER DOORS"
44450,52,"Doors","5250","AALA202401231391","door",0,"FIXED INNER DOORS"
29528,52,"Doors","5250","AALA202401249997","door",0,"FIXED INNER DOORS"
33520,52,"Doors","5250","AALA202401249190","hinge",0,"FIXED INNER DOORS"
29517,53,"Fuselage","5320","AALA202401246438","other",0,"FUSELAGE MISCELLANEOUS STRUCTURE"
31139,53,"Fuselage","5320","AALA202402216006","panel",0,"FUSELAGE MISCELLANEOUS STRUCTURE"
40581,52,"Doors","5250","AALA202401291857","CND",0,"FIXED INNER DOORS"
29511,25,"Equipment / Furnishings","2560","AALA202401299943","door",1,"EMERGENCY EQUIPMENT"
31280,33,"Lights","3350","AALA202401318380","other",1,"EMERGENCY LIGHTING"
29519,53,"Fuselage","5340","AALA202401088161","other",0,"FUSELAGE MAIN, ATTACH FITTINGS"
29532,53,"Fuselage","5320","AALA202402061314","panel",0,"FUSELAGE MISCELLANEOUS STRUCTURE"
29532,53,"Fuselage","5320","AALA202402061038","panel",0,"FUSELAGE MISCELLANEOUS STRUCTURE"
33256,52,"Doors","5250","AALA202401091599","door",0,"FIXED INNER DOORS"
29532,53,"Fuselage","5310","AALA202402062226","other",0,"FUSELAGE MAIN, STRUCTURE"
33521,28,"Fuel","2840","AALA202402063907","probe",3,"ACFT FUEL INDICATING SYSTEM"
33211,34,"Navigation","3410","AALA202401227913","probe",3,"FLIGHT ENVIRONMENT DATA"
33316,57,"Wings","5750","AALA202402069940","panel",3,"WING, CONTROL SURFACES"
31139,53,"Fuselage","5340","AALA202402078659","door",0,"FUSELAGE MAIN, ATTACH FITTINGS"
30099,21,"Air Conditioning","2130","AALA202401122208","module",3,"CABIN PRESSURE CONTROL SYSTEM"
33318,52,"Doors","5220","AALA202401197350","other",0,"EMERGENCY EXITS"
40581,52,"Doors","5250","AALA202401192785","door",0,"FIXED INNER DOORS"
29532,53,"Fuselage","5320","AALA202402167972","apu component",0,"FUSELAGE MISCELLANEOUS STRUCTURE"
31089,33,"Lights","3350","AALA202508056423","other",1,"EMERGENCY LIGHTING"
29535,52,"Doors","5250","AALA202401126766","door",3,"FIXED INNER DOORS"
31139,53,"Fuselage","5320","AALA202402215981","panel",0,"FUSELAGE MISCELLANEOUS STRUCTURE"
31139,53,"Fuselage","5320","AALA202402211856","panel",0,"FUSELAGE MISCELLANEOUS STRUCTURE"
31107,52,"Doors","5250","AALA202401299615","door",0,"FIXED INNER DOORS"
33520,52,"Doors","5250","AALA202401293465","CND",0,"FIXED INNER DOORS"
33321,53,"Fuselage","5320","AALA202503050079","panel",0,"FUSELAGE MISCELLANEOUS STRUCTURE"
29535,25,"Equipment / Furnishings","2560","AALA202402060764","other",1,"EMERGENCY EQUIPMENT"
31269,33,"Lights","3350","AALA202401309430","module",1,"EMERGENCY LIGHTING"
29531,53,"Fuselage","5310","AALA202402061715","other",0,"FUSELAGE MAIN, STRUCTURE"
33331,25,"Equipment / Furnishings","2560","AALA202401300563","door",1,"EMERGENCY EQUIPMENT"
29527,25,"Equipment / Furnishings","2530","AALA202401035310","CND",3,"BUFFET/GALLEYS"
29531,53,"Fuselage","5320","AALA202402051661","other",0,"FUSELAGE MISCELLANEOUS STRUCTURE"
29521,53,"Fuselage","5320","AALA202401082749","other",0,"FUSELAGE MISCELLANEOUS STRUCTURE"
40766,52,"Doors","5210","AALA202401080350","door",3,"PASSENGER/CREW DOORS"
29567,34,"Navigation","3440","AALA202401090549","antenna",3,"INDEPENDENT POS. DETERMINING SYSTEM"
29531,53,"Fuselage","5320","AALA202402072453","other",0,"FUSELAGE MISCELLANEOUS STRUCTURE"
31139,53,"Fuselage","5320","AALA202402070153","panel",0,"FUSELAGE MISCELLANEOUS STRUCTURE"
31139,53,"Fuselage","5320","AALA202402095892","other",0,"FUSELAGE MISCELLANEOUS STRUCTURE"
29533,53,"Fuselage","5320","AALA202401178371","other",0,"FUSELAGE MISCELLANEOUS STRUCTURE"
30081,27,"Flight Controls","2750","AALA202401236650","CND",3,"TE FLAP CONTROL SYSTEM"
29533,53,"Fuselage","5320","AALA202401244247","panel",0,"FUSELAGE MISCELLANEOUS STRUCTURE"
29532,53,"Fuselage","5320","AALA202401258889","other",0,"FUSELAGE MISCELLANEOUS STRUCTURE"
29521,53,"Fuselage","5320","AALA202401296276","other",0,"FUSELAGE MISCELLANEOUS STRUCTURE"
29517,25,"Equipment / Furnishings","2530","AALA202401057309","CND",1,"BUFFET/GALLEYS"
29531,53,"Fuselage","5310","AALA202402056730","other",0,"FUSELAGE MAIN, STRUCTURE"
31280,33,"Lights","3350","AALA202401092042","CND",1,"EMERGENCY LIGHTING"
29531,53,"Fuselage","5320","AALA202402061263","other",0,"FUSELAGE MISCELLANEOUS STRUCTURE"
29531,53,"Fuselage","5320","AALA202402061010","other",0,"FUSELAGE MISCELLANEOUS STRUCTURE"
29548,53,"Fuselage","5340","AALA202401125761","other",0,"FUSELAGE MAIN, ATTACH FITTINGS"
30081,53,"Fuselage","5320","AALA202402127077","other",0,"FUSELAGE MISCELLANEOUS STRUCTURE"
31245,52,"Doors","5250","AALA202401191928","latch",3,"FIXED INNER DOORS"
33229,52,"Doors","5250","AALA202401223184","hinge",0,"FIXED INNER DOORS"
30081,49,"Airborne Auxiliary Power","4910","AALA202402284628","apu component",0,"APU COWLING/CONTAINMENT"
29517,53,"Fuselage","5320","AALA202401242908","other",0,"FUSELAGE MISCELLANEOUS STRUCTURE"
29521,53,"Fuselage","5320","AALA202401298243","panel",0,"FUSELAGE MISCELLANEOUS STRUCTURE"
33337,33,"Lights","3350","AALA202502075970","CND",1,"EMERGENCY LIGHTING"
33223,53,"Fuselage","5310","AALA202401032359","other",0,"FUSELAGE MAIN, STRUCTURE"
30916,53,"Fuselage","5320","AALA202401315433","door",0,"FUSELAGE MISCELLANEOUS STRUCTURE"
29519,53,"Fuselage","5340","AALA202401086439","other",0,"FUSELAGE MAIN, ATTACH FITTINGS"
29566,25,"Equipment / Furnishings","2560","AALA202401100167","CND",1,"EMERGENCY EQUIPMENT"
29533,53,"Fuselage","5320","AALA202401172473","other",0,"FUSELAGE MISCELLANEOUS STRUCTURE"
29531,53,"Fuselage","5320","AALA202401198882","panel",0,"FUSELAGE MISCELLANEOUS STRUCTURE"
31237,52,"Doors","5250","AALA202401294745","door",0,"FIXED INNER DOORS"
33316,27,"Flight Controls","2750","AALA202401304708","CND",3,"TE FLAP CONTROL SYSTEM"
31203,21,"Air Conditioning","2150","AALA202401125880","acm",3,"CABIN COOLING SYSTEM"
31234,57,"Wings","5710","AALA202401058238","other",0,"WING, MAIN FRAME STRUCTURE"
40766,52,"Doors","5210","AALA202401086041","switch",3,"PASSENGER/CREW DOORS"
31270,22,"Auto Flight","2200","AALA202401094696","CND",3,"AUTO FLIGHT SYSTEM"
33316,27,"Flight Controls","2750","AALA202402064708","panel",3,"TE FLAP CONTROL SYSTEM"
40581,53,"Fuselage","5340","AALA202401128823","hinge",0,"FUSELAGE MAIN, ATTACH FITTINGS"
31229,52,"Doors","5200","AALA202401165685","door",0,"DOORS"
29533,53,"Fuselage","5320","AALA202401172143","other",0,"FUSELAGE MISCELLANEOUS STRUCTURE"
29531,53,"Fuselage","5320","AALA202401195547","other",0,"FUSELAGE MISCELLANEOUS STRUCTURE"
29531,53,"Fuselage","5320","AALA202401196534","panel",0,"FUSELAGE MISCELLANEOUS STRUCTURE"
29521,53,"Fuselage","5320","AALA202401227887","panel",0,"FUSELAGE MISCELLANEOUS STRUCTURE"
33205,25,"Equipment / Furnishings","2560","AALA202401239136","door",1,"EMERGENCY EQUIPMENT"
31067,52,"Doors","5250","AALA202401257875","hinge",0,"FIXED INNER DOORS"
40580,52,"Doors","5250","AALA202412245083","door",0,"FIXED INNER DOORS"
40582,25,"Equipment / Furnishings","2560","AALA202401263199","door",3,"EMERGENCY EQUIPMENT"
30081,53,"Fuselage","5320","AALA202402085178","door",0,"FUSELAGE MISCELLANEOUS STRUCTURE"
30907,25,"Equipment / Furnishings","2560","AALA202401185178","door",1,"EMERGENCY EQUIPMENT"
31273,25,"Equipment / Furnishings","2560","AALA202508267391","other",1,"EMERGENCY EQUIPMENT"
29562,52,"Doors","5250","AALA202401222356","door",0,"FIXED INNER DOORS"
29532,53,"Fuselage","5310","AALA202402085921","other",0,"FUSELAGE MAIN, STRUCTURE"
44471,52,"Doors","5250","AALA202401195053","door",3,"FIXED INNER DOORS"
33212,28,"Fuel","2820","AALA202401198535","switch",1,"ACFT FUEL DISTRIB. SYSTEM"
29535,52,"Doors","5250","AALA202401223812","door",0,"FIXED INNER DOORS"
31242,52,"Doors","5210","AALA202401227670","door",3,"PASSENGER/CREW DOORS"
30085,27,"Flight Controls","2710","AALA202401233612","module",3,"AILERON CONTROL SYSTEM"
33209,28,"Fuel","2820","AALA202401233069","CND",3,"ACFT FUEL DISTRIB. SYSTEM"
31095,25,"Equipment / Furnishings","2560","AALA202401243504","CND",1,"EMERGENCY EQUIPMENT"
40584,33,"Lights","3350","AALA202401249525","door",1,"EMERGENCY LIGHTING"
31139,53,"Fuselage","5320","AALA202402217608","panel",0,"FUSELAGE MISCELLANEOUS STRUCTURE"
31067,21,"Air Conditioning","2100","AALA202401253994","CND",3,"AIR CONDITIONING SYSTEM"
44476,52,"Doors","5250","AALA202401263830","hinge",0,"FIXED INNER DOORS"
29547,49,"Airborne Auxiliary Power","4910","AALA202508117993","apu component",0,"APU COWLING/CONTAINMENT"
29533,53,"Fuselage","5310","AALA202401310916","other",0,"FUSELAGE MAIN, STRUCTURE"
29531,53,"Fuselage","5320","AALA202402057044","other",0,"FUSELAGE MISCELLANEOUS STRUCTURE"
29519,53,"Fuselage","5340","AALA202401082981","other",0,"FUSELAGE MAIN, ATTACH FITTINGS"
29535,25,"Equipment / Furnishings","2560","AALA202402060987","door",1,"EMERGENCY EQUIPMENT"
33316,27,"Flight Controls","2750","AALA202402066764","panel",3,"TE FLAP CONTROL SYSTEM"
29525,53,"Fuselage","5310","AALA202401128162","door",0,"FUSELAGE MAIN, STRUCTURE"
29513,53,"Fuselage","5340","AALA202401162357","other",0,"FUSELAGE MAIN, ATTACH FITTINGS"
31153,24,"Electrical Power","2420","AALA202401163602","engine",3,"AC GENERATION SYSTEM"
33318,52,"Doors","5220","AALA202401184824","door",0,"EMERGENCY EXITS"
29533,53,"Fuselage","5320","AALA202401173063","other",0,"FUSELAGE MISCELLANEOUS STRUCTURE"
29533,53,"Fuselage","5320","AALA202401173519","other",0,"FUSELAGE MISCELLANEOUS STRUCTURE"
44468,52,"Doors","5250","AALA202401113003","door",0,"FIXED INNER DOORS"
29548,53,"Fuselage","5320","AALA202401221842","other",0,"FUSELAGE MISCELLANEOUS STRUCTURE"
29544,33,"Lights","3350","AALA202502119532","door",1,"EMERGENCY LIGHTING"
29536,52,"Doors","5210","AALA202401111385","door",0,"PASSENGER/CREW DOORS"
40581,52,"Doors","5250","AALA202401301857","CND",0,"FIXED INNER DOORS"
31139,53,"Fuselage","5320","AALA202402214368","panel",0,"FUSELAGE MISCELLANEOUS STRUCTURE"
29531,53,"Fuselage","5320","AALA202401256745","panel",0,"FUSELAGE MISCELLANEOUS STRUCTURE"
44481,25,"Equipment / Furnishings","2560","AALA202401291850","other",1,"EMERGENCY EQUIPMENT"
30087,25,"Equipment / Furnishings","2560","AALA202401037110","battery",1,"EMERGENCY EQUIPMENT"
31107,52,"Doors","5250","AALA202401291355","door",0,"FIXED INNER DOORS"
29521,53,"Fuselage","5320","AALA202401305086","other",0,"FUSELAGE MISCELLANEOUS STRUCTURE"
33521,28,"Fuel","2840","AALA202401303907","CND",3,"ACFT FUEL INDICATING SYSTEM"
29524,25,"Equipment / Furnishings","2560","AALA202401036036","pack",3,"EMERGENCY EQUIPMENT"
29521,53,"Fuselage","5320","AALA202401082588","panel",0,"FUSELAGE MISCELLANEOUS STRUCTURE"
33520,53,"Fuselage","5340","AALA202402063465","hinge",0,"FUSELAGE MAIN, ATTACH FITTINGS"
31139,53,"Fuselage","5340","AALA202402065372","door",0,"FUSELAGE MAIN, ATTACH FITTINGS"
29527,25,"Equipment / Furnishings","2530","AALA202401101527","oven",3,"BUFFET/GALLEYS"
29531,53,"Fuselage","5320","AALA202402076358","other",0,"FUSELAGE MISCELLANEOUS STRUCTURE"
29535,52,"Doors","5250","AALA202401110681","door",0,"FIXED INNER DOORS"
29571,28,"Fuel","2840","AALA202401112551","CND",3,"ACFT FUEL INDICATING SYSTEM"
29531,53,"Fuselage","5320","AALA202403138882","engine",0,"FUSELAGE MISCELLANEOUS STRUCTURE"
29531,53,"Fuselage","5320","AALA202401196584","other",0,"FUSELAGE MISCELLANEOUS STRUCTURE"
33223,53,"Fuselage","5310","AALA202401032833","other",0,"FUSELAGE MAIN, STRUCTURE"
29576,27,"Flight Controls","2750","AALA202505301248","sensor",3,"TE FLAP CONTROL SYSTEM"
29543,53,"Fuselage","5320","AALA202506029660","panel",0,"FUSELAGE MISCELLANEOUS STRUCTURE"
30082,57,"Wings","5720","AALA202401223750","other",0,"WING MISCELLANEOUS STRUCTURE"
33337,33,"Lights","3350","AALA202401227815","door",1,"EMERGENCY LIGHTING"
30085,27,"Flight Controls","2710","AALA202401231607","module",3,"AILERON CONTROL SYSTEM"
29574,25,"Equipment / Furnishings","2560","AALA202401233339","other",1,"EMERGENCY EQUIPMENT"
30916,52,"Doors","5250","AALA202401231452","door",0,"FIXED INNER DOORS"
29521,53,"Fuselage","5320","AALA202401241869","panel",0,"FUSELAGE MISCELLANEOUS STRUCTURE"
29517,57,"Wings","5710","AALA202401240336","other",0,"WING, MAIN FRAME STRUCTURE"
29521,53,"Fuselage","5320","AALA202401296969","other",0,"FUSELAGE MISCELLANEOUS STRUCTURE"
29535,25,"Equipment / Furnishings","2560","AALA202401290764","CND",1,"EMERGENCY EQUIPMENT"
31141,52,"Doors","5250","AALA202401035244","door",0,"FIXED INNER DOORS"
29576,28,"Fuel","2840","AALA202502067323","switch",1,"ACFT FUEL INDICATING SYSTEM"
33322,53,"Fuselage","5310","AALA202506021844","other",0,"FUSELAGE MAIN, STRUCTURE"
33223,53,"Fuselage","5320","AALA202401055167","other",0,"FUSELAGE MISCELLANEOUS STRUCTURE"
31141,25,"Equipment / Furnishings","2560","AALA202401088409","CND",1,"EMERGENCY EQUIPMENT"
33231,33,"Lights","3350","AALA202401096105","other",1,"EMERGENCY LIGHTING"
29531,53,"Fuselage","5320","AALA202402066609","other",0,"FUSELAGE MISCELLANEOUS STRUCTURE"
31139,25,"Equipment / Furnishings","2560","AALA202401100331","other",1,"EMERGENCY EQUIPMENT"
29548,53,"Fuselage","5340","AALA202401128907","other",0,"FUSELAGE MAIN, ATTACH FITTINGS"
29548,53,"Fuselage","5340","AALA202401127016","other",0,"FUSELAGE MAIN, ATTACH FITTINGS"
29531,53,"Fuselage","5320","AALA202403136534","engine",0,"FUSELAGE MISCELLANEOUS STRUCTURE"
44450,52,"Doors","5250","AALA202402122532","panel",0,"FIXED INNER DOORS"
31242,52,"Doors","5210","AALA202401187670","CND",3,"PASSENGER/CREW DOORS"
33250,53,"Fuselage","5330","AALA202506026899","other",0,"FUSELAGE MAIN, PLATE/SKIN"
29521,53,"Fuselage","5320","AALA202401291697","other",0,"FUSELAGE MISCELLANEOUS STRUCTURE"
29533,53,"Fuselage","5320","AALA202402027935","other",0,"FUSELAGE MISCELLANEOUS STRUCTURE"
29533,53,"Fuselage","5310","AALA202402021238","other",0,"FUSELAGE MAIN, STRUCTURE"
33219,52,"Doors","5250","AALA202401041916","latch",0,"FIXED INNER DOORS"
29568,33,"Lights","3350","AALA202401055105","other",1,"EMERGENCY LIGHTING"
29519,53,"Fuselage","5340","AALA202401080344","other",0,"FUSELAGE MAIN, ATTACH FITTINGS"
29519,53,"Fuselage","5340","AALA202401080430","other",0,"FUSELAGE MAIN, ATTACH FITTINGS"
44460,25,"Equipment / Furnishings","2560","AALA202401097147","door",1,"EMERGENCY EQUIPMENT"
31219,53,"Fuselage","5340","AALA202401169367","hinge",0,"FUSELAGE MAIN, ATTACH FITTINGS"
29533,53,"Fuselage","5340","AALA202401229832","other",0,"FUSELAGE MAIN, ATTACH FITTINGS"
44488,21,"Air Conditioning","2120","AALA202401227980","other",3,"AIR DISTRIBUTION SYSTEM"
31161,72,"Engine","7260","AALA202401297751","CND",3,"TURBINE ENGINE ACCESSORY DRIVE"
31259,25,"Equipment / Furnishings","2560","AALA202401291497","door",3,"EMERGENCY EQUIPMENT"
40580,25,"Equipment / Furnishings","2530","AALA202401290885","other",3,"BUFFET/GALLEYS"
31200,27,"Flight Controls","2750","AALA202401290756","other",3,"TE FLAP CONTROL SYSTEM"
29529,33,"Lights","3350","AALA202401298910","other",1,"EMERGENCY LIGHTING"
29521,53,"Fuselage","5320","AALA202401306909","other",0,"FUSELAGE MISCELLANEOUS STRUCTURE"
30080,25,"Equipment / Furnishings","2560","AALA202401309460","door",1,"EMERGENCY EQUIPMENT"
29531,53,"Fuselage","5320","AALA202401195549","other",0,"FUSELAGE MISCELLANEOUS STRUCTURE"
29532,53,"Fuselage","5320","AALA202402063837","other",0,"FUSELAGE MISCELLANEOUS STRUCTURE"
29574,52,"Doors","5250","AALA202502051394","door",0,"FIXED INNER DOORS"
31139,53,"Fuselage","5320","AALA202402071363","panel",0,"FUSELAGE MISCELLANEOUS STRUCTURE"
33222,32,"Landing Gear","3210","AALA202401129647","other",2,"MAIN LANDING GEAR"
29566,25,"Equipment / Furnishings","2560","AALA202401120167","door",1,"EMERGENCY EQUIPMENT"
31197,49,"Airborne Auxiliary Power","4900","AALA202401164379","apu component",3,"AIRBORNE APU SYSTEM"
29533,53,"Fuselage","5320","AALA202401179223","other",0,"FUSELAGE MISCELLANEOUS STRUCTURE"
29532,53,"Fuselage","5320","AALA202402069836","panel",0,"FUSELAGE MISCELLANEOUS STRUCTURE"
33323,52,"Doors","5250","AALA202401231056","door",0,"FIXED INNER DOORS"
29517,57,"Wings","5710","AALA202401243814","other",0,"WING, MAIN FRAME STRUCTURE"
29517,53,"Fuselage","5320","AALA202401245765","other",0,"FUSELAGE MISCELLANEOUS STRUCTURE"
29533,53,"Fuselage","5310","AALA202401298171","other",0,"FUSELAGE MAIN, STRUCTURE"
33231,53,"Fuselage","5320","AALA202508189017","other",0,"FUSELAGE MISCELLANEOUS STRUCTURE"
29532,53,"Fuselage","5320","AALA202402080849","other",0,"FUSELAGE MISCELLANEOUS STRUCTURE"
44471,25,"Equipment / Furnishings","2560","AALA202401167833","door",1,"EMERGENCY EQUIPMENT"
30080,28,"Fuel","2800","AALA202401160315","switch",1,"AIRCRAFT FUEL SYSTEM"
31236,52,"Doors","5250","AALA2024011899056","panel",0,"FIXED INNER DOORS"
30090,33,"Lights","3350","AALA202401194386","other",1,"EMERGENCY LIGHTING"
31071,25,"Equipment / Furnishings","2530","AALA202401293905","oven",1,"BUFFET/GALLEYS"
31159,53,"Fuselage","5310","AALA202411079967","other",0,"FUSELAGE MAIN, STRUCTURE"
31153,25,"Equipment / Furnishings","2560","AALA202401224214","door",1,"EMERGENCY EQUIPMENT"
29518,25,"Equipment / Furnishings","2530","AALA202401226721","oven",3,"BUFFET/GALLEYS"
30085,27,"Flight Controls","2710","AALA202401234102","module",3,"AILERON CONTROL SYSTEM"
44476,52,"Doors","5250","AALA202401243830","CND",0,"FIXED INNER DOORS"
44471,21,"Air Conditioning","2120","AALA202401254721","CND",2,"AIR DISTRIBUTION SYSTEM"
33316,25,"Equipment / Furnishings","2560","AALA202502067174","pack",1,"EMERGENCY EQUIPMENT"
29511,33,"Lights","3350","AALA202412164242","other",1,"EMERGENCY LIGHTING"
29530,25,"Equipment / Furnishings","2560","AALA202508254741","CND",1,"EMERGENCY EQUIPMENT"
29503,33,"Lights","3350","AALA2024012900756","other",1,"EMERGENCY LIGHTING"
68101,33,"Lights","3350","AALA202401290005","pack",1,"EMERGENCY LIGHTING"
40763,75,"Bleed Air","7510","AALA202401296524","engine",3,"ENGINE ANTI-ICING SYSTEM"
31067,23,"Communication","2300","AALA202401303994","antenna",3,"COMMUNICATIONS SYSTEM"
29531,53,"Fuselage","5320","AALA202402050373","panel",0,"FUSELAGE MISCELLANEOUS STRUCTURE"
29521,53,"Fuselage","5320","AALA202401081834","panel",0,"FUSELAGE MISCELLANEOUS STRUCTURE"
30099,25,"Equipment / Furnishings","2560","AALA202401083392","other",1,"EMERGENCY EQUIPMENT"
31077,52,"Doors","5250","AALA202401084853","latch",0,"FIXED INNER DOORS"
29567,34,"Navigation","3400","AALA202401090977","antenna",3,"NAVIGATION SYSTEM"
44471,21,"Air Conditioning","2120","AALA202402064721","other",2,"AIR DISTRIBUTION SYSTEM"
33316,27,"Flight Controls","2750","AALA202402068587","panel",3,"TE FLAP CONTROL SYSTEM"
30081,53,"Fuselage","5340","AALA202402078633","door",0,"FUSELAGE MAIN, ATTACH FITTINGS"
33220,52,"Doors","5210","AALA202401113221","door",3,"PASSENGER/CREW DOORS"
44465,33,"Lights","3350","AALA202401120409","other",1,"EMERGENCY LIGHTING"
33318,52,"Doors","5220","AALA202401187350","CND",0,"EMERGENCY EXITS"
33491,52,"Doors","5250","AALA202401184072","door",0,"FIXED INNER DOORS"
31177,52,"Doors","5250","AALA202401240373","door",0,"FIXED INNER DOORS"
29533,53,"Fuselage","5340","AALA202401223015","other",0,"FUSELAGE MAIN, ATTACH FITTINGS"
30091,55,"Stabilizers","5510","AALA202502245284","other",0,"HORIZONTAL STABILIZER STRUCTURE"
33322,53,"Fuselage","5310","AALA202506050973","other",0,"FUSELAGE MAIN, STRUCTURE"
29504,33,"Lights","3350","AALA202412240554","pack",1,"EMERGENCY LIGHTING"
30091,53,"Fuselage","5320","AALA202502193679","other",0,"FUSELAGE MISCELLANEOUS STRUCTURE"
31143,25,"Equipment / Furnishings","2560","AALA202502079343","pack",1,"EMERGENCY EQUIPMENT"
29529,33,"Lights","3350","AALA202401058521","other",1,"EMERGENCY LIGHTING"
29513,33,"Lights","3350","AALA202401300633","other",1,"EMERGENCY LIGHTING"
29517,53,"Fuselage","5320","AALA202401241992","other",0,"FUSELAGE MISCELLANEOUS STRUCTURE"
29517,53,"Fuselage","5340","AALA202401240645","other",0,"FUSELAGE MAIN, ATTACH FITTINGS"
29567,21,"Air Conditioning","2120","AALA202502135315","CND",3,"AIR DISTRIBUTION SYSTEM"
33327,30,"Ice And Rain Protection","3040","AALA202401250790","window",3,"WINDSHIELD/DOOR RAIN/ICE REMOVAL"
29532,53,"Fuselage","5320","AALA202401257453","other",0,"FUSELAGE MISCELLANEOUS STRUCTURE"
33488,33,"Lights","3350","AALA202507225584","other",1,"EMERGENCY LIGHTING"
29531,53,"Fuselage","5320","AALA202403136745","engine",0,"FUSELAGE MISCELLANEOUS STRUCTURE"
31165,53,"Fuselage","5320","AALA202502143935","other",0,"FUSELAGE MISCELLANEOUS STRUCTURE"
31153,25,"Equipment / Furnishings","2560","AALA202401036368","door",1,"EMERGENCY EQUIPMENT"
31131,32,"Landing Gear","3260","AALA202402020407","latch",2,"LANDING GEAR POSITION AND WARNING"
31165,52,"Doors","5250","AALA202402036039","door",0,"FIXED INNER DOORS"
29531,53,"Fuselage","5320","AALA202403137044","engine",0,"FUSELAGE MISCELLANEOUS STRUCTURE"
29531,53,"Fuselage","5320","AALA202401198931","other",0,"FUSELAGE MISCELLANEOUS STRUCTURE"
29514,25,"Equipment / Furnishings","2560","AALA202401197846","pack",1,"EMERGENCY EQUIPMENT"
44482,25,"Equipment / Furnishings","2560","AALA202401226334","door",1,"EMERGENCY EQUIPMENT"
31280,33,"Lights","3350","AALA202401220410","other",1,"EMERGENCY LIGHTING"
33222,25,"Equipment / Furnishings","2560","AALA202401234209","door",1,"EMERGENCY EQUIPMENT"
33209,28,"Fuel","2820","AALA202401243069","CND",3,"ACFT FUEL DISTRIB. SYSTEM"
31139,53,"Fuselage","5320","AALA202402212242","panel",0,"FUSELAGE MISCELLANEOUS STRUCTURE"
29521,53,"Fuselage","5320","AALA202401294408","other",0,"FUSELAGE MISCELLANEOUS STRUCTURE"
29531,53,"Fuselage","5320","AALA202401191557","other",0,"FUSELAGE MISCELLANEOUS STRUCTURE"
29522,25,"Equipment / Furnishings","2530","AALA202412242957","oven",1,"BUFFET/GALLEYS"
29512,33,"Lights","3350","AALA202410144884","other",1,"EMERGENCY LIGHTING"
33338,33,"Lights","3350","AALA202505053074","pack",1,"EMERGENCY LIGHTING"
29555,52,"Doors","5250","AALA202401112882","latch",0,"FIXED INNER DOORS"
29519,53,"Fuselage","5340","AALA202401081959","other",0,"FUSELAGE MAIN, ATTACH FITTINGS"
29531,53,"Fuselage","5310","AALA202402061579","other",0,"FUSELAGE MAIN, STRUCTURE"
31099,52,"Doors","5250","AALA202401109178","door",0,"FIXED INNER DOORS"
31141,25,"Equipment / Furnishings","2560","AALA202401108409","door",1,"EMERGENCY EQUIPMENT"
40767,52,"Doors","5250","AALA202401105114","door",0,"FIXED INNER DOORS"
30081,53,"Fuselage","5340","AALA202402075169","door",0,"FUSELAGE MAIN, ATTACH FITTINGS"
31067,52,"Doors","5250","AALA202401247875","CND",0,"FIXED INNER DOORS"
33210,33,"Lights","3350","AALA202401119860","other",1,"EMERGENCY LIGHTING"
29548,53,"Fuselage","5340","AALA202401123986","other",0,"FUSELAGE MAIN, ATTACH FITTINGS"
29531,53,"Fuselage","5320","AALA202401193265","panel",0,"FUSELAGE MISCELLANEOUS STRUCTURE"
29531,53,"Fuselage","5320","AALA202401197626","door",0,"FUSELAGE MISCELLANEOUS STRUCTURE"
29505,49,"Airborne Auxiliary Power","4910","AALA202512039768","duct",0,"APU COWLING/CONTAINMENT"
31200,27,"Flight Controls","2750","AALA202401220252","CND",3,"TE FLAP CONTROL SYSTEM"
44475,52,"Doors","5250","AALA202401225387","latch",0,"FIXED INNER DOORS"
29521,53,"Fuselage","5320","AALA202401242734","panel",0,"FUSELAGE MISCELLANEOUS STRUCTURE"
31269,33,"Lights","3350","AALA202401269430","CND",1,"EMERGENCY LIGHTING"
68115,33,"Lights","3350","AALA202401291683","other",1,"EMERGENCY LIGHTING"
30081,53,"Fuselage","5310","AALA202402235887","door",0,"FUSELAGE MAIN, STRUCTURE"
44450,52,"Doors","5250","AALA202401302532","CND",0,"FIXED INNER DOORS"
29535,25,"Equipment / Furnishings","2560","AALA202401038523","door",1,"EMERGENCY EQUIPMENT"
29521,53,"Fuselage","5320","AALA202402025808","panel",0,"FUSELAGE MISCELLANEOUS STRUCTURE"
33211,52,"Doors","5250","AALA202401045989","hinge",0,"FIXED INNER DOORS"
29519,53,"Fuselage","5340","AALA202401089162","other",0,"FUSELAGE MAIN, ATTACH FITTINGS"
33521,25,"Equipment / Furnishings","2560","AALA202401087039","other",1,"EMERGENCY EQUIPMENT"
29555,52,"Doors","5250","AALA202401081748","door",0,"FIXED INNER DOORS"
31270,27,"Flight Controls","2730","AALA202401104696","module",3,"ELEVATOR CONTROL SYSTEM"
29548,53,"Fuselage","5340","AALA202401120566","other",0,"FUSELAGE MAIN, ATTACH FITTINGS"
40581,53,"Fuselage","5340","AALA202401160887","hinge",0,"FUSELAGE MAIN, ATTACH FITTINGS"
29533,53,"Fuselage","5320","AALA202401177276","other",0,"FUSELAGE MISCELLANEOUS STRUCTURE"
29533,53,"Fuselage","5320","AALA202401177424","other",0,"FUSELAGE MISCELLANEOUS STRUCTURE"
29531,53,"Fuselage","5320","AALA202401191403","panel",0,"FUSELAGE MISCELLANEOUS STRUCTURE"
68113,25,"Equipment / Furnishings","2560","AALA202507215079","door",1,"EMERGENCY EQUIPMENT"
29533,53,"Fuselage","5320","AALA202401311190","other",0,"FUSELAGE MISCELLANEOUS STRUCTURE"
31280,33,"Lights","3350","AALA202401122042","other",1,"EMERGENCY LIGHTING"
40583,33,"Lights","3350","AALA202401123434","battery",1,"EMERGENCY LIGHTING"
30098,53,"Fuselage","5320","AALA202508285422","other",0,"FUSELAGE MISCELLANEOUS STRUCTURE"
30098,53,"Fuselage","5320","AALA202508056032","other",0,"FUSELAGE MISCELLANEOUS STRUCTURE"
33489,53,"Fuselage","5320","AALA202508012053","other",0,"FUSELAGE MISCELLANEOUS STRUCTURE"
29556,52,"Doors","5210","AALA202507143939","door",0,"PASSENGER/CREW DOORS"
30081,25,"Equipment / Furnishings","2560","AALA202505055582","other",1,"EMERGENCY EQUIPMENT"
33489,53,"Fuselage","5310","AALA202508075543","door",0,"FUSELAGE MAIN, STRUCTURE"
31203,52,"Doors","5250","AALA202508053824","door",0,"FIXED INNER DOORS"
33203,25,"Equipment / Furnishings","2560","AALA202507217156","door",1,"EMERGENCY EQUIPMENT"
30097,53,"Fuselage","5320","AALA202507288095","other",0,"FUSELAGE MISCELLANEOUS STRUCTURE"
30828,33,"Lights","3350","AALA202507289547","other",1,"EMERGENCY LIGHTING"
33208,29,"Hydraulic Power","2910","AALA202507297184","CND",3,"HYDRAULIC SYSTEM, MAIN"
33323,28,"Fuel","2840","AALA202507211400","CND",1,"ACFT FUEL INDICATING SYSTEM"
30908,25,"Equipment / Furnishings","2560","AALA202507021406","door",1,"EMERGENCY EQUIPMENT"
30096,52,"Doors","5220","AALA202507220130","door",0,"EMERGENCY EXITS"
29545,26,"Fire Protection","2610","AALA202507317070","control unit",3,"DETECTION SYSTEM"
29576,25,"Equipment / Furnishings","2560","AALA202507255446","door",1,"EMERGENCY EQUIPMENT"
31173,53,"Fuselage","5310","AALA202507118452","panel",0,"FUSELAGE MAIN, STRUCTURE"
40581,33,"Lights","3350","AALA202507138414","pack",1,"EMERGENCY LIGHTING"
44467,32,"Landing Gear","3240","AALA202507144784","engine",3,"LANDING GEAR BRAKE SYSTEM"
44467,32,"Landing Gear","3240","AALA202507145778","engine",3,"LANDING GEAR BRAKE SYSTEM"
31155,53,"Fuselage","5320","AALA202410144349","door",0,"FUSELAGE MISCELLANEOUS STRUCTURE"
30098,53,"Fuselage","5310","AALA202508255277","other",0,"FUSELAGE MAIN, STRUCTURE"
33488,25,"Equipment / Furnishings","2560","AALA202507246122","other",1,"EMERGENCY EQUIPMENT"
33213,25,"Equipment / Furnishings","2560","AALA202507293746","door",1,"EMERGENCY EQUIPMENT"
29510,52,"Doors","5250","AALA202507315807","door",0,"FIXED INNER DOORS"
44448,33,"Lights","3350","AALA202507310461","other",1,"EMERGENCY LIGHTING"
33231,53,"Fuselage","5320","AALA202508257226","panel",0,"FUSELAGE MISCELLANEOUS STRUCTURE"
33208,29,"Hydraulic Power","2910","AALA202507317184","engine",3,"HYDRAULIC SYSTEM, MAIN"
33488,53,"Fuselage","5320","AALA202507085591","other",0,"FUSELAGE MISCELLANEOUS STRUCTURE"
30905,26,"Fire Protection","2610","AALA202507085326","panel",3,"DETECTION SYSTEM"
30095,53,"Fuselage","5340","AALA202508018925","other",0,"FUSELAGE MAIN, ATTACH FITTINGS"
30097,53,"Fuselage","5310","AALA202508051232","door",0,"FUSELAGE MAIN, STRUCTURE"
29547,53,"Fuselage","5320","AALA202508055133","other",0,"FUSELAGE MISCELLANEOUS STRUCTURE"
29526,32,"Landing Gear","3260","AALA202512023345","module",2,"LANDING GEAR POSITION AND WARNING"
44459,72,"Engine","7260","AALA202505051851","CND",3,"TURBINE ENGINE ACCESSORY DRIVE"
29547,53,"Fuselage","5320","AALA202508113057","panel",0,"FUSELAGE MISCELLANEOUS STRUCTURE"
29548,53,"Fuselage","5340","AALA202508117456","door",0,"FUSELAGE MAIN, ATTACH FITTINGS"
33489,53,"Fuselage","5310","AALA202508130723","other",0,"FUSELAGE MAIN, STRUCTURE"
30095,53,"Fuselage","5320","AALA202508202397","other",0,"FUSELAGE MISCELLANEOUS STRUCTURE"
29547,52,"Doors","5220","AALA202508219562","latch",0,"EMERGENCY EXITS"
33230,52,"Doors","5250","AALA202503200005","door",0,"FIXED INNER DOORS"
31208,33,"Lights","3350","AALA202507213808","door",1,"EMERGENCY LIGHTING"
30095,55,"Stabilizers","5510","AALA202508291014","other",0,"HORIZONTAL STABILIZER STRUCTURE"
30095,53,"Fuselage","5320","AALA202508185132","other",0,"FUSELAGE MISCELLANEOUS STRUCTURE"
29513,33,"Lights","3350","AALA202507281980","other",1,"EMERGENCY LIGHTING"
33213,25,"Equipment / Furnishings","2560","AALA202507283360","door",1,"EMERGENCY EQUIPMENT"
30097,53,"Fuselage","5310","AALA202507297101","door",0,"FUSELAGE MAIN, STRUCTURE"
33234,57,"Wings","5750","AALA202512034946","other",0,"WING, CONTROL SURFACES"
30096,33,"Lights","3350","AALA202507225647","other",1,"EMERGENCY LIGHTING"
33489,25,"Equipment / Furnishings","2560","AALA202507316645","control rod",1,"EMERGENCY EQUIPMENT"
33323,28,"Fuel","2840","AALA202507311400","compensator",1,"ACFT FUEL INDICATING SYSTEM"
68103,25,"Equipment / Furnishings","2560","AALA202507319089","pack",1,"EMERGENCY EQUIPMENT"
33489,53,"Fuselage","5320","AALA202508012221","other",0,"FUSELAGE MISCELLANEOUS STRUCTURE"
30098,53,"Fuselage","5310","AALA202508183386","other",0,"FUSELAGE MAIN, STRUCTURE"
29547,32,"Landing Gear","3230","AALA202507102175","module",3,"LANDING GEAR RETRACT/EXTEND SYSTEM"
30095,53,"Fuselage","5320","AALA202508058819","other",0,"FUSELAGE MISCELLANEOUS STRUCTURE"
31173,53,"Fuselage","5320","AALA202507117607","other",0,"FUSELAGE MISCELLANEOUS STRUCTURE"
31173,53,"Fuselage","5320","AALA202507119489","other",0,"FUSELAGE MISCELLANEOUS STRUCTURE"
44490,21,"Air Conditioning","2120","AALA202507152645","CND",2,"AIR DISTRIBUTION SYSTEM"
31218,33,"Lights","3350","AALA202507215944","other",1,"EMERGENCY LIGHTING"
30098,53,"Fuselage","5310","AALA202507241913","door",0,"FUSELAGE MAIN, STRUCTURE"
30098,53,"Fuselage","5310","AALA202508255980","other",0,"FUSELAGE MAIN, STRUCTURE"
29577,33,"Lights","3350","AALA202507282601","other",1,"EMERGENCY LIGHTING"
29547,53,"Fuselage","5310","AALA202507288965","other",0,"FUSELAGE MAIN, STRUCTURE"
30097,53,"Fuselage","5320","AALA202507287876","door",0,"FUSELAGE MISCELLANEOUS STRUCTURE"
30095,57,"Wings","5710","AALA202507226678","duct",0,"WING, MAIN FRAME STRUCTURE"
33208,29,"Hydraulic Power","2910","AALA202507316684","engine",3,"HYDRAULIC SYSTEM, MAIN"
33208,29,"Hydraulic Power","2910","AALA202507313384","engine",3,"HYDRAULIC SYSTEM, MAIN"
29545,26,"Fire Protection","2610","AALA202507316019","control unit",3,"DETECTION SYSTEM"
31241,25,"Equipment / Furnishings","2560","AALA202507311321","battery",1,"EMERGENCY EQUIPMENT"
67990,52,"Doors","5250","AALA202507087563","latch",0,"FIXED INNER DOORS"
29545,33,"Lights","3350","AALA202507085505","door",1,"EMERGENCY LIGHTING"
29556,53,"Fuselage","5310","AALA202507085307","other",0,"FUSELAGE MAIN, STRUCTURE"
29547,52,"Doors","5220","AALA202508058803","latch",0,"EMERGENCY EXITS"
31176,49,"Airborne Auxiliary Power","4990","AALA202507139555","apu component",0,"APU OIL SYSTEM"
40581,25,"Equipment / Furnishings","2560","AALA202507134816","other",1,"EMERGENCY EQUIPMENT"
29519,27,"Flight Controls","2750","AALA202507146294","CND",3,"TE FLAP CONTROL SYSTEM"
29508,52,"Doors","5250","AALA202507148423","hinge",0,"FIXED INNER DOORS"
30097,52,"Doors","5220","AALA202508080725","door",0,"EMERGENCY EXITS"
44448,52,"Doors","5250","AALA202507169729","door",0,"FIXED INNER DOORS"
29542,53,"Fuselage","5310","AALA202412305847","other",0,"FUSELAGE MAIN, STRUCTURE"
44483,25,"Equipment / Furnishings","2520","AALA202507169435","other",3,"PASSENGER COMPARTMENT EQUIPMENT"
30828,33,"Lights","3350","AALA202507161602","other",1,"EMERGENCY LIGHTING"
29547,53,"Fuselage","5320","AALA202508118239","panel",0,"FUSELAGE MISCELLANEOUS STRUCTURE"
30097,55,"Stabilizers","5510","AALA202508116414","other",0,"HORIZONTAL STABILIZER STRUCTURE"
33214,53,"Fuselage","5310","AALA202508119850","door",0,"FUSELAGE MAIN, STRUCTURE"
31149,72,"Engine","7260","AALA202507176580","engine",3,"TURBINE ENGINE ACCESSORY DRIVE"
30094,25,"Equipment / Furnishings","2560","AALA202507175806","door",1,"EMERGENCY EQUIPMENT"
29571,28,"Fuel","2800","AALA202507250856","pump",1,"AIRCRAFT FUEL SYSTEM"
31173,53,"Fuselage","5320","AALA202507213532","other",0,"FUSELAGE MISCELLANEOUS STRUCTURE"
31257,52,"Doors","5250","AALA202507210217","latch",0,"FIXED INNER DOORS"
29567,25,"Equipment / Furnishings","2530","AALA202502171457","oven",1,"BUFFET/GALLEYS"
30097,53,"Fuselage","5320","AALA202507298154","other",0,"FUSELAGE MISCELLANEOUS STRUCTURE"
30098,25,"Equipment / Furnishings","2560","AALA202507221082","other",1,"EMERGENCY EQUIPMENT"
30097,53,"Fuselage","5320","AALA202507246340","other",0,"FUSELAGE MISCELLANEOUS STRUCTURE"
44448,33,"Lights","3350","AALA202507317751","other",1,"EMERGENCY LIGHTING"
29537,52,"Doors","5250","AALA202507085254","door",0,"FIXED INNER DOORS"
33256,73,"Engine - Fuel And Control","7320","AALA202507085676","CND",0,"FUEL CONTROLLING SYSTEM"
31127,25,"Equipment / Furnishings","2560","AALA202507088431","CND",1,"EMERGENCY EQUIPMENT"
30095,53,"Fuselage","5310","AALA202508221722","door",0,"FUSELAGE MAIN, STRUCTURE"
44476,21,"Air Conditioning","2120","AALA202507090171","CND",3,"AIR DISTRIBUTION SYSTEM"
30098,53,"Fuselage","5320","AALA202508064176","panel",0,"FUSELAGE MISCELLANEOUS STRUCTURE"
33518,53,"Fuselage","5310","AALA202507104635","other",0,"FUSELAGE MAIN, STRUCTURE"
30095,53,"Fuselage","5320","AALA202508058956","other",0,"FUSELAGE MISCELLANEOUS STRUCTURE"
30090,28,"Fuel","2820","AALA202507134572","pump",3,"ACFT FUEL DISTRIB. SYSTEM"
29549,32,"Landing Gear","3240","AALA202507159930","brake",3,"LANDING GEAR BRAKE SYSTEM"
29505,55,"Stabilizers","5510","AALA202512037805","control rod",0,"HORIZONTAL STABILIZER STRUCTURE"
29547,53,"Fuselage","5320","AALA202508223121","panel",0,"FUSELAGE MISCELLANEOUS STRUCTURE"
33256,73,"Engine - Fuel And Control","7320","AALA202507175676","switch",0,"FUEL CONTROLLING SYSTEM"
29569,38,"Water / Waste","3810","AALA202507184661","door",3,"POTABLE WATER SYSTEM"
29569,32,"Landing Gear","3210","AALA202507183822","other",3,"MAIN LANDING GEAR"
29548,53,"Fuselage","5310","AALA202508189668","door",0,"FUSELAGE MAIN, STRUCTURE"
44475,33,"Lights","3350","AALA202507221027","other",1,"EMERGENCY LIGHTING"
30097,53,"Fuselage","5320","AALA202508282320","other",0,"FUSELAGE MISCELLANEOUS STRUCTURE"
30828,32,"Landing Gear","3210","AALA202508018581","valve",3,"MAIN LANDING GEAR"
33231,53,"Fuselage","5320","AALA202508059556","panel",0,"FUSELAGE MISCELLANEOUS STRUCTURE"
31253,53,"Fuselage","5340","AALA202507147961","other",0,"FUSELAGE MAIN, ATTACH FITTINGS"
31173,53,"Fuselage","5320","AALA202507147481","other",0,"FUSELAGE MISCELLANEOUS STRUCTURE"
31245,52,"Doors","5250","AALA202507169103","hinge",0,"FIXED INNER DOORS"
30098,53,"Fuselage","5320","AALA202508075104","other",0,"FUSELAGE MISCELLANEOUS STRUCTURE"
29548,57,"Wings","5710","AALA202508121600","wheel",0,"WING, MAIN FRAME STRUCTURE"
30095,53,"Fuselage","5310","AALA202508227569","door",0,"FUSELAGE MAIN, STRUCTURE"
30089,52,"Doors","5250","AALA202507180675","door",0,"FIXED INNER DOORS"
30096,53,"Fuselage","5330","AALA202507217411","door",0,"FUSELAGE MAIN, PLATE/SKIN"
29535,52,"Doors","5250","AALA202507293013","door",3,"FIXED INNER DOORS"
30095,53,"Fuselage","5320","AALA202512015435","other",0,"FUSELAGE MISCELLANEOUS STRUCTURE"
68104,33,"Lights","3350","AALA202507228768","other",1,"EMERGENCY LIGHTING"
30828,32,"Landing Gear","3230","AALA202508011236","valve",3,"LANDING GEAR RETRACT/EXTEND SYSTEM"
29521,21,"Air Conditioning","2150","AALA202507081324","valve",3,"CABIN COOLING SYSTEM"
33520,25,"Equipment / Furnishings","2560","AALA202507091583","battery",1,"EMERGENCY EQUIPMENT"
29534,52,"Doors","5250","AALA202507095361","door",0,"FIXED INNER DOORS"
31173,53,"Fuselage","5320","AALA202507117738","other",0,"FUSELAGE MISCELLANEOUS STRUCTURE"
30907,53,"Fuselage","5340","AALA202508048108","other",0,"FUSELAGE MAIN, ATTACH FITTINGS"
30097,55,"Stabilizers","5510","AALA202508118052","other",0,"HORIZONTAL STABILIZER STRUCTURE"
29547,53,"Fuselage","5320","AALA202508110793","other",0,"FUSELAGE MISCELLANEOUS STRUCTURE"
29520,52,"Doors","5250","AALA202507177323","hinge",0,"FIXED INNER DOORS"
29534,32,"Landing Gear","3230","AALA202507170509","CND",3,"LANDING GEAR RETRACT/EXTEND SYSTEM"
30097,53,"Fuselage","5310","AALA202508289044","other",0,"FUSELAGE MAIN, STRUCTURE"
31143,33,"Lights","3350","AALA202507289418","other",1,"EMERGENCY LIGHTING"
33243,52,"Doors","5250","AALA202507280214","latch",0,"FIXED INNER DOORS"
29561,21,"Air Conditioning","2120","AALA202507295761","fan",3,"AIR DISTRIBUTION SYSTEM"
33328,52,"Doors","5250","AALA202507291271","latch",0,"FIXED INNER DOORS"
44448,33,"Lights","3350","AALA202507312097","other",1,"EMERGENCY LIGHTING"
33208,29,"Hydraulic Power","2910","AALA202507315656","engine",3,"HYDRAULIC SYSTEM, MAIN"
29510,32,"Landing Gear","3260","AALA202507311364","sensor",3,"LANDING GEAR POSITION AND WARNING"
29521,52,"Doors","5250","AALA202507086448","door",0,"FIXED INNER DOORS"
29521,52,"Doors","5250","AALA202507089411","door",0,"FIXED INNER DOORS"
30095,53,"Fuselage","5310","AALA202508010125","other",0,"FUSELAGE MAIN, STRUCTURE"
29548,52,"Doors","5220","AALA202508053041","door",0,"EMERGENCY EXITS"
31250,53,"Fuselage","5320","AALA202508018970","other",0,"FUSELAGE MISCELLANEOUS STRUCTURE"
30095,53,"Fuselage","5310","AALA202507296651","other",0,"FUSELAGE MAIN, STRUCTURE"
31250,55,"Stabilizers","5520","AALA202508053631","other",0,"ELEVATOR STRUCTURE"
30078,21,"Air Conditioning","2150","AALA202507141347","CND",3,"CABIN COOLING SYSTEM"
30091,55,"Stabilizers","5510","AALA202502247031","other",0,"HORIZONTAL STABILIZER STRUCTURE"
30095,53,"Fuselage","5310","AALA202508115221","door",0,"FUSELAGE MAIN, STRUCTURE"
30078,21,"Air Conditioning","2120","AALA202507176778","duct",3,"AIR DISTRIBUTION SYSTEM"
31189,33,"Lights","3350","AALA202507107803","door",1,"EMERGENCY LIGHTING"
30095,53,"Fuselage","5310","AALA202509098001","other",0,"FUSELAGE MAIN, STRUCTURE"
33488,33,"Lights","3350","AALA202507225513","panel",1,"EMERGENCY LIGHTING"
30098,53,"Fuselage","5310","AALA202508257160","other",0,"FUSELAGE MAIN, STRUCTURE"
31089,33,"Lights","3350","AALA202507285950","other",1,"EMERGENCY LIGHTING"
30098,53,"Fuselage","5320","AALA202508069837","other",0,"FUSELAGE MISCELLANEOUS STRUCTURE"
29523,33,"Lights","3350","AALA202507026786","other",1,"EMERGENCY LIGHTING"
29545,26,"Fire Protection","2610","AALA202507312870","control unit",3,"DETECTION SYSTEM"
29545,26,"Fire Protection","2610","AALA202507314614","control unit",3,"DETECTION SYSTEM"
33239,24,"Electrical Power","2450","AALA202507256183","other",2,"AC POWER DISTRIBUTION SYSTEM"
29506,52,"Doors","5250","AALA202507311094","latch",0,"FIXED INNER DOORS"
44476,25,"Equipment / Furnishings","2560","AALA202507310404","pack",1,"EMERGENCY EQUIPMENT"
44505,52,"Doors","5250","AALA202507311032","panel",0,"FIXED INNER DOORS"
33489,25,"Equipment / Furnishings","2560","AALA202507311253","latch",1,"EMERGENCY EQUIPMENT"
31071,25,"Equipment / Furnishings","2560","AALA202507086910","other",1,"EMERGENCY EQUIPMENT"
33489,53,"Fuselage","5320","AALA202508014716","other",0,"FUSELAGE MISCELLANEOUS STRUCTURE"
68106,25,"Equipment / Furnishings","2560","AALA202507083229","other",1,"EMERGENCY EQUIPMENT"
33231,53,"Fuselage","5320","AALA202508018365","other",0,"FUSELAGE MISCELLANEOUS STRUCTURE"
40582,53,"Fuselage","5320","AALA202508059173","control rod",0,"FUSELAGE MISCELLANEOUS STRUCTURE"
30097,53,"Fuselage","5320","AALA202508119603","panel",0,"FUSELAGE MISCELLANEOUS STRUCTURE"
31250,55,"Stabilizers","5520","AALA202508050862","other",0,"ELEVATOR STRUCTURE"
33231,53,"Fuselage","5320","AALA202508064329","panel",0,"FUSELAGE MISCELLANEOUS STRUCTURE"
30090,28,"Fuel","2820","AALA202507136245","pump",3,"ACFT FUEL DISTRIB. SYSTEM"
40581,25,"Equipment / Furnishings","2560","AALA202507133586","other",1,"EMERGENCY EQUIPMENT"
31103,25,"Equipment / Furnishings","2560","AALA202507168062","door",1,"EMERGENCY EQUIPMENT"
30907,53,"Fuselage","5310","AALA202508049333","other",0,"FUSELAGE MAIN, STRUCTURE"
33489,57,"Wings","5740","AALA202508079012","other",0,"WING, ATTACH FITTINGS"
33489,53,"Fuselage","5320","AALA202508133188","other",0,"FUSELAGE MISCELLANEOUS STRUCTURE"
30098,33,"Lights","3350","AALA202507229494","other",1,"EMERGENCY LIGHTING"
31173,53,"Fuselage","5320","AALA202507216450","other",0,"FUSELAGE MISCELLANEOUS STRUCTURE"
44488,32,"Landing Gear","3240","AALA202508280585","tire",3,"LANDING GEAR BRAKE SYSTEM"
30097,53,"Fuselage","5320","AALA202507285387","other",0,"FUSELAGE MISCELLANEOUS STRUCTURE"
31139,38,"Water / Waste","3810","AALA202507216991","CND",1,"POTABLE WATER SYSTEM"
44505,25,"Equipment / Furnishings","2560","AALA202507026496","door",3,"EMERGENCY EQUIPMENT"
31241,52,"Doors","5250","AALA202507023269","CND",0,"FIXED INNER DOORS"
31129,25,"Equipment / Furnishings","2560","AALA202507089465","door",1,"EMERGENCY EQUIPMENT"
30906,52,"Doors","5250","AALA202507090379","panel",0,"FIXED INNER DOORS"
31171,33,"Lights","3350","AALA202507177880","relay",1,"EMERGENCY LIGHTING"
33220,52,"Doors","5250","AALA202507216476","door",0,"FIXED INNER DOORS"
30098,53,"Fuselage","5320","AALA202508283815","panel",0,"FUSELAGE MISCELLANEOUS STRUCTURE"
44485,34,"Navigation","3440","AALA202507246550","computer",3,"INDEPENDENT POS. DETERMINING SYSTEM"
31197,28,"Fuel","2820","AALA202507240024","CND",1,"ACFT FUEL DISTRIB. SYSTEM"
30912,52,"Doors","5250","AALA202507241211","door",0,"FIXED INNER DOORS"
30095,53,"Fuselage","5320","AALA202508296151","other",0,"FUSELAGE MISCELLANEOUS STRUCTURE"
30097,53,"Fuselage","5320","AALA202507298868","other",0,"FUSELAGE MISCELLANEOUS STRUCTURE"
29574,25,"Equipment / Furnishings","2560","AALA202412289791","pack",1,"EMERGENCY EQUIPMENT"
33208,29,"Hydraulic Power","2910","AALA202507310712","engine",3,"HYDRAULIC SYSTEM, MAIN"
31272,33,"Lights","3350","AALA202507316100","battery",1,"EMERGENCY LIGHTING"
30097,53,"Fuselage","5320","AALA202507247597","other",0,"FUSELAGE MISCELLANEOUS STRUCTURE"
68114,25,"Equipment / Furnishings","2560","AALA202507313519","door",1,"EMERGENCY EQUIPMENT"
30908,52,"Doors","5250","AALA202507086682","door",0,"FIXED INNER DOORS"
31173,53,"Fuselage","5320","AALA202507118432","other",0,"FUSELAGE MISCELLANEOUS STRUCTURE"
30098,52,"Doors","5210","AALA202508070309","door",0,"PASSENGER/CREW DOORS"
31127,25,"Equipment / Furnishings","2560","AALA202507148431","door",1,"EMERGENCY EQUIPMENT"
33248,33,"Lights","3350","AALA202507163168","other",1,"EMERGENCY LIGHTING"
30098,53,"Fuselage","5320","AALA202508081788","door",0,"FUSELAGE MISCELLANEOUS STRUCTURE"
29547,53,"Fuselage","5320","AALA202508114166","panel",0,"FUSELAGE MISCELLANEOUS STRUCTURE"
29547,53,"Fuselage","5310","AALA202508117518","other",0,"FUSELAGE MAIN, STRUCTURE"
67990,21,"Air Conditioning","2120","AALA202507177401","CND",3,"AIR DISTRIBUTION SYSTEM"
29535,52,"Doors","5250","AALA202507184746","latch",0,"FIXED INNER DOORS"
30097,53,"Fuselage","5320","AALA202508270326","other",0,"FUSELAGE MISCELLANEOUS STRUCTURE"
33231,53,"Fuselage","5320","AALA202508180125","other",0,"FUSELAGE MISCELLANEOUS STRUCTURE"
30095,53,"Fuselage","5310","AALA202508291975","latch",0,"FUSELAGE MAIN, STRUCTURE"
33349,52,"Doors","5250","AALA202507318470","latch",0,"FIXED INNER DOORS"
30905,26,"Fire Protection","2620","AALA202507081564","panel",3,"EXTINGUISHING SYSTEM"
29556,53,"Fuselage","5320","AALA202507142738","other",0,"FUSELAGE MISCELLANEOUS STRUCTURE"
30097,55,"Stabilizers","5510","AALA202508116233","other",0,"HORIZONTAL STABILIZER STRUCTURE"
30098,53,"Fuselage","5320","AALA202508206562","other",0,"FUSELAGE MISCELLANEOUS STRUCTURE"
30098,53,"Fuselage","5320","AALA202508188527","other",0,"FUSELAGE MISCELLANEOUS STRUCTURE"
31245,27,"Flight Controls","2750","AALA202507171395","CND",3,"TE FLAP CONTROL SYSTEM"
33231,52,"Doors","5250","AALA202508258910","door",0,"FIXED INNER DOORS"
33488,25,"Equipment / Furnishings","2560","AALA202507220832","door",1,"EMERGENCY EQUIPMENT"
33486,25,"Equipment / Furnishings","2560","AALA202507241612","door",1,"EMERGENCY EQUIPMENT"
30098,53,"Fuselage","5320","AALA202508255964","other",0,"FUSELAGE MISCELLANEOUS STRUCTURE"
33489,53,"Fuselage","5310","AALA202508251126","door",0,"FUSELAGE MAIN, STRUCTURE"
33231,53,"Fuselage","5320","AALA202508187292","other",0,"FUSELAGE MISCELLANEOUS STRUCTURE"
30095,53,"Fuselage","5310","AALA202508183570","other",0,"FUSELAGE MAIN, STRUCTURE"
31081,32,"Landing Gear","3240","AALA202507219724","wheel",3,"LANDING GEAR BRAKE SYSTEM"
29561,21,"Air Conditioning","2120","AALA202507293610","fan",3,"AIR DISTRIBUTION SYSTEM"
33228,27,"Flight Controls","2750","AALA202507229212","sensor",3,"TE FLAP CONTROL SYSTEM"
29545,26,"Fire Protection","2620","AALA202507315282","control unit",3,"EXTINGUISHING SYSTEM"
29519,28,"Fuel","2840","AALA202507257237","switch",1,"ACFT FUEL INDICATING SYSTEM"
33328,52,"Doors","5250","AALA202507251307","door",0,"FIXED INNER DOORS"
33208,29,"Hydraulic Power","2910","AALA202507313572","engine",3,"HYDRAULIC SYSTEM, MAIN"
30908,33,"Lights","3350","AALA202507312689","other",1,"EMERGENCY LIGHTING"
33488,53,"Fuselage","5320","AALA202507105876","other",0,"FUSELAGE MISCELLANEOUS STRUCTURE"
30088,57,"Wings","5710","AALA202412300071","other",0,"WING, MAIN FRAME STRUCTURE"
33348,25,"Equipment / Furnishings","2560","AALA202507163141","brake",1,"EMERGENCY EQUIPMENT"
29547,53,"Fuselage","5320","AALA202508115881","panel",0,"FUSELAGE MISCELLANEOUS STRUCTURE"
33214,53,"Fuselage","5310","AALA202508110058","door",0,"FUSELAGE MAIN, STRUCTURE"
29543,33,"Lights","3350","AALA202507217366","panel",1,"EMERGENCY LIGHTING"
30095,53,"Fuselage","5310","AALA202510033570","other",0,"FUSELAGE MAIN, STRUCTURE"
33231,53,"Fuselage","5320","AALA202508257728","panel",0,"FUSELAGE MISCELLANEOUS STRUCTURE"
30918,33,"Lights","3350","AALA202507215580","other",1,"EMERGENCY LIGHTING"
40580,25,"Equipment / Furnishings","2560","AALA202507287071","other",1,"EMERGENCY EQUIPMENT"
29530,28,"Fuel","2820","AALA202507297757","relay",3,"ACFT FUEL DISTRIB. SYSTEM"
29529,33,"Lights","3350","AALA202507293450","other",1,"EMERGENCY LIGHTING"
33219,21,"Air Conditioning","2120","AALA202507024304","CND",3,"AIR DISTRIBUTION SYSTEM"
33488,33,"Lights","3350","AALA202507221334","other",1,"EMERGENCY LIGHTING"
31139,38,"Water / Waste","3810","AALA202507316991","other",1,"POTABLE WATER SYSTEM"
30916,33,"Lights","3350","AALA202507178073","other",1,"EMERGENCY LIGHTING"
29547,52,"Doors","5220","AALA202508216383","latch",0,"EMERGENCY EXITS"
29545,26,"Fire Protection","2610","AALA202507316361","control unit",3,"DETECTION SYSTEM"
33348,52,"Doors","5250","AALA202507315031","door",0,"FIXED INNER DOORS"
44448,33,"Lights","3350","AALA202507089538","pack",1,"EMERGENCY LIGHTING"
30096,52,"Doors","5220","AALA202507082320","door",0,"EMERGENCY EXITS"
31250,53,"Fuselage","5320","AALA202508017022","other",0,"FUSELAGE MISCELLANEOUS STRUCTURE"
33213,25,"Equipment / Furnishings","2560","AALA202507130793","pack",1,"EMERGENCY EQUIPMENT"
29548,53,"Fuselage","5340","AALA202508118430","door",0,"FUSELAGE MAIN, ATTACH FITTINGS"
29555,72,"Engine","7200","AALA202507179372","engine",3,"ENGINE (TURBINE/TURBOPROP)"
30098,53,"Fuselage","5320","AALA202508280838","panel",0,"FUSELAGE MISCELLANEOUS STRUCTURE"
30098,53,"Fuselage","5320","AALA202508253191","other",0,"FUSELAGE MISCELLANEOUS STRUCTURE"
33489,53,"Fuselage","5320","AALA202508019016","other",0,"FUSELAGE MISCELLANEOUS STRUCTURE"
30912,25,"Equipment / Furnishings","2560","AALA202507083092","other",1,"EMERGENCY EQUIPMENT"
29576,25,"Equipment / Furnishings","2560","AALA202507185446","CND",1,"EMERGENCY EQUIPMENT"
33210,28,"Fuel","2820","AALA202507317694","CND",1,"ACFT FUEL DISTRIB. SYSTEM"
30095,53,"Fuselage","5320","AALA202507284677","panel",0,"FUSELAGE MISCELLANEOUS STRUCTURE"
44459,52,"Doors","5250","AALA202507287526","hinge",0,"FIXED INNER DOORS"
29538,32,"Landing Gear","3230","AALA202502190806","switch",3,"LANDING GEAR RETRACT/EXTEND SYSTEM"
31205,29,"Hydraulic Power","2930","AALA202507296919","switch",3,"HYDRAULIC INDICATING SYSTEM"
33489,53,"Fuselage","5310","AALA202508013327","other",0,"FUSELAGE MAIN, STRUCTURE"
29575,25,"Equipment / Furnishings","2560","AALA202507094845","door",1,"EMERGENCY EQUIPMENT"
33231,53,"Fuselage","5320","AALA202508051656","panel",0,"FUSELAGE MISCELLANEOUS STRUCTURE"
33489,53,"Fuselage","5310","AALA202508057585","other",0,"FUSELAGE MAIN, STRUCTURE"
29564,52,"Doors","5250","AALA202507130066","door",0,"FIXED INNER DOORS"
29555,72,"Engine","7200","AALA202507149372","CND",3,"ENGINE (TURBINE/TURBOPROP)"
44483,24,"Electrical Power","2450","AALA202507162016","other",2,"AC POWER DISTRIBUTION SYSTEM"
33489,53,"Fuselage","5310","AALA202508074405","door",0,"FUSELAGE MAIN, STRUCTURE"
29520,33,"Lights","3350","AALA202507163812","other",1,"EMERGENCY LIGHTING"
33487,25,"Equipment / Furnishings","2560","AALA202507165293","door",1,"EMERGENCY EQUIPMENT"
29570,52,"Doors","5250","AALA202508016645","CND",0,"FIXED INNER DOORS"
29571,28,"Fuel","2820","AALA202507180856","CND",1,"ACFT FUEL DISTRIB. SYSTEM"
29534,32,"Landing Gear","3260","AALA202507180509","CND",3,"LANDING GEAR POSITION AND WARNING"
30098,53,"Fuselage","5320","AALA202508280958","other",0,"FUSELAGE MISCELLANEOUS STRUCTURE"
29537,52,"Doors","5250","AALA202507089693","latch",0,"FIXED INNER DOORS"
30904,52,"Doors","5250","AALA202507210905","door",0,"FIXED INNER DOORS"
30097,53,"Fuselage","5320","AALA202507291348","other",0,"FUSELAGE MISCELLANEOUS STRUCTURE"
31173,53,"Fuselage","5320","AALA202507235371","panel",0,"FUSELAGE MISCELLANEOUS STRUCTURE"
29564,33,"Lights","3350","AALA202508012480","battery",1,"EMERGENCY LIGHTING"
44482,34,"Navigation","3440","AALA202505136544","other",3,"INDEPENDENT POS. DETERMINING SYSTEM"
33489,53,"Fuselage","5320","AALA202508056420","other",0,"FUSELAGE MISCELLANEOUS STRUCTURE"
30078,33,"Lights","3350","AALA202507101995","door",1,"EMERGENCY LIGHTING"
30095,53,"Fuselage","5320","AALA202508054584","other",0,"FUSELAGE MISCELLANEOUS STRUCTURE"
31173,53,"Fuselage","5320","AALA202507114914","other",0,"FUSELAGE MISCELLANEOUS STRUCTURE"
33229,33,"Lights","3350","AALA202507162816","door",1,"EMERGENCY LIGHTING"
31245,27,"Flight Controls","2750","AALA202507161395","CND",3,"TE FLAP CONTROL SYSTEM"
30095,53,"Fuselage","5310","AALA202508130349","other",0,"FUSELAGE MAIN, STRUCTURE"
29566,52,"Doors","5250","AALA202507170353","door",0,"FIXED INNER DOORS"
33327,52,"Doors","5250","AALA202507247796","door",0,"FIXED INNER DOORS"
33231,52,"Doors","5250","AALA202507248910","CND",0,"FIXED INNER DOORS"
30098,53,"Fuselage","5310","AALA202508259251","other",0,"FUSELAGE MAIN, STRUCTURE"
44482,52,"Doors","5250","AALA202507244672","door",0,"FIXED INNER DOORS"
40769,52,"Doors","5250","AALA202507247603","latch",0,"FIXED INNER DOORS"
31225,52,"Doors","5250","AALA202507285930","door",0,"FIXED INNER DOORS"
29530,28,"Fuel","2820","AALA202507290887","relay",3,"ACFT FUEL DISTRIB. SYSTEM"
33489,53,"Fuselage","5320","AALA202508015822","other",0,"FUSELAGE MISCELLANEOUS STRUCTURE"
30098,53,"Fuselage","5320","AALA202508181799","other",0,"FUSELAGE MISCELLANEOUS STRUCTURE"
30098,53,"Fuselage","5320","AALA202508183403","other",0,"FUSELAGE MISCELLANEOUS STRUCTURE"
30905,26,"Fire Protection","2610","AALA202507085440","panel",3,"DETECTION SYSTEM"
29548,53,"Fuselage","5310","AALA202508054391","door",0,"FUSELAGE MAIN, STRUCTURE"
31173,53,"Fuselage","5320","AALA202507143506","other",0,"FUSELAGE MISCELLANEOUS STRUCTURE"
30097,55,"Stabilizers","5510","AALA202508118526","other",0,"HORIZONTAL STABILIZER STRUCTURE"
33231,53,"Fuselage","5310","AALA202508135839","other",0,"FUSELAGE MAIN, STRUCTURE"
31161,53,"Fuselage","5320","AALA202412205809","other",0,"FUSELAGE MISCELLANEOUS STRUCTURE"
30078,21,"Air Conditioning","2120","AALA202507171347","duct",3,"AIR DISTRIBUTION SYSTEM"
44490,21,"Air Conditioning","2120","AALA202507172645","CND",2,"AIR DISTRIBUTION SYSTEM"
30095,53,"Fuselage","5310","AALA202508256023","other",0,"FUSELAGE MAIN, STRUCTURE"
30098,53,"Fuselage","5320","AALA202508289605","other",0,"FUSELAGE MISCELLANEOUS STRUCTURE"
31105,33,"Lights","3350","AALA202412262023","window",1,"EMERGENCY LIGHTING"
31257,33,"Lights","3350","AALA202507288577","door",1,"EMERGENCY LIGHTING"
44488,32,"Landing Gear","3240","AALA202507290585","CND",3,"LANDING GEAR BRAKE SYSTEM"
31194,25,"Equipment / Furnishings","2560","AALA202507162263","other",1,"EMERGENCY EQUIPMENT"
29535,28,"Fuel","2810","AALA202507290607","other",3,"FUEL STORAGE"
40582,53,"Fuselage","5310","AALA202508013798","other",0,"FUSELAGE MAIN, STRUCTURE"
30097,53,"Fuselage","5340","AALA202508061514","other",0,"FUSELAGE MAIN, ATTACH FITTINGS"
29570,53,"Fuselage","5340","AALA202508066645","hinge",0,"FUSELAGE MAIN, ATTACH FITTINGS"
33230,33,"Lights","3350","AALA202507162155","other",1,"EMERGENCY LIGHTING"
33489,52,"Doors","5240","AALA202508079271","door",0,"SERVICE DOORS"
33489,53,"Fuselage","5310","AALA202508075931","door",0,"FUSELAGE MAIN, STRUCTURE"
40581,53,"Fuselage","5310","AALA202507106231","other",0,"FUSELAGE MAIN, STRUCTURE"
31233,33,"Lights","3350","AALA202508206814","door",1,"EMERGENCY LIGHTING"
33346,53,"Fuselage","5310","AALA202507177332","bleed air component",3,"FUSELAGE MAIN, STRUCTURE"
29565,25,"Equipment / Furnishings","2560","AALA202507219544","battery",1,"EMERGENCY EQUIPMENT"
29543,33,"Lights","3350","AALA202507211342","door",1,"EMERGENCY LIGHTING"
30097,53,"Fuselage","5320","AALA202508281925","other",0,"FUSELAGE MISCELLANEOUS STRUCTURE"
68055,25,"Equipment / Furnishings","2560","AALA202507287380","battery",1,"EMERGENCY EQUIPMENT"
33224,52,"Doors","5250","AALA202507287108","door",0,"FIXED INNER DOORS"
40581,53,"Fuselage","5330","AALA202507106493","panel",0,"FUSELAGE MAIN, PLATE/SKIN"
30906,52,"Doors","5250","AALA202507298866","hinge",0,"FIXED INNER DOORS"
33487,25,"Equipment / Furnishings","2560","AALA202507028480","door",1,"EMERGENCY EQUIPMENT"
33488,33,"Lights","3350","AALA202507221937","other",1,"EMERGENCY LIGHTING"
44490,25,"Equipment / Furnishings","2530","AALA202507318406","oven",1,"BUFFET/GALLEYS"
44448,33,"Lights","3350","AALA202507312570","other",1,"EMERGENCY LIGHTING"
30907,53,"Fuselage","5330","AALA202507319800","other",0,"FUSELAGE MAIN, PLATE/SKIN"
33208,29,"Hydraulic Power","2910","AALA202507310354","engine",3,"HYDRAULIC SYSTEM, MAIN"
29564,33,"Lights","3350","AALA202508014885","battery",1,"EMERGENCY LIGHTING"
31173,56,"Windows","5630","AALA202507089745","window",0,"DOOR WINDOWS"
31173,56,"Windows","5630","AALA202507089195","window",0,"DOOR WINDOWS"
31225,21,"Air Conditioning","2150","AALA202507088422","acm",3,"CABIN COOLING SYSTEM"
33489,53,"Fuselage","5320","AALA202508017009","panel",0,"FUSELAGE MISCELLANEOUS STRUCTURE"
30916,33,"Lights","3350","AALA202507098073","CND",1,"EMERGENCY LIGHTING"
31173,55,"Stabilizers","5530","AALA202507096600","other",0,"VERTICAL STABILIZER STRUCTURE"
30828,32,"Landing Gear","3230","AALA202508067903","valve",3,"LANDING GEAR RETRACT/EXTEND SYSTEM"
31173,53,"Fuselage","5320","AALA202507116491","other",0,"FUSELAGE MISCELLANEOUS STRUCTURE"
31225,33,"Lights","3350","AALA202410305031","other",1,"EMERGENCY LIGHTING"
31253,53,"Fuselage","5340","AALA202507140181","other",0,"FUSELAGE MAIN, ATTACH FITTINGS"
44467,29,"Hydraulic Power","2910","AALA202507148609","engine",3,"HYDRAULIC SYSTEM, MAIN"
30097,52,"Doors","5220","AALA202508089510","door",0,"EMERGENCY EXITS"
30907,53,"Fuselage","5330","AALA202508042106","other",0,"FUSELAGE MAIN, PLATE/SKIN"
30098,53,"Fuselage","5320","AALA202508128582","other",0,"FUSELAGE MISCELLANEOUS STRUCTURE"
30095,55,"Stabilizers","5510","AALA202508111663","other",0,"HORIZONTAL STABILIZER STRUCTURE"
33231,53,"Fuselage","5310","AALA202508135889","other",0,"FUSELAGE MAIN, STRUCTURE"
67990,21,"Air Conditioning","2120","AALA202507187401","other",3,"AIR DISTRIBUTION SYSTEM"
30097,53,"Fuselage","5320","AALA202508282408","other",0,"FUSELAGE MISCELLANEOUS STRUCTURE"
30098,53,"Fuselage","5320","AALA202508189695","other",0,"FUSELAGE MISCELLANEOUS STRUCTURE"
31173,53,"Fuselage","5320","AALA202507210254","door",0,"FUSELAGE MISCELLANEOUS STRUCTURE"
29533,33,"Lights","3350","AALA202507216291","other",1,"EMERGENCY LIGHTING"
31139,25,"Equipment / Furnishings","2530","AALA202410175118","oven",1,"BUFFET/GALLEYS"
40582,55,"Stabilizers","5520","AALA202507243654","other",0,"ELEVATOR STRUCTURE"
30098,53,"Fuselage","5310","AALA202508256363","door",0,"FUSELAGE MAIN, STRUCTURE"
33231,53,"Fuselage","5310","AALA202508180074","other",0,"FUSELAGE MAIN, STRUCTURE"
30828,32,"Landing Gear","3230","AALA202507217903","CND",3,"LANDING GEAR RETRACT/EXTEND SYSTEM"
30908,52,"Doors","5250","AALA202507296072","door",0,"FIXED INNER DOORS"
68102,33,"Lights","3350","AALA202507316943","door",1,"EMERGENCY LIGHTING"
44448,33,"Lights","3350","AALA202507311080","other",1,"EMERGENCY LIGHTING"
31197,28,"Fuel","2820","AALA202507250024","other",1,"ACFT FUEL DISTRIB. SYSTEM"
29506,52,"Doors","5250","AALA202507315712","door",0,"FIXED INNER DOORS"
33323,32,"Landing Gear","3240","AALA202508010248","valve",3,"LANDING GEAR BRAKE SYSTEM"
44487,25,"Equipment / Furnishings","2560","AALA202507089431","battery",1,"EMERGENCY EQUIPMENT"
33488,53,"Fuselage","5320","AALA202507083174","other",0,"FUSELAGE MISCELLANEOUS STRUCTURE"
30095,53,"Fuselage","5320","AALA202508017803","panel",0,"FUSELAGE MISCELLANEOUS STRUCTURE"
30098,53,"Fuselage","5320","AALA202508189019","other",0,"FUSELAGE MISCELLANEOUS STRUCTURE"
30098,53,"Fuselage","5310","AALA202508184247","other",0,"FUSELAGE MAIN, STRUCTURE"
33489,53,"Fuselage","5320","AALA202508051785","other",0,"FUSELAGE MISCELLANEOUS STRUCTURE"
30097,53,"Fuselage","5340","AALA202508069241","other",0,"FUSELAGE MAIN, ATTACH FITTINGS"
30096,53,"Fuselage","5320","AALA202507141091","other",0,"FUSELAGE MISCELLANEOUS STRUCTURE"
31173,53,"Fuselage","5320","AALA202507140727","panel",0,"FUSELAGE MISCELLANEOUS STRUCTURE"
44476,53,"Fuselage","5320","AALA202507140171","valve",3,"FUSELAGE MISCELLANEOUS STRUCTURE"
44467,29,"Hydraulic Power","2910","AALA202507141911","engine",3,"HYDRAULIC SYSTEM, MAIN"
31149,21,"Air Conditioning","2120","AALA202507166580","CND",3,"AIR DISTRIBUTION SYSTEM"
33231,53,"Fuselage","5320","AALA202508041309","panel",0,"FUSELAGE MISCELLANEOUS STRUCTURE"
33210,28,"Fuel","2820","AALA202508117694","switch",1,"ACFT FUEL DISTRIB. SYSTEM"
31173,53,"Fuselage","5320","AALA202507167449","panel",0,"FUSELAGE MISCELLANEOUS STRUCTURE"
29561,25,"Equipment / Furnishings","2560","AALA202507174387","door",1,"EMERGENCY EQUIPMENT"
33208,33,"Lights","3350","AALA202505130192","door",1,"EMERGENCY LIGHTING"
30098,53,"Fuselage","5310","AALA202508283879","other",0,"FUSELAGE MAIN, STRUCTURE"
44490,25,"Equipment / Furnishings","2530","AALA202507248406","CND",1,"BUFFET/GALLEYS"
40582,55,"Stabilizers","5520","AALA202507247140","other",0,"ELEVATOR STRUCTURE"
33214,25,"Equipment / Furnishings","2560","AALA202508168894","other",1,"EMERGENCY EQUIPMENT"
33231,53,"Fuselage","5310","AALA202508188178","other",0,"FUSELAGE MAIN, STRUCTURE"
40766,33,"Lights","3350","AALA202507289666","door",1,"EMERGENCY LIGHTING"
33342,52,"Doors","5250","AALA202507135163","door",0,"FIXED INNER DOORS"
33208,29,"Hydraulic Power","2910","AALA202507316372","engine",3,"HYDRAULIC SYSTEM, MAIN"
33208,29,"Hydraulic Power","2910","AALA202507312993","engine",3,"HYDRAULIC SYSTEM, MAIN"
30599,25,"Equipment / Furnishings","2560","AALA202507313187","other",1,"EMERGENCY EQUIPMENT"
33489,53,"Fuselage","5320","AALA202508012756","other",0,"FUSELAGE MISCELLANEOUS STRUCTURE"
29508,52,"Doors","5250","AALA202507088423","CND",0,"FIXED INNER DOORS"
44456,52,"Doors","5250","AALA202507087961","door",0,"FIXED INNER DOORS"
29566,52,"Doors","5250","AALA202507086850","latch",0,"FIXED INNER DOORS"
30098,53,"Fuselage","5320","AALA202508186193","other",0,"FUSELAGE MISCELLANEOUS STRUCTURE"
31241,52,"Doors","5250","AALA202507083269","hinge",0,"FIXED INNER DOORS"
29504,53,"Fuselage","5330","AALA202507108624","other",0,"FUSELAGE MAIN, PLATE/SKIN"
33519,34,"Navigation","3420","AALA202507157128","other",3,"ATTITUDE AND DIRECTION DATA SYSTEM"
31129,33,"Lights","3350","AALA202507162526","door",1,"EMERGENCY LIGHTING"
30080,52,"Doors","5250","AALA202412236193","door",0,"FIXED INNER DOORS"
30097,55,"Stabilizers","5510","AALA202508112753","other",0,"HORIZONTAL STABILIZER STRUCTURE"
30097,55,"Stabilizers","5510","AALA202508114435","other",0,"HORIZONTAL STABILIZER STRUCTURE"
30095,53,"Fuselage","5340","AALA202508126423","door",0,"FUSELAGE MAIN, ATTACH FITTINGS"
30095,53,"Fuselage","5320","AALA202509165435","other",0,"FUSELAGE MISCELLANEOUS STRUCTURE"
30097,53,"Fuselage","5320","AALA202507285527","other",0,"FUSELAGE MISCELLANEOUS STRUCTURE"
30098,53,"Fuselage","5310","AALA202509033988","other",0,"FUSELAGE MAIN, STRUCTURE"
31173,53,"Fuselage","5320","AALA202507230701","panel",0,"FUSELAGE MISCELLANEOUS STRUCTURE"
31173,53,"Fuselage","5320","AALA202507230870","panel",0,"FUSELAGE MISCELLANEOUS STRUCTURE"
31277,52,"Doors","5250","AALA202507319158","hinge",0,"FIXED INNER DOORS"
30916,25,"Equipment / Furnishings","2560","AALA202507103506","door",1,"EMERGENCY EQUIPMENT"
30095,53,"Fuselage","5320","AALA202508052179","panel",0,"FUSELAGE MISCELLANEOUS STRUCTURE"
31202,25,"Equipment / Furnishings","2560","AALA202507130341","door",1,"EMERGENCY EQUIPMENT"
33230,53,"Fuselage","5340","AALA202507119437","other",0,"FUSELAGE MAIN, ATTACH FITTINGS"
31093,33,"Lights","3350","AALA202507210805","other",1,"EMERGENCY LIGHTING"
33239,25,"Equipment / Furnishings","2550","AALA202507156183","CND",1,"CARGO COMPARTMENTS"
31272,52,"Doors","5250","AALA202504105717","door",0,"FIXED INNER DOORS"
30094,53,"Fuselage","5320","AALA202505062228","panel",0,"FUSELAGE MISCELLANEOUS STRUCTURE"
29518,33,"Lights","3350","AALA202504162520","door",1,"EMERGENCY LIGHTING"
29534,33,"Lights","3350","AALA202504223834","other",1,"EMERGENCY LIGHTING"
30094,53,"Fuselage","5320","AALA202505088410","panel",0,"FUSELAGE MISCELLANEOUS STRUCTURE"
29512,52,"Doors","5250","AALA202504072236","switch",0,"FIXED INNER DOORS"
31141,25,"Equipment / Furnishings","2560","AALA202504298847","pack",1,"EMERGENCY EQUIPMENT"
31163,28,"Fuel","2840","AALA202504293126","compensator",1,"ACFT FUEL INDICATING SYSTEM"
31200,33,"Lights","3350","AALA202504173217","other",1,"EMERGENCY LIGHTING"
44506,32,"Landing Gear","3260","AALA202504176310","CND",3,"LANDING GEAR POSITION AND WARNING"
40583,25,"Equipment / Furnishings","2530","AALA202504083024","oven",1,"BUFFET/GALLEYS"
31270,56,"Windows","5610","AALA202504119569","window",3,"FLIGHT COMPARTMENT WINDOWS"
30912,52,"Doors","5210","AALA202504160006","door",3,"PASSENGER/CREW DOORS"
29518,53,"Fuselage","5310","AALA202504046598","other",0,"FUSELAGE MAIN, STRUCTURE"
44506,34,"Navigation","3430","AALA202504081451","antenna",3,"LANDING AND TAXI AIDS"
40581,77,"Engine Indicating","7720","AALA202504145215","probe",3,"ENGINE TEMP. INDICATING SYSTEM"
31172,53,"Fuselage","5310","AALA202505202530","other",0,"FUSELAGE MAIN, STRUCTURE"
31172,53,"Fuselage","5320","AALA202505200542","panel",0,"FUSELAGE MISCELLANEOUS STRUCTURE"
29544,53,"Fuselage","5320","AALA202505223531","other",0,"FUSELAGE MISCELLANEOUS STRUCTURE"
31091,53,"Fuselage","5310","AALA202504215826","panel",0,"FUSELAGE MAIN, STRUCTURE"
31089,49,"Airborne Auxiliary Power","4990","AALA202504225109","pack",3,"APU OIL SYSTEM"
29544,53,"Fuselage","5310","AALA202505161486","other",0,"FUSELAGE MAIN, STRUCTURE"
31219,49,"Airborne Auxiliary Power","4950","AALA202504049752","valve",3,"APU BLEED AIR SYSTEM"
33205,28,"Fuel","2810","AALA202504245462","compensator",3,"FUEL STORAGE"
44511,25,"Equipment / Furnishings","2560","AALA202504251876","pack",1,"EMERGENCY EQUIPMENT"
33349,25,"Equipment / Furnishings","2560","AALA202504280351","door",1,"EMERGENCY EQUIPMENT"
44489,52,"Doors","5250","AALA202504090617","latch",0,"FIXED INNER DOORS"
31236,72,"Engine","7260","AALA202505011774","engine",3,"TURBINE ENGINE ACCESSORY DRIVE"
30094,53,"Fuselage","5320","AALA202505066365","other",0,"FUSELAGE MISCELLANEOUS STRUCTURE"
30078,25,"Equipment / Furnishings","2560","AALA202504146915","door",3,"EMERGENCY EQUIPMENT"
29508,53,"Fuselage","5310","AALA202504152612","other",0,"FUSELAGE MAIN, STRUCTURE"
31229,52,"Doors","5210","AALA202504162361","door",3,"PASSENGER/CREW DOORS"
29544,55,"Stabilizers","5510","AALA202505221173","apu component",0,"HORIZONTAL STABILIZER STRUCTURE"
44506,34,"Navigation","3430","AALA202504170737","CND",3,"LANDING AND TAXI AIDS"
31089,49,"Airborne Auxiliary Power","4920","AALA202504175109","pack",3,"APU CORE ENGINE"
30077,25,"Equipment / Furnishings","2560","AALA202504213292","door",1,"EMERGENCY EQUIPMENT"
30828,53,"Fuselage","5320","AALA202504031746","panel",0,"FUSELAGE MISCELLANEOUS STRUCTURE"
33248,53,"Fuselage","5340","AALA202504031764","other",0,"FUSELAGE MAIN, ATTACH FITTINGS"
30904,52,"Doors","5250","AALA202504076463","door",0,"FIXED INNER DOORS"
29566,52,"Doors","5250","AALA202504286889","door",0,"FIXED INNER DOORS"
30093,53,"Fuselage","5320","AALA202505066404","other",0,"FUSELAGE MISCELLANEOUS STRUCTURE"
29544,53,"Fuselage","5310","AALA202505215753","door",0,"FUSELAGE MAIN, STRUCTURE"
30858,53,"Fuselage","5320","AALA202504166150","other",0,"FUSELAGE MISCELLANEOUS STRUCTURE"
31067,52,"Doors","5250","AALA202504165589","door",0,"FIXED INNER DOORS"
29544,53,"Fuselage","5320","AALA202505220549","other",0,"FUSELAGE MISCELLANEOUS STRUCTURE"
29542,25,"Equipment / Furnishings","2560","AALA202504214258","other",1,"EMERGENCY EQUIPMENT"
30914,32,"Landing Gear","3240","AALA202504211908","CND",3,"LANDING GEAR BRAKE SYSTEM"
29542,25,"Equipment / Furnishings","2560","AALA202504215291","door",1,"EMERGENCY EQUIPMENT"
33342,56,"Windows","5610","AALA202504233741","window",0,"FLIGHT COMPARTMENT WINDOWS"
33342,52,"Doors","5250","AALA202504231913","door",0,"FIXED INNER DOORS"
30599,21,"Air Conditioning","2120","AALA202504224296","CND",3,"AIR DISTRIBUTION SYSTEM"
31091,33,"Lights","3350","AALA202504233555","other",1,"EMERGENCY LIGHTING"
29509,25,"Equipment / Furnishings","2560","AALA202504243883","door",1,"EMERGENCY EQUIPMENT"
29509,72,"Engine","7260","AALA202504073991","CND",3,"TURBINE ENGINE ACCESSORY DRIVE"
30916,52,"Doors","5250","AALA202504074480","latch",0,"FIXED INNER DOORS"
30858,53,"Fuselage","5320","AALA202504283198","other",0,"FUSELAGE MISCELLANEOUS STRUCTURE"
29545,25,"Equipment / Furnishings","2560","AALA202504217956","other",1,"EMERGENCY EQUIPMENT"
30858,55,"Stabilizers","5510","AALA202504283187","other",0,"HORIZONTAL STABILIZER STRUCTURE"
30094,53,"Fuselage","5320","AALA202504281903","door",0,"FUSELAGE MISCELLANEOUS STRUCTURE"
30858,53,"Fuselage","5320","AALA202504287459","other",0,"FUSELAGE MISCELLANEOUS STRUCTURE"
29545,55,"Stabilizers","5510","AALA202504084759","other",0,"HORIZONTAL STABILIZER STRUCTURE"
44472,25,"Equipment / Furnishings","2560","AALA202504084559","other",1,"EMERGENCY EQUIPMENT"
31236,72,"Engine","7260","AALA202504281774","CND",3,"TURBINE ENGINE ACCESSORY DRIVE"
31171,53,"Fuselage","5340","AALA202505019905","other",0,"FUSELAGE MAIN, ATTACH FITTINGS"
33486,54,"Nacelles/Pylons","5410","AALA202504115219","strut",0,"NACELLE/PYLON, MAIN FRAME"
30858,53,"Fuselage","5320","AALA202505055759","other",0,"FUSELAGE MISCELLANEOUS STRUCTURE"
30858,53,"Fuselage","5320","AALA202505078113","other",0,"FUSELAGE MISCELLANEOUS STRUCTURE"
30094,53,"Fuselage","5320","AALA202505167460","other",0,"FUSELAGE MISCELLANEOUS STRUCTURE"
30908,25,"Equipment / Furnishings","2560","AALA202504141054","battery",1,"EMERGENCY EQUIPMENT"
29542,77,"Engine Indicating","7720","AALA202504140323","CND",3,"ENGINE TEMP. INDICATING SYSTEM"
31172,53,"Fuselage","5320","AALA202505204236","other",0,"FUSELAGE MISCELLANEOUS STRUCTURE"
31172,53,"Fuselage","5320","AALA202505208601","other",0,"FUSELAGE MISCELLANEOUS STRUCTURE"
31176,32,"Landing Gear","3240","AALA202504160285","CND",2,"LANDING GEAR BRAKE SYSTEM"
31200,32,"Landing Gear","3240","AALA202504163927","CND",2,"LANDING GEAR BRAKE SYSTEM"
29571,25,"Equipment / Furnishings","2560","AALA202504286651","battery",1,"EMERGENCY EQUIPMENT"
44506,32,"Landing Gear","3260","AALA202504165893","CND",3,"LANDING GEAR POSITION AND WARNING"
44506,34,"Navigation","3430","AALA202504175893","CND",3,"LANDING AND TAXI AIDS"
30077,25,"Equipment / Furnishings","2560","AALA202504214885","battery",1,"EMERGENCY EQUIPMENT"
29521,33,"Lights","3350","AALA202504029668","other",1,"EMERGENCY LIGHTING"
40583,25,"Equipment / Furnishings","2530","AALA202504023024","CND",1,"BUFFET/GALLEYS"
33228,25,"Equipment / Furnishings","2560","AALA202504020048","door",1,"EMERGENCY EQUIPMENT"
33486,25,"Equipment / Furnishings","2560","AALA202504020969","pack",1,"EMERGENCY EQUIPMENT"
33225,52,"Doors","5250","AALA202504034529","door",0,"FIXED INNER DOORS"
29508,53,"Fuselage","5310","AALA202504220186","other",0,"FUSELAGE MAIN, STRUCTURE"
31225,24,"Electrical Power","2400","AALA202504083011","control unit",3,"ELECTRICAL POWER SYSTEM"
30084,72,"Engine","7200","AALA202504042058","engine",3,"ENGINE (TURBINE/TURBOPROP)"
29545,53,"Fuselage","5310","AALA202504079478","panel",0,"FUSELAGE MAIN, STRUCTURE"
33229,33,"Lights","3350","AALA202504242642","other",1,"EMERGENCY LIGHTING"
31169,53,"Fuselage","5310","AALA202504074376","panel",0,"FUSELAGE MAIN, STRUCTURE"
31172,53,"Fuselage","5310","AALA202506025180","other",0,"FUSELAGE MAIN, STRUCTURE"
44455,52,"Doors","5250","AALA202504257753","CND",0,"FIXED INNER DOORS"
31167,53,"Fuselage","5320","AALA202504077985","other",0,"FUSELAGE MISCELLANEOUS STRUCTURE"
31171,53,"Fuselage","5320","AALA202504070030","other",0,"FUSELAGE MISCELLANEOUS STRUCTURE"
29522,21,"Air Conditioning","2160","AALA202504251122","CND",3,"CABIN TEMPERATURE CONTROL SYSTEM"
40582,25,"Equipment / Furnishings","2560","AALA202504285775","other",1,"EMERGENCY EQUIPMENT"
30089,53,"Fuselage","5310","AALA202502102066","other",0,"FUSELAGE MAIN, STRUCTURE"
29522,21,"Air Conditioning","2120","AALA202504291122","duct",3,"AIR DISTRIBUTION SYSTEM"
31105,25,"Equipment / Furnishings","2560","AALA202504304952","CND",1,"EMERGENCY EQUIPMENT"
30093,53,"Fuselage","5320","AALA202505069032","other",0,"FUSELAGE MISCELLANEOUS STRUCTURE"
31172,53,"Fuselage","5320","AALA202505065469","panel",0,"FUSELAGE MISCELLANEOUS STRUCTURE"
30094,53,"Fuselage","5320","AALA202505065491","other",0,"FUSELAGE MISCELLANEOUS STRUCTURE"
44456,31,"Indicating / Recording System","3160","AALA202505064048","brake",0,"CENTRAL DISPLAY"
29544,25,"Equipment / Furnishings","2560","AALA202505163742","door",1,"EMERGENCY EQUIPMENT"
30858,53,"Fuselage","5320","AALA202504144609","other",0,"FUSELAGE MISCELLANEOUS STRUCTURE"
31228,25,"Equipment / Furnishings","2560","AALA202504144107","other",1,"EMERGENCY EQUIPMENT"
33207,73,"Engine - Fuel And Control","7320","AALA202504228195","engine",0,"FUEL CONTROLLING SYSTEM"
29575,32,"Landing Gear","3200","AALA202504221097","CND",2,"LANDING GEAR SYSTEM"
29522,21,"Air Conditioning","2120","AALA202504296958","duct",3,"AIR DISTRIBUTION SYSTEM"
30094,53,"Fuselage","5320","AALA202505067306","panel",0,"FUSELAGE MISCELLANEOUS STRUCTURE"
30094,53,"Fuselage","5320","AALA202505064354","other",0,"FUSELAGE MISCELLANEOUS STRUCTURE"
30094,53,"Fuselage","5320","AALA202505064353","panel",0,"FUSELAGE MISCELLANEOUS STRUCTURE"
31067,52,"Doors","5250","AALA202504169253","door",0,"FIXED INNER DOORS"
31091,33,"Lights","3350","AALA202504239103","other",1,"EMERGENCY LIGHTING"
29530,25,"Equipment / Furnishings","2560","AALA202504070311","door",1,"EMERGENCY EQUIPMENT"
30099,32,"Landing Gear","3240","AALA202504088099","control unit",3,"LANDING GEAR BRAKE SYSTEM"
33338,52,"Doors","5250","AALA202504297048","door",0,"FIXED INNER DOORS"
31176,32,"Landing Gear","3240","AALA202504295967","pack",2,"LANDING GEAR BRAKE SYSTEM"
40763,52,"Doors","5250","AALA202504298361","door",0,"FIXED INNER DOORS"
29544,53,"Fuselage","5320","AALA202505075467","door",0,"FUSELAGE MISCELLANEOUS STRUCTURE"
31085,25,"Equipment / Furnishings","2560","AALA202502192338","other",1,"EMERGENCY EQUIPMENT"
40581,77,"Engine Indicating","7720","AALA202504149958","probe",3,"ENGINE TEMP. INDICATING SYSTEM"
29544,53,"Fuselage","5320","AALA202505201462","other",0,"FUSELAGE MISCELLANEOUS STRUCTURE"
31172,53,"Fuselage","5310","AALA202505201277","door",0,"FUSELAGE MAIN, STRUCTURE"
30095,25,"Equipment / Furnishings","2560","AALA202504169297","door",1,"EMERGENCY EQUIPMENT"
44468,28,"Fuel","2820","AALA202504173793","switch",1,"ACFT FUEL DISTRIB. SYSTEM"
31091,33,"Lights","3350","AALA202504215310","door",1,"EMERGENCY LIGHTING"
33234,33,"Lights","3350","AALA202504213894","door",1,"EMERGENCY LIGHTING"
29575,53,"Fuselage","5310","AALA202504227131","wheel",0,"FUSELAGE MAIN, STRUCTURE"
31141,25,"Equipment / Furnishings","2560","AALA202504228847","CND",1,"EMERGENCY EQUIPMENT"
31091,53,"Fuselage","5330","AALA202504228453","panel",0,"FUSELAGE MAIN, PLATE/SKIN"
44461,33,"Lights","3350","AALA202412292691","pack",1,"EMERGENCY LIGHTING"
33489,52,"Doors","5250","AALA202412162453","latch",0,"FIXED INNER DOORS"
33243,25,"Equipment / Furnishings","2560","AALA202504049949","door",3,"EMERGENCY EQUIPMENT"
33212,53,"Fuselage","5320","AALA202504040462","wheel",0,"FUSELAGE MISCELLANEOUS STRUCTURE"
33205,28,"Fuel","2840","AALA202504249701","compensator",3,"ACFT FUEL INDICATING SYSTEM"
31135,28,"Fuel","2820","AALA202504073663","CND",3,"ACFT FUEL DISTRIB. SYSTEM"
31167,53,"Fuselage","5320","AALA202504077164","other",0,"FUSELAGE MISCELLANEOUS STRUCTURE"
29562,21,"Air Conditioning","2120","AALA202504074417","filter",3,"AIR DISTRIBUTION SYSTEM"
31067,25,"Equipment / Furnishings","2560","AALA202504250052","door",1,"EMERGENCY EQUIPMENT"
40763,25,"Equipment / Furnishings","2560","AALA202504253292","other",1,"EMERGENCY EQUIPMENT"
29545,55,"Stabilizers","5510","AALA202504080332","other",0,"HORIZONTAL STABILIZER STRUCTURE"
44456,22,"Auto Flight","2200","AALA202504284048","CND",1,"AUTO FLIGHT SYSTEM"
44470,33,"Lights","3350","AALA202504286966","pack",1,"EMERGENCY LIGHTING"
33205,28,"Fuel","2840","AALA202504282845","CND",1,"ACFT FUEL INDICATING SYSTEM"
29535,52,"Doors","5250","AALA202504074097","door",0,"FIXED INNER DOORS"
29571,25,"Equipment / Furnishings","2560","AALA202504287305","battery",1,"EMERGENCY EQUIPMENT"
33315,25,"Equipment / Furnishings","2560","AALA202504090404","other",1,"EMERGENCY EQUIPMENT"
33319,52,"Doors","5250","AALA202504095201","CND",0,"FIXED INNER DOORS"
29508,53,"Fuselage","5310","AALA202504102325","door",0,"FUSELAGE MAIN, STRUCTURE"
33205,28,"Fuel","2840","AALA202504302845","compensator",1,"ACFT FUEL INDICATING SYSTEM"
31085,33,"Lights","3350","AALA202412235593","other",1,"EMERGENCY LIGHTING"
30094,53,"Fuselage","5320","AALA202505021222","other",0,"FUSELAGE MISCELLANEOUS STRUCTURE"
33348,52,"Doors","5250","AALA202505019462","hinge",0,"FIXED INNER DOORS"
30094,53,"Fuselage","5320","AALA202505068427","panel",0,"FUSELAGE MISCELLANEOUS STRUCTURE"
30094,53,"Fuselage","5310","AALA202505066972","other",0,"FUSELAGE MAIN, STRUCTURE"
31172,53,"Fuselage","5310","AALA202505162768","other",0,"FUSELAGE MAIN, STRUCTURE"
31171,53,"Fuselage","5320","AALA202504145412","door",0,"FUSELAGE MISCELLANEOUS STRUCTURE"
31245,53,"Fuselage","5330","AALA202504144869","other",0,"FUSELAGE MAIN, PLATE/SKIN"
40579,53,"Fuselage","5320","AALA202505215968","other",0,"FUSELAGE MISCELLANEOUS STRUCTURE"
29545,53,"Fuselage","5310","AALA202504168402","panel",0,"FUSELAGE MAIN, STRUCTURE"
30858,53,"Fuselage","5320","AALA202504164624","other",0,"FUSELAGE MISCELLANEOUS STRUCTURE"
29507,32,"Landing Gear","3240","AALA202504179053","CND",3,"LANDING GEAR BRAKE SYSTEM"
30084,77,"Engine Indicating","7730","AALA202504171528","CND",3,"ENGINE IGNITION ANALYZER SYSTEM"
44506,32,"Landing Gear","3260","AALA202504176493","other",3,"LANDING GEAR POSITION AND WARNING"
31087,22,"Auto Flight","2210","AALA202504215931","CND",3,"AUTOPILOT SYSTEM"
44455,52,"Doors","5250","AALA202504237753","CND",0,"FIXED INNER DOORS"
31105,52,"Doors","5250","AALA202504293133","door",0,"FIXED INNER DOORS"
29522,26,"Fire Protection","2610","AALA202504296372","duct",3,"DETECTION SYSTEM"
33338,33,"Lights","3350","AALA202504113691","other",1,"EMERGENCY LIGHTING"
30093,53,"Fuselage","5320","AALA202505064409","other",0,"FUSELAGE MISCELLANEOUS STRUCTURE"
30858,53,"Fuselage","5320","AALA202505073170","other",0,"FUSELAGE MISCELLANEOUS STRUCTURE"
29544,53,"Fuselage","5320","AALA202505165144","panel",0,"FUSELAGE MISCELLANEOUS STRUCTURE"
30089,53,"Fuselage","5310","AALA202502103223","other",0,"FUSELAGE MAIN, STRUCTURE"
31189,72,"Engine","7200","AALA202504228827","engine",3,"ENGINE (TURBINE/TURBOPROP)"
31091,53,"Fuselage","5310","AALA202504225570","other",0,"FUSELAGE MAIN, STRUCTURE"
40762,25,"Equipment / Furnishings","2560","AALA202504242679","other",1,"EMERGENCY EQUIPMENT"
29568,32,"Landing Gear","3240","AALA202504247980","valve",3,"LANDING GEAR BRAKE SYSTEM"
31248,72,"Engine","7260","AALA202504286626","engine",3,"TURBINE ENGINE ACCESSORY DRIVE"
31272,52,"Doors","5250","AALA202504280322","latch",0,"FIXED INNER DOORS"
31196,29,"Hydraulic Power","2910","AALA202504105792","pump",3,"HYDRAULIC SYSTEM, MAIN"
30093,53,"Fuselage","5320","AALA202505068544","other",0,"FUSELAGE MISCELLANEOUS STRUCTURE"
30094,53,"Fuselage","5320","AALA202505068268","panel",0,"FUSELAGE MISCELLANEOUS STRUCTURE"
30094,55,"Stabilizers","5510","AALA202505099551","other",0,"HORIZONTAL STABILIZER STRUCTURE"
29544,55,"Stabilizers","5510","AALA202505204625","other",0,"HORIZONTAL STABILIZER STRUCTURE"
31172,53,"Fuselage","5320","AALA202505200857","other",0,"FUSELAGE MISCELLANEOUS STRUCTURE"
30858,53,"Fuselage","5320","AALA202504166848","panel",0,"FUSELAGE MISCELLANEOUS STRUCTURE"
30600,52,"Doors","5210","AALA202504164476","door",0,"PASSENGER/CREW DOORS"
30095,25,"Equipment / Furnishings","2560","AALA202504168385","door",1,"EMERGENCY EQUIPMENT"
44511,25,"Equipment / Furnishings","2560","AALA202504211146","other",1,"EMERGENCY EQUIPMENT"
31203,52,"Doors","5210","AALA202504030059","hinge",0,"PASSENGER/CREW DOORS"
33488,25,"Equipment / Furnishings","2560","AALA202504224404","other",1,"EMERGENCY EQUIPMENT"
31176,32,"Landing Gear","3240","AALA202504225967","CND",2,"LANDING GEAR BRAKE SYSTEM"
33345,33,"Lights","3350","AALA202504045268","other",1,"EMERGENCY LIGHTING"
68099,33,"Lights","3350","AALA202412303347","door",1,"EMERGENCY LIGHTING"
29565,52,"Doors","5250","AALA202504257010","door",0,"FIXED INNER DOORS"
44460,25,"Equipment / Furnishings","2560","AALA202504073052","latch",1,"EMERGENCY EQUIPMENT"
30858,53,"Fuselage","5320","AALA202504283890","other",0,"FUSELAGE MISCELLANEOUS STRUCTURE"
30094,53,"Fuselage","5320","AALA202504288420","other",0,"FUSELAGE MISCELLANEOUS STRUCTURE"
29545,55,"Stabilizers","5510","AALA202504081910","other",0,"HORIZONTAL STABILIZER STRUCTURE"
33322,56,"Windows","5610","AALA202504039326","window",3,"FLIGHT COMPARTMENT WINDOWS"
31215,52,"Doors","5250","AALA202504289375","latch",0,"FIXED INNER DOORS"
30094,53,"Fuselage","5320","AALA202505066122","other",0,"FUSELAGE MISCELLANEOUS STRUCTURE"
30094,53,"Fuselage","5320","AALA202505068610","door",0,"FUSELAGE MISCELLANEOUS STRUCTURE"
29544,53,"Fuselage","5310","AALA202505166912","door",0,"FUSELAGE MAIN, STRUCTURE"
33212,53,"Fuselage","5330","AALA202504032109","panel",0,"FUSELAGE MAIN, PLATE/SKIN"
31091,53,"Fuselage","5310","AALA202504226698","wheel",0,"FUSELAGE MAIN, STRUCTURE"
29512,25,"Equipment / Furnishings","2560","AALA202504140595","door",3,"EMERGENCY EQUIPMENT"
30912,53,"Fuselage","5340","AALA202504140389","hinge",0,"FUSELAGE MAIN, ATTACH FITTINGS"
31111,25,"Equipment / Furnishings","2560","AALA202504163308","door",1,"EMERGENCY EQUIPMENT"
29538,33,"Lights","3350","AALA202504161111","switch",1,"EMERGENCY LIGHTING"
29518,32,"Landing Gear","3240","AALA202504175139","control unit",2,"LANDING GEAR BRAKE SYSTEM"
30858,55,"Stabilizers","5510","AALA202504178521","other",0,"HORIZONTAL STABILIZER STRUCTURE"
31272,52,"Doors","5250","AALA202504174443","door",0,"FIXED INNER DOORS"
31091,52,"Doors","5250","AALA202504078560","door",0,"FIXED INNER DOORS"
31192,34,"Navigation","3440","AALA202504077603","antenna",3,"INDEPENDENT POS. DETERMINING SYSTEM"
30904,52,"Doors","5250","AALA202504079765","door",0,"FIXED INNER DOORS"
30858,53,"Fuselage","5320","AALA202504284299","other",0,"FUSELAGE MISCELLANEOUS STRUCTURE"
33486,52,"Doors","5250","AALA202504291497","door",0,"FIXED INNER DOORS"
31176,32,"Landing Gear","3240","AALA202504297887","pack",2,"LANDING GEAR BRAKE SYSTEM"
29522,21,"Air Conditioning","2160","AALA202504292401","duct",3,"CABIN TEMPERATURE CONTROL SYSTEM"
33250,52,"Doors","5250","AALA202512160869","door",0,"FIXED INNER DOORS"
33486,53,"Fuselage","5310","AALA202504114334","other",0,"FUSELAGE MAIN, STRUCTURE"
33338,33,"Lights","3350","AALA202504118762","door",1,"EMERGENCY LIGHTING"
44506,32,"Landing Gear","3260","AALA202504116493","CND",3,"LANDING GEAR POSITION AND WARNING"
31105,25,"Equipment / Furnishings","2560","AALA202505024952","other",1,"EMERGENCY EQUIPMENT"
30094,53,"Fuselage","5320","AALA202505065582","panel",0,"FUSELAGE MISCELLANEOUS STRUCTURE"
30094,53,"Fuselage","5320","AALA202505061134","panel",0,"FUSELAGE MISCELLANEOUS STRUCTURE"
30093,53,"Fuselage","5320","AALA202505063076","other",0,"FUSELAGE MISCELLANEOUS STRUCTURE"
40579,33,"Lights","3350","AALA202505092490","panel",1,"EMERGENCY LIGHTING"
40579,57,"Wings","5750","AALA202505099070","other",0,"WING, CONTROL SURFACES"
33223,52,"Doors","5250","AALA202504142125","door",0,"FIXED INNER DOORS"
29543,25,"Equipment / Furnishings","2530","AALA202504140032","oven",3,"BUFFET/GALLEYS"
31172,53,"Fuselage","5310","AALA202505209478","other",0,"FUSELAGE MAIN, STRUCTURE"
29508,53,"Fuselage","5310","AALA202504225770","other",0,"FUSELAGE MAIN, STRUCTURE"
44456,52,"Doors","5250","AALA202504142236","latch",3,"FIXED INNER DOORS"
30858,53,"Fuselage","5320","AALA202504286335","door",0,"FUSELAGE MISCELLANEOUS STRUCTURE"
29516,25,"Equipment / Furnishings","2560","AALA202504287986","other",1,"EMERGENCY EQUIPMENT"
31172,53,"Fuselage","5320","AALA202505206594","other",0,"FUSELAGE MISCELLANEOUS STRUCTURE"
30094,53,"Fuselage","5320","AALA202505067262","other",0,"FUSELAGE MISCELLANEOUS STRUCTURE"
30858,53,"Fuselage","5320","AALA202505071359","other",0,"FUSELAGE MISCELLANEOUS STRUCTURE"
29544,25,"Equipment / Furnishings","2560","AALA202505163824","door",1,"EMERGENCY EQUIPMENT"
30828,53,"Fuselage","5330","AALA202504140534","other",0,"FUSELAGE MAIN, PLATE/SKIN"
31111,25,"Equipment / Furnishings","2560","AALA202504162674","door",1,"EMERGENCY EQUIPMENT"
29544,53,"Fuselage","5310","AALA202505226260","other",0,"FUSELAGE MAIN, STRUCTURE"
30858,55,"Stabilizers","5510","AALA202504173354","other",0,"HORIZONTAL STABILIZER STRUCTURE"
31248,32,"Landing Gear","3210","AALA202504024072","CND",2,"MAIN LANDING GEAR"
31200,32,"Landing Gear","3240","AALA202504223927","control unit",2,"LANDING GEAR BRAKE SYSTEM"
33243,25,"Equipment / Furnishings","2560","AALA202504042132","door",1,"EMERGENCY EQUIPMENT"
31167,53,"Fuselage","5320","AALA202504074441","other",0,"FUSELAGE MISCELLANEOUS STRUCTURE"
31167,53,"Fuselage","5320","AALA202504074293","other",0,"FUSELAGE MISCELLANEOUS STRUCTURE"
33489,25,"Equipment / Furnishings","2560","AALA202504252273","door",1,"EMERGENCY EQUIPMENT"
31160,33,"Lights","3350","AALA202409249734","other",1,"EMERGENCY LIGHTING"
30087,53,"Fuselage","5320","AALA202412059632","other",0,"FUSELAGE MISCELLANEOUS STRUCTURE"
29548,32,"Landing Gear","3240","AALA202504255214","brake",3,"LANDING GEAR BRAKE SYSTEM"
30858,53,"Fuselage","5320","AALA202504288236","other",0,"FUSELAGE MISCELLANEOUS STRUCTURE"
44506,34,"Navigation","3430","AALA202504087941","other",3,"LANDING AND TAXI AIDS"
44452,52,"Doors","5250","AALA202504285985","CND",0,"FIXED INNER DOORS"
29528,25,"Equipment / Furnishings","2560","AALA202504293717","CND",1,"EMERGENCY EQUIPMENT"
44472,25,"Equipment / Furnishings","2560","AALA202504096570","pack",1,"EMERGENCY EQUIPMENT"
31190,53,"Fuselage","5340","AALA202601145542","other",0,"FUSELAGE MAIN, ATTACH FITTINGS"
31189,33,"Lights","3350","AALA202504105482","other",1,"EMERGENCY LIGHTING"
30094,53,"Fuselage","5320","AALA202505068493","other",0,"FUSELAGE MISCELLANEOUS STRUCTURE"
30094,53,"Fuselage","5320","AALA202505062742","panel",0,"FUSELAGE MISCELLANEOUS STRUCTURE"
30094,55,"Stabilizers","5510","AALA202505093681","other",0,"HORIZONTAL STABILIZER STRUCTURE"
40579,55,"Stabilizers","5520","AALA202505128640","hinge",0,"ELEVATOR STRUCTURE"
31172,53,"Fuselage","5310","AALA202505121142","other",0,"FUSELAGE MAIN, STRUCTURE"
31245,53,"Fuselage","5330","AALA202504143101","other",0,"FUSELAGE MAIN, PLATE/SKIN"
29544,53,"Fuselage","5320","AALA202505219214","other",0,"FUSELAGE MISCELLANEOUS STRUCTURE"
30912,52,"Doors","5210","AALA202504167476","door",0,"PASSENGER/CREW DOORS"
29576,52,"Doors","5250","AALA202412118326","latch",0,"FIXED INNER DOORS"
30077,25,"Equipment / Furnishings","2560","AALA202504210843","door",3,"EMERGENCY EQUIPMENT"
44511,25,"Equipment / Furnishings","2560","AALA202504219996","other",1,"EMERGENCY EQUIPMENT"
29505,52,"Doors","5250","AALA202504219895","door",0,"FIXED INNER DOORS"
44506,27,"Flight Controls","2760","AALA202504226310","control unit",3,"DRAG CONTROL SYSTEM"
30094,53,"Fuselage","5320","AALA202505066841","other",0,"FUSELAGE MISCELLANEOUS STRUCTURE"
29565,52,"Doors","5250","AALA202504247010","door",0,"FIXED INNER DOORS"
31091,53,"Fuselage","5320","AALA202504079952","door",0,"FUSELAGE MISCELLANEOUS STRUCTURE"
29527,25,"Equipment / Furnishings","2560","AALA202504255664","door",1,"EMERGENCY EQUIPMENT"
31172,53,"Fuselage","5320","AALA202507316594","other",0,"FUSELAGE MISCELLANEOUS STRUCTURE"
44450,21,"Air Conditioning","2130","AALA202504289603","CND",3,"CABIN PRESSURE CONTROL SYSTEM"
31215,52,"Doors","5250","AALA202504283249","door",0,"FIXED INNER DOORS"
31171,53,"Fuselage","5340","AALA202505012516","other",0,"FUSELAGE MAIN, ATTACH FITTINGS"
30858,53,"Fuselage","5320","AALA202505050288","other",0,"FUSELAGE MISCELLANEOUS STRUCTURE"
31169,53,"Fuselage","5310","AALA202504097904","other",0,"FUSELAGE MAIN, STRUCTURE"
30858,53,"Fuselage","5320","AALA202505071502","other",0,"FUSELAGE MISCELLANEOUS STRUCTURE"
31169,53,"Fuselage","5310","AALA202504076457","panel",0,"FUSELAGE MAIN, STRUCTURE"
31189,72,"Engine","7200","AALA202504168827","CND",3,"ENGINE (TURBINE/TURBOPROP)"
31089,49,"Airborne Auxiliary Power","4990","AALA202504176485","pack",3,"APU OIL SYSTEM"
31176,32,"Landing Gear","3240","AALA202504220285","control unit",2,"LANDING GEAR BRAKE SYSTEM"
30828,53,"Fuselage","5320","AALA202504039391","panel",0,"FUSELAGE MISCELLANEOUS STRUCTURE"
33248,53,"Fuselage","5340","AALA202504036443","other",0,"FUSELAGE MAIN, ATTACH FITTINGS"
31277,33,"Lights","3350","AALA202409048981","door",1,"EMERGENCY LIGHTING"
30858,53,"Fuselage","5320","AALA202504282827","door",0,"FUSELAGE MISCELLANEOUS STRUCTURE"
33490,49,"Airborne Auxiliary Power","4900","AALA202504085272","CND",3,"AIRBORNE APU SYSTEM"
33488,34,"Navigation","3420","AALA202504083701","other",3,"ATTITUDE AND DIRECTION DATA SYSTEM"
33315,25,"Equipment / Furnishings","2560","AALA202504080404","CND",1,"EMERGENCY EQUIPMENT"
29544,53,"Fuselage","5320","AALA202505112210","panel",0,"FUSELAGE MISCELLANEOUS STRUCTURE"
30094,55,"Stabilizers","5510","AALA202505096433","other",0,"HORIZONTAL STABILIZER STRUCTURE"
30094,55,"Stabilizers","5510","AALA202505093408","other",0,"HORIZONTAL STABILIZER STRUCTURE"
29547,53,"Fuselage","5320","AALA202412208096","other",0,"FUSELAGE MISCELLANEOUS STRUCTURE"
31172,53,"Fuselage","5320","AALA202505209943","other",0,"FUSELAGE MISCELLANEOUS STRUCTURE"
29508,51,"Standard Practices And Structures - General","5100","AALA202504154710","other",0,"STANDARD PRACTICES/STRUCTURES"
30858,53,"Fuselage","5320","AALA202504160080","panel",0,"FUSELAGE MISCELLANEOUS STRUCTURE"
67991,33,"Lights","3320","AALA202504164972","other",3,"PASSENGER COMPARTMENT LIGHTING"
29544,53,"Fuselage","5310","AALA202505227281","other",0,"FUSELAGE MAIN, STRUCTURE"
33207,73,"Engine - Fuel And Control","7320","AALA202504223144","engine",0,"FUEL CONTROLLING SYSTEM"
33210,25,"Equipment / Furnishings","2560","AALA202504109941","door",1,"EMERGENCY EQUIPMENT"
31091,57,"Wings","5730","AALA202504223539","strut",0,"WING, PLATES/SKINS"
33226,34,"Navigation","3440","AALA202504049130","CND",0,"INDEPENDENT POS. DETERMINING SYSTEM"
33212,53,"Fuselage","5320","AALA202504041148","wheel",0,"FUSELAGE MISCELLANEOUS STRUCTURE"
31172,53,"Fuselage","5320","AALA202505207630","other",0,"FUSELAGE MISCELLANEOUS STRUCTURE"
31273,25,"Equipment / Furnishings","2560","AALA202504074924","door",1,"EMERGENCY EQUIPMENT"
30858,55,"Stabilizers","5510","AALA202504289160","other",0,"HORIZONTAL STABILIZER STRUCTURE"
31135,52,"Doors","5210","AALA202504119192","control rod",0,"PASSENGER/CREW DOORS"
40579,53,"Fuselage","5310","AALA202505019426","wheel",0,"FUSELAGE MAIN, STRUCTURE"
67989,33,"Lights","3350","AALA202512193424","other",1,"EMERGENCY LIGHTING"
30093,53,"Fuselage","5320","AALA202505163513","panel",0,"FUSELAGE MISCELLANEOUS STRUCTURE"
30094,53,"Fuselage","5310","AALA202505163463","other",0,"FUSELAGE MAIN, STRUCTURE"
30093,53,"Fuselage","5320","AALA202505161239","other",0,"FUSELAGE MISCELLANEOUS STRUCTURE"
44490,53,"Fuselage","5340","AALA202504147482","hinge",0,"FUSELAGE MAIN, ATTACH FITTINGS"
31167,55,"Stabilizers","5540","AALA202504151358","duct",0,"RUDDER STRUCTURE"
29507,32,"Landing Gear","3240","AALA202504169053","CND",3,"LANDING GEAR BRAKE SYSTEM"
68115,33,"Lights","3350","AALA202504162996","other",1,"EMERGENCY LIGHTING"
44476,33,"Lights","3350","AALA202504177759","door",1,"EMERGENCY LIGHTING"
30089,33,"Lights","3350","AALA202504175168","other",1,"EMERGENCY LIGHTING"
31143,33,"Lights","3350","AALA202412231840","pack",1,"EMERGENCY LIGHTING"
30858,53,"Fuselage","5320","AALA202504286397","other",0,"FUSELAGE MISCELLANEOUS STRUCTURE"
31135,28,"Fuel","2840","AALA202504083663","compensator",3,"ACFT FUEL INDICATING SYSTEM"
44452,52,"Doors","5250","AALA202504295985","module",0,"FIXED INNER DOORS"
29567,52,"Doors","5250","AALA202504292997","latch",0,"FIXED INNER DOORS"
29522,21,"Air Conditioning","2150","AALA202504296089","duct",3,"CABIN COOLING SYSTEM"
33486,53,"Fuselage","5320","AALA202504117348","other",0,"FUSELAGE MISCELLANEOUS STRUCTURE"
30093,53,"Fuselage","5320","AALA202505061740","other",0,"FUSELAGE MISCELLANEOUS STRUCTURE"
40579,55,"Stabilizers","5520","AALA202505128401","hinge",0,"ELEVATOR STRUCTURE"
40581,77,"Engine Indicating","7720","AALA202504146002","probe",3,"ENGINE TEMP. INDICATING SYSTEM"
31229,21,"Air Conditioning","2120","AALA202504169269","CND",3,"AIR DISTRIBUTION SYSTEM"
44506,32,"Landing Gear","3230","AALA202504177012","module",3,"LANDING GEAR RETRACT/EXTEND SYSTEM"
29544,53,"Fuselage","5320","AALA202505281025","other",0,"FUSELAGE MISCELLANEOUS STRUCTURE"
31091,25,"Equipment / Furnishings","2560","AALA202504210856","door",1,"EMERGENCY EQUIPMENT"
30828,53,"Fuselage","5330","AALA202504036967","panel",0,"FUSELAGE MAIN, PLATE/SKIN"
33248,55,"Stabilizers","5510","AALA202504031071","other",0,"HORIZONTAL STABILIZER STRUCTURE"
44446,72,"Engine","7260","AALA202504237927","filter",3,"TURBINE ENGINE ACCESSORY DRIVE"
31091,53,"Fuselage","5330","AALA202504226502","panel",0,"FUSELAGE MAIN, PLATE/SKIN"
33243,25,"Equipment / Furnishings","2560","AALA202504040630","door",1,"EMERGENCY EQUIPMENT"
29575,32,"Landing Gear","3230","AALA202504241097","control rod",2,"LANDING GEAR RETRACT/EXTEND SYSTEM"
31167,53,"Fuselage","5320","AALA202504071752","other",0,"FUSELAGE MISCELLANEOUS STRUCTURE"
31167,53,"Fuselage","5320","AALA202504071470","other",0,"FUSELAGE MISCELLANEOUS STRUCTURE"
31208,52,"Doors","5250","AALA202504077975","door",0,"FIXED INNER DOORS"
33316,25,"Equipment / Furnishings","2560","AALA202504257758","other",1,"EMERGENCY EQUIPMENT"
44450,34,"Navigation","3440","AALA202504087761","other",3,"INDEPENDENT POS. DETERMINING SYSTEM"
44450,34,"Navigation","3440","AALA202504083644","other",3,"INDEPENDENT POS. DETERMINING SYSTEM"
31205,33,"Lights","3350","AALA202504080319","other",1,"EMERGENCY LIGHTING"
29575,27,"Flight Controls","2710","AALA202504285876","control rod",2,"AILERON CONTROL SYSTEM"
31226,28,"Fuel","2840","AALA202411138686","compensator",1,"ACFT FUEL INDICATING SYSTEM"
33317,32,"Landing Gear","3240","AALA202504084804","transducer",2,"LANDING GEAR BRAKE SYSTEM"
40762,25,"Equipment / Furnishings","2560","AALA202504215087","pack",1,"EMERGENCY EQUIPMENT"
29508,33,"Lights","3350","AALA202504303393","other",1,"EMERGENCY LIGHTING"
30094,53,"Fuselage","5320","AALA202505063598","other",0,"FUSELAGE MISCELLANEOUS STRUCTURE"
30093,53,"Fuselage","5310","AALA202505062822","panel",0,"FUSELAGE MAIN, STRUCTURE"
29565,25,"Equipment / Furnishings","2560","AALA202504144530","pack",3,"EMERGENCY EQUIPMENT"
29543,25,"Equipment / Furnishings","2530","AALA202504142375","oven",3,"BUFFET/GALLEYS"
31135,28,"Fuel","2800","AALA202504022621","CND",3,"AIRCRAFT FUEL SYSTEM"
30090,52,"Doors","5240","AALA202504079851","controller",3,"SERVICE DOORS"
29545,55,"Stabilizers","5510","AALA202504086073","other",0,"HORIZONTAL STABILIZER STRUCTURE"
29545,55,"Stabilizers","5510","AALA202504087956","other",0,"HORIZONTAL STABILIZER STRUCTURE"
29545,55,"Stabilizers","5510","AALA202504081416","other",0,"HORIZONTAL STABILIZER STRUCTURE"
30094,53,"Fuselage","5320","AALA202505162244","apu component",0,"FUSELAGE MISCELLANEOUS STRUCTURE"
29544,53,"Fuselage","5320","AALA202505168750","panel",0,"FUSELAGE MISCELLANEOUS STRUCTURE"
30086,33,"Lights","3350","AALA202504145597","other",1,"EMERGENCY LIGHTING"
33349,33,"Lights","3350","AALA202512191465","module",1,"EMERGENCY LIGHTING"
31095,52,"Doors","5210","AALA202409118956","CND",0,"PASSENGER/CREW DOORS"
29545,52,"Doors","5210","AALA202504212680","panel",0,"PASSENGER/CREW DOORS"
31091,52,"Doors","5210","AALA202504215367","door",0,"PASSENGER/CREW DOORS"
33342,52,"Doors","5250","AALA202504234049","door",0,"FIXED INNER DOORS"
33205,28,"Fuel","2820","AALA202504239701","CND",3,"ACFT FUEL DISTRIB. SYSTEM"
31169,53,"Fuselage","5320","AALA202504074561","other",0,"FUSELAGE MISCELLANEOUS STRUCTURE"
29575,53,"Fuselage","5320","AALA202504244937","panel",0,"FUSELAGE MISCELLANEOUS STRUCTURE"
33488,21,"Air Conditioning","2120","AALA202504079541","CND",3,"AIR DISTRIBUTION SYSTEM"
31248,52,"Doors","5250","AALA202504075687","door",0,"FIXED INNER DOORS"
44450,33,"Lights","3350","AALA202504081989","other",1,"EMERGENCY LIGHTING"
29546,53,"Fuselage","5320","AALA202506139253","panel",0,"FUSELAGE MISCELLANEOUS STRUCTURE"
31171,53,"Fuselage","5320","AALA202504143498","other",0,"FUSELAGE MISCELLANEOUS STRUCTURE"
29544,53,"Fuselage","5320","AALA202505205990","other",0,"FUSELAGE MISCELLANEOUS STRUCTURE"
31236,52,"Doors","5210","AALA202412028224","sensor",0,"PASSENGER/CREW DOORS"
31091,53,"Fuselage","5310","AALA202504211161","panel",0,"FUSELAGE MAIN, STRUCTURE"
33248,53,"Fuselage","5310","AALA202504033915","other",0,"FUSELAGE MAIN, STRUCTURE"
33212,53,"Fuselage","5310","AALA202504032939","wheel",0,"FUSELAGE MAIN, STRUCTURE"
31101,53,"Fuselage","5330","AALA202504224763","panel",0,"FUSELAGE MAIN, PLATE/SKIN"
33248,52,"Doors","5250","AALA202504252308","latch",0,"FIXED INNER DOORS"
30858,53,"Fuselage","5320","AALA202504285800","other",0,"FUSELAGE MISCELLANEOUS STRUCTURE"
29528,53,"Fuselage","5340","AALA202504282699","hinge",0,"FUSELAGE MAIN, ATTACH FITTINGS"
31178,21,"Air Conditioning","2120","AALA202504285132","other",2,"AIR DISTRIBUTION SYSTEM"
30093,53,"Fuselage","5320","AALA202505168936","panel",0,"FUSELAGE MISCELLANEOUS STRUCTURE"
40765,52,"Doors","5210","AALA202504145691","latch",3,"PASSENGER/CREW DOORS"
29509,72,"Engine","7260","AALA202504094141","CND",3,"TURBINE ENGINE ACCESSORY DRIVE"
30858,53,"Fuselage","5320","AALA202504283410","other",0,"FUSELAGE MISCELLANEOUS STRUCTURE"
33319,52,"Doors","5250","AALA202504105201","door",0,"FIXED INNER DOORS"
30094,53,"Fuselage","5320","AALA202505029353","other",0,"FUSELAGE MISCELLANEOUS STRUCTURE"
30093,53,"Fuselage","5320","AALA202505068482","other",0,"FUSELAGE MISCELLANEOUS STRUCTURE"
30094,53,"Fuselage","5320","AALA202505069265","other",0,"FUSELAGE MISCELLANEOUS STRUCTURE"
30094,53,"Fuselage","5310","AALA202505113797","other",0,"FUSELAGE MAIN, STRUCTURE"
30093,53,"Fuselage","5320","AALA202505090941","other",0,"FUSELAGE MISCELLANEOUS STRUCTURE"
30858,53,"Fuselage","5330","AALA202505165890","other",0,"FUSELAGE MAIN, PLATE/SKIN"
31190,53,"Fuselage","5320","AALA202601153652","other",0,"FUSELAGE MISCELLANEOUS STRUCTURE"
30858,53,"Fuselage","5320","AALA202504282915","other",0,"FUSELAGE MISCELLANEOUS STRUCTURE"
29522,21,"Air Conditioning","2160","AALA202504294417","duct",3,"CABIN TEMPERATURE CONTROL SYSTEM"
33323,52,"Doors","5250","AALA202504100781","latch",0,"FIXED INNER DOORS"
30094,53,"Fuselage","5320","AALA202505063873","other",0,"FUSELAGE MISCELLANEOUS STRUCTURE"
30093,53,"Fuselage","5310","AALA202505090271","other",0,"FUSELAGE MAIN, STRUCTURE"
31103,53,"Fuselage","5330","AALA202505093350","control rod",0,"FUSELAGE MAIN, PLATE/SKIN"
31161,27,"Flight Controls","2750","AALA202512161041","CND",3,"TE FLAP CONTROL SYSTEM"
29506,52,"Doors","5210","AALA202512314613","door",3,"PASSENGER/CREW DOORS"
33203,53,"Fuselage","5320","AALA202601154406","other",0,"FUSELAGE MISCELLANEOUS STRUCTURE"
31190,53,"Fuselage","5320","AALA202601147420","other",0,"FUSELAGE MISCELLANEOUS STRUCTURE"
31111,26,"Fire Protection","2610","AALA202512052756","other",2,"DETECTION SYSTEM"
40762,52,"Doors","5210","AALA202601132045","door",0,"PASSENGER/CREW DOORS"
31190,53,"Fuselage","5340","AALA202601145349","other",0,"FUSELAGE MAIN, ATTACH FITTINGS"
31190,53,"Fuselage","5340","AALA202601149701","other",0,"FUSELAGE MAIN, ATTACH FITTINGS"
31192,53,"Fuselage","5320","AALA202601156552","other",0,"FUSELAGE MISCELLANEOUS STRUCTURE"
31265,52,"Doors","5210","AALA202601156746","latch",0,"PASSENGER/CREW DOORS"
30910,25,"Equipment / Furnishings","2560","AALA202512269414","pack",1,"EMERGENCY EQUIPMENT"
33491,26,"Fire Protection","2610","AALA202512264340","engine",3,"DETECTION SYSTEM"
29570,25,"Equipment / Furnishings","2560","AALA202512266646","door",1,"EMERGENCY EQUIPMENT"
33234,33,"Lights","3350","AALA202512262235","panel",1,"EMERGENCY LIGHTING"
68111,25,"Equipment / Furnishings","2560","AALA202512311106","other",1,"EMERGENCY EQUIPMENT"
33490,32,"Landing Gear","3220","AALA202512128030","strut",3,"NOSE/TAIL LANDING GEAR"
29529,33,"Lights","3350","AALA202512167386","other",1,"EMERGENCY LIGHTING"
31280,25,"Equipment / Furnishings","2560","AALA202512162731","other",1,"EMERGENCY EQUIPMENT"
31190,53,"Fuselage","5340","AALA202601147565","other",0,"FUSELAGE MAIN, ATTACH FITTINGS"
31190,53,"Fuselage","5320","AALA202601151739","other",0,"FUSELAGE MISCELLANEOUS STRUCTURE"
30098,33,"Lights","3350","AALA202512173165","other",1,"EMERGENCY LIGHTING"
31262,56,"Windows","5620","AALA202512195164","window",0,"PASSENGER COMPARTMENT WINDOWS"
31190,52,"Doors","5250","AALA202512044783","latch",0,"FIXED INNER DOORS"
44484,25,"Equipment / Furnishings","2560","AALA202601056047","door",1,"EMERGENCY EQUIPMENT"
31190,53,"Fuselage","5320","AALA202601121734","other",0,"FUSELAGE MISCELLANEOUS STRUCTURE"
31190,53,"Fuselage","5310","AALA202512157122","panel",0,"FUSELAGE MAIN, STRUCTURE"
33203,53,"Fuselage","5320","AALA202601275979","panel",0,"FUSELAGE MISCELLANEOUS STRUCTURE"
33231,33,"Lights","3350","AALA202412090507","panel",1,"EMERGENCY LIGHTING"
44513,52,"Doors","5250","AALA202512244387","panel",0,"FIXED INNER DOORS"
33203,25,"Equipment / Furnishings","2560","AALA202512059518","other",1,"EMERGENCY EQUIPMENT"
31190,57,"Wings","5750","AALA202512314664","other",0,"WING, CONTROL SURFACES"
31190,53,"Fuselage","5310","AALA202601153868","other",0,"FUSELAGE MAIN, STRUCTURE"
31159,33,"Lights","3350","AALA202512111051","door",1,"EMERGENCY LIGHTING"
31156,25,"Equipment / Furnishings","2560","AALA202512306977","pack",1,"EMERGENCY EQUIPMENT"
31157,28,"Fuel","2840","AALA202601060573","pump",1,"ACFT FUEL INDICATING SYSTEM"
44465,33,"Lights","3350","AALA202512126160","door",1,"EMERGENCY LIGHTING"
33490,32,"Landing Gear","3250","AALA202512128204","strut",3,"LANDING GEAR STEERING SYSTEM"
33222,53,"Fuselage","5320","AALA202601143734","door",0,"FUSELAGE MISCELLANEOUS STRUCTURE"
44491,33,"Lights","3350","AALA202512029568","door",1,"EMERGENCY LIGHTING"
29539,25,"Equipment / Furnishings","2560","AALA202512031899","other",1,"EMERGENCY EQUIPMENT"
33334,33,"Lights","3350","AALA202512057776","other",1,"EMERGENCY LIGHTING"
30085,53,"Fuselage","5330","AALA202512049707","other",0,"FUSELAGE MAIN, PLATE/SKIN"
31219,29,"Hydraulic Power","2910","AALA202512167202","other",3,"HYDRAULIC SYSTEM, MAIN"
31190,53,"Fuselage","5320","AALA202512096814","other",0,"FUSELAGE MISCELLANEOUS STRUCTURE"
30858,27,"Flight Controls","2730","AALA202512093233","computer",3,"ELEVATOR CONTROL SYSTEM"
68055,52,"Doors","5250","AALA202601029461","latch",0,"FIXED INNER DOORS"
31190,53,"Fuselage","5320","AALA202512159834","other",0,"FUSELAGE MISCELLANEOUS STRUCTURE"
29508,52,"Doors","5210","AALA202512162991","door",0,"PASSENGER/CREW DOORS"
44487,25,"Equipment / Furnishings","2530","AALA202512163963","CND",1,"BUFFET/GALLEYS"
29525,25,"Equipment / Furnishings","2530","AALA202512162484","oven",3,"BUFFET/GALLEYS"
68110,25,"Equipment / Furnishings","2560","AALA202512178948","pack",1,"EMERGENCY EQUIPMENT"
29540,27,"Flight Controls","2780","AALA202512175969","sensor",3,"LE SLAT CONTROL SYSTEM"
31218,53,"Fuselage","5310","AALA202601270375","other",0,"FUSELAGE MAIN, STRUCTURE"
44484,25,"Equipment / Furnishings","2560","AALA202512221287","door",1,"EMERGENCY EQUIPMENT"
29523,52,"Doors","5210","AALA202512266851","door",0,"PASSENGER/CREW DOORS"
29545,52,"Doors","5210","AALA202512265543","door",0,"PASSENGER/CREW DOORS"
29532,52,"Doors","5250","AALA202409168441","door",0,"FIXED INNER DOORS"
33222,33,"Lights","3350","AALA202512088196","pack",1,"EMERGENCY LIGHTING"
33222,33,"Lights","3350","AALA202512088412","pack",1,"EMERGENCY LIGHTING"
31133,52,"Doors","5210","AALA202512096677","door",0,"PASSENGER/CREW DOORS"
31141,27,"Flight Controls","2750","AALA202512304287","sensor",3,"TE FLAP CONTROL SYSTEM"
33323,25,"Equipment / Furnishings","2560","AALA202512185183","other",1,"EMERGENCY EQUIPMENT"
31165,52,"Doors","5210","AALA202512031645","CND",3,"PASSENGER/CREW DOORS"
29522,28,"Fuel","2820","AALA202512319322","pump",1,"ACFT FUEL DISTRIB. SYSTEM"
33203,53,"Fuselage","5320","AALA202602055358","panel",0,"FUSELAGE MISCELLANEOUS STRUCTURE"
33222,52,"Doors","5240","AALA202512088939","door",0,"SERVICE DOORS"
31190,53,"Fuselage","5320","AALA202601140874","panel",0,"FUSELAGE MISCELLANEOUS STRUCTURE"
33203,53,"Fuselage","5330","AALA202601278517","other",0,"FUSELAGE MAIN, PLATE/SKIN"
33234,32,"Landing Gear","3210","AALA202512192290","strut",2,"MAIN LANDING GEAR"
67989,33,"Lights","3350","AALA202512194116","other",1,"EMERGENCY LIGHTING"
30095,25,"Equipment / Furnishings","2560","AALA202512049570","door",1,"EMERGENCY EQUIPMENT"
29538,25,"Equipment / Furnishings","2560","AALA202512260128","door",1,"EMERGENCY EQUIPMENT"
31157,28,"Fuel","2820","AALA202512160573","CND",1,"ACFT FUEL DISTRIB. SYSTEM"
30085,53,"Fuselage","5340","AALA202512043325","other",0,"FUSELAGE MAIN, ATTACH FITTINGS"
30905,21,"Air Conditioning","2130","AALA202512088232","CND",3,"CABIN PRESSURE CONTROL SYSTEM"
33234,53,"Fuselage","5320","AALA202512096857","other",0,"FUSELAGE MISCELLANEOUS STRUCTURE"
30920,52,"Doors","5210","AALA202512312123","door",0,"PASSENGER/CREW DOORS"
30093,25,"Equipment / Furnishings","2560","AALA202512096377","door",1,"EMERGENCY EQUIPMENT"
30081,33,"Lights","3350","AALA202409172103","other",1,"EMERGENCY LIGHTING"
33203,53,"Fuselage","5320","AALA202602056671","other",0,"FUSELAGE MISCELLANEOUS STRUCTURE"
31265,52,"Doors","5210","AALA202601056065","door",0,"PASSENGER/CREW DOORS"
31265,52,"Doors","5210","AALA202601052827","door",0,"PASSENGER/CREW DOORS"
33344,53,"Fuselage","5340","AALA202512158473","other",0,"FUSELAGE MAIN, ATTACH FITTINGS"
31190,53,"Fuselage","5340","AALA202601142517","other",0,"FUSELAGE MAIN, ATTACH FITTINGS"
31190,53,"Fuselage","5340","AALA202601144078","other",0,"FUSELAGE MAIN, ATTACH FITTINGS"
31196,28,"Fuel","2820","AALA202512179117","CND",1,"ACFT FUEL DISTRIB. SYSTEM"
44472,25,"Equipment / Furnishings","2560","AALA202512308685","pack",1,"EMERGENCY EQUIPMENT"
33203,53,"Fuselage","5310","AALA202601270135","other",0,"FUSELAGE MAIN, STRUCTURE"
31192,53,"Fuselage","5320","AALA202601159716","panel",0,"FUSELAGE MISCELLANEOUS STRUCTURE"
31262,53,"Fuselage","5330","AALA202512217505","other",0,"FUSELAGE MAIN, PLATE/SKIN"
31139,25,"Equipment / Furnishings","2560","AALA202512197669","other",1,"EMERGENCY EQUIPMENT"
31262,53,"Fuselage","5310","AALA202512235544","panel",0,"FUSELAGE MAIN, STRUCTURE"
44484,25,"Equipment / Furnishings","2560","AALA202512240294","pack",1,"EMERGENCY EQUIPMENT"
31192,53,"Fuselage","5320","AALA202601150290","other",0,"FUSELAGE MISCELLANEOUS STRUCTURE"
31190,53,"Fuselage","5340","AALA202601148986","other",0,"FUSELAGE MAIN, ATTACH FITTINGS"
31190,53,"Fuselage","5310","AALA202601148738","other",0,"FUSELAGE MAIN, STRUCTURE"
33203,53,"Fuselage","5320","AALA202601278023","other",0,"FUSELAGE MISCELLANEOUS STRUCTURE"
29517,52,"Doors","5210","AALA202512229161","latch",0,"PASSENGER/CREW DOORS"
33487,33,"Lights","3350","AALA202512029294","other",1,"EMERGENCY LIGHTING"
30914,32,"Landing Gear","3240","AALA202512242444","bleed air component",3,"LANDING GEAR BRAKE SYSTEM"
29570,25,"Equipment / Furnishings","2560","AALA202512262326","latch",1,"EMERGENCY EQUIPMENT"
40762,55,"Stabilizers","5520","AALA202601220594","other",0,"ELEVATOR STRUCTURE"
40762,55,"Stabilizers","5520","AALA202601220719","other",0,"ELEVATOR STRUCTURE"
33212,28,"Fuel","2820","AALA202512052095","switch",1,"ACFT FUEL DISTRIB. SYSTEM"
31218,53,"Fuselage","5320","AALA202602047428","other",0,"FUSELAGE MISCELLANEOUS STRUCTURE"
30094,25,"Equipment / Furnishings","2560","AALA202512312498","door",1,"EMERGENCY EQUIPMENT"
68114,52,"Doors","5220","AALA202512122684","door",0,"EMERGENCY EXITS"
29509,33,"Lights","3350","AALA202512202206","pack",1,"EMERGENCY LIGHTING"
44513,52,"Doors","5250","AALA202512028291","door",0,"FIXED INNER DOORS"
33214,56,"Windows","5610","AALA202512260789","window",0,"FLIGHT COMPARTMENT WINDOWS"
31270,30,"Ice And Rain Protection","3030","AALA202512052363","probe",3,"PITOT/STATIC ANTI-ICE SYSTEM"
29507,55,"Stabilizers","5510","AALA202512092913","panel",0,"HORIZONTAL STABILIZER STRUCTURE"
33344,53,"Fuselage","5340","AALA202512154334","other",0,"FUSELAGE MAIN, ATTACH FITTINGS"
31190,53,"Fuselage","5310","AALA202601159323","other",0,"FUSELAGE MAIN, STRUCTURE"
31190,53,"Fuselage","5320","AALA202601150480","other",0,"FUSELAGE MISCELLANEOUS STRUCTURE"
33203,53,"Fuselage","5340","AALA202601158189","other",0,"FUSELAGE MAIN, ATTACH FITTINGS"
31190,53,"Fuselage","5310","AALA202601154499","other",0,"FUSELAGE MAIN, STRUCTURE"
31190,53,"Fuselage","5310","AALA202601157238","other",0,"FUSELAGE MAIN, STRUCTURE"
33342,72,"Engine","7260","AALA202512196384","CND",3,"TURBINE ENGINE ACCESSORY DRIVE"
33207,25,"Equipment / Furnishings","2560","AALA202512229024","other",1,"EMERGENCY EQUIPMENT"
29519,52,"Doors","5210","AALA202512239756","control rod",0,"PASSENGER/CREW DOORS"
40768,52,"Doors","5250","AALA202512020923","hinge",0,"FIXED INNER DOORS"
29505,53,"Fuselage","5330","AALA202512033312","other",0,"FUSELAGE MAIN, PLATE/SKIN"
31237,33,"Lights","3350","AALA202601067520","door",1,"EMERGENCY LIGHTING"
29538,25,"Equipment / Furnishings","2560","AALA202512267825","door",1,"EMERGENCY EQUIPMENT"
29556,27,"Flight Controls","2700","AALA202512296931","other",2,"FLIGHT CONTROL SYSTEM"
31190,33,"Lights","3350","AALA202512316409","pack",1,"EMERGENCY LIGHTING"
31257,25,"Equipment / Furnishings","2560","AALA202512098506","door",1,"EMERGENCY EQUIPMENT"
29541,33,"Lights","3350","AALA202512096849","other",1,"EMERGENCY LIGHTING"
31189,53,"Fuselage","5320","AALA202601057670","other",0,"FUSELAGE MISCELLANEOUS STRUCTURE"
31095,52,"Doors","5250","AALA202512102853","CND",0,"FIXED INNER DOORS"
68111,25,"Equipment / Furnishings","2560","AALA202512311716","other",1,"EMERGENCY EQUIPMENT"
29556,22,"Auto Flight","2210","AALA202601056931","computer",1,"AUTOPILOT SYSTEM"
31192,53,"Fuselage","5320","AALA202601145459","other",0,"FUSELAGE MISCELLANEOUS STRUCTURE"
31190,53,"Fuselage","5340","AALA202601145814","other",0,"FUSELAGE MAIN, ATTACH FITTINGS"
31192,53,"Fuselage","5320","AALA202601151370","panel",0,"FUSELAGE MISCELLANEOUS STRUCTURE"
33210,33,"Lights","3350","AALA202512187772","other",1,"EMERGENCY LIGHTING"
31200,21,"Air Conditioning","2120","AALA202512260186","other",3,"AIR DISTRIBUTION SYSTEM"
31087,56,"Windows","5610","AALA202512242492","window",3,"FLIGHT COMPARTMENT WINDOWS"
31257,33,"Lights","3350","AALA202512083777","other",1,"EMERGENCY LIGHTING"
33203,53,"Fuselage","5320","AALA202602052990","panel",0,"FUSELAGE MISCELLANEOUS STRUCTURE"
33338,33,"Lights","3350","AALA202512124406","other",1,"EMERGENCY LIGHTING"
31190,53,"Fuselage","5340","AALA202601144686","other",0,"FUSELAGE MAIN, ATTACH FITTINGS"
33344,33,"Lights","3350","AALA202512173888","other",1,"EMERGENCY LIGHTING"
29507,25,"Equipment / Furnishings","2560","AALA202512194129","other",1,"EMERGENCY EQUIPMENT"
31218,56,"Windows","5610","AALA202512234279","window",0,"FLIGHT COMPARTMENT WINDOWS"
33323,25,"Equipment / Furnishings","2560","AALA202512264964","latch",1,"EMERGENCY EQUIPMENT"
33222,33,"Lights","3350","AALA202512082978","pack",1,"EMERGENCY LIGHTING"
29510,52,"Doors","5250","AALA202512090987","hinge",0,"FIXED INNER DOORS"
68228,52,"Doors","5250","AALA202512094733","switch",0,"FIXED INNER DOORS"
29541,33,"Lights","3350","AALA202512096528","other",1,"EMERGENCY LIGHTING"
29543,33,"Lights","3350","AALA202512090538","other",1,"EMERGENCY LIGHTING"
29543,33,"Lights","3350","AALA202512086784","other",1,"EMERGENCY LIGHTING"
29541,28,"Fuel","2840","AALA202601068333","switch",1,"ACFT FUEL INDICATING SYSTEM"
31190,53,"Fuselage","5320","AALA202512154789","other",0,"FUSELAGE MISCELLANEOUS STRUCTURE"
33321,33,"Lights","3350","AALA202512177541","door",1,"EMERGENCY LIGHTING"
31192,53,"Fuselage","5320","AALA202601150567","panel",0,"FUSELAGE MISCELLANEOUS STRUCTURE"
33203,55,"Stabilizers","5510","AALA202601274466","other",0,"HORIZONTAL STABILIZER STRUCTURE"
31218,53,"Fuselage","5320","AALA202601279990","other",0,"FUSELAGE MISCELLANEOUS STRUCTURE"
31190,55,"Stabilizers","5530","AALA202512195234","other",0,"VERTICAL STABILIZER STRUCTURE"
30090,33,"Lights","3350","AALA202512038305","other",1,"EMERGENCY LIGHTING"
29538,25,"Equipment / Furnishings","2560","AALA202512266878","door",1,"EMERGENCY EQUIPMENT"
33256,52,"Doors","5210","AALA202512266675","control rod",0,"PASSENGER/CREW DOORS"
44474,33,"Lights","3350","AALA202512244765","other",1,"EMERGENCY LIGHTING"
29519,52,"Doors","5270","AALA202512301367","sensor",0,"DOOR WARNING SYSTEM"
40582,25,"Equipment / Furnishings","2560","AALA202601029069","other",1,"EMERGENCY EQUIPMENT"
31161,27,"Flight Controls","2750","AALA202512151041","CND",3,"TE FLAP CONTROL SYSTEM"
33203,53,"Fuselage","5310","AALA202601270934","other",0,"FUSELAGE MAIN, STRUCTURE"
31190,53,"Fuselage","5320","AALA202601142801","panel",0,"FUSELAGE MISCELLANEOUS STRUCTURE"
31218,33,"Lights","3350","AALA202601266137","other",1,"EMERGENCY LIGHTING"
33203,53,"Fuselage","5320","AALA202601152821","other",0,"FUSELAGE MISCELLANEOUS STRUCTURE"
31190,53,"Fuselage","5320","AALA202601151944","other",0,"FUSELAGE MISCELLANEOUS STRUCTURE"
33203,53,"Fuselage","5320","AALA202601277955","panel",0,"FUSELAGE MISCELLANEOUS STRUCTURE"
31190,53,"Fuselage","5320","AALA202601159726","other",0,"FUSELAGE MISCELLANEOUS STRUCTURE"
31241,52,"Doors","5250","AALA202512197545","door",0,"FIXED INNER DOORS"
31228,52,"Doors","5250","AALA202512029118","door",0,"FIXED INNER DOORS"
29532,25,"Equipment / Furnishings","2560","AALA202512246691","latch",1,"EMERGENCY EQUIPMENT"
44513,52,"Doors","5250","AALA202512247093","panel",0,"FIXED INNER DOORS"
31165,52,"Doors","5210","AALA202512081256","door",3,"PASSENGER/CREW DOORS"
31156,25,"Equipment / Furnishings","2560","AALA202512318122","door",3,"EMERGENCY EQUIPMENT"
31190,53,"Fuselage","5320","AALA202512092076","other",0,"FUSELAGE MISCELLANEOUS STRUCTURE"
29507,55,"Stabilizers","5510","AALA202512094765","panel",0,"HORIZONTAL STABILIZER STRUCTURE"
31261,53,"Fuselage","5310","AALA202601057147","other",0,"FUSELAGE MAIN, STRUCTURE"
68102,33,"Lights","3350","AALA202512100046","other",1,"EMERGENCY LIGHTING"
33342,79,"Oil","7920","AALA202601063655","engine",3,"ENGINE OIL DISTRIBUTION (AIRFRAME)"
44508,52,"Doors","5250","AALA202601021132","door",0,"FIXED INNER DOORS"
31192,53,"Fuselage","5330","AALA202601070181","other",0,"FUSELAGE MAIN, PLATE/SKIN"
44469,33,"Lights","3350","AALA202409190815","pack",1,"EMERGENCY LIGHTING"
31205,28,"Fuel","2820","AALA202512165918","switch",3,"ACFT FUEL DISTRIB. SYSTEM"
31190,53,"Fuselage","5340","AALA202601146975","other",0,"FUSELAGE MAIN, ATTACH FITTINGS"
29541,33,"Lights","3350","AALA202512099162","CND",1,"EMERGENCY LIGHTING"
29549,25,"Equipment / Furnishings","2560","AALA202512317690","door",1,"EMERGENCY EQUIPMENT"
33338,33,"Lights","3350","AALA202512314256","other",1,"EMERGENCY LIGHTING"
31190,53,"Fuselage","5310","AALA202512155110","panel",0,"FUSELAGE MAIN, STRUCTURE"
31189,53,"Fuselage","5320","AALA202601142339","other",0,"FUSELAGE MISCELLANEOUS STRUCTURE"
31190,53,"Fuselage","5320","AALA202601150354","other",0,"FUSELAGE MISCELLANEOUS STRUCTURE"
31190,53,"Fuselage","5320","AALA202601153494","other",0,"FUSELAGE MISCELLANEOUS STRUCTURE"
31190,53,"Fuselage","5320","AALA202601159100","other",0,"FUSELAGE MISCELLANEOUS STRUCTURE"
31190,53,"Fuselage","5320","AALA202601150159","panel",0,"FUSELAGE MISCELLANEOUS STRUCTURE"
31269,25,"Equipment / Furnishings","2560","AALA202512181003","battery",1,"EMERGENCY EQUIPMENT"
31262,25,"Equipment / Furnishings","2560","AALA202512209762","door",1,"EMERGENCY EQUIPMENT"
31262,25,"Equipment / Furnishings","2560","AALA202512225665","door",1,"EMERGENCY EQUIPMENT"
29558,33,"Lights","3350","AALA202502105843","pack",1,"EMERGENCY LIGHTING"
33203,55,"Stabilizers","5510","AALA202512310157","other",0,"HORIZONTAL STABILIZER STRUCTURE"
33234,53,"Fuselage","5320","AALA202512095087","other",0,"FUSELAGE MISCELLANEOUS STRUCTURE"
31210,52,"Doors","5210","AALA202512306466","sensor",3,"PASSENGER/CREW DOORS"
30087,33,"Lights","3350","AALA202512092371","pack",1,"EMERGENCY LIGHTING"
68111,25,"Equipment / Furnishings","2560","AALA202512310377","other",1,"EMERGENCY EQUIPMENT"
33212,28,"Fuel","2820","AALA202512117192","switch",1,"ACFT FUEL DISTRIB. SYSTEM"
31210,52,"Doors","5270","AALA202512309764","sensor",3,"DOOR WARNING SYSTEM"
67991,53,"Fuselage","5310","AALA202601085676","door",0,"FUSELAGE MAIN, STRUCTURE"
33321,33,"Lights","3350","AALA202512185081","other",1,"EMERGENCY LIGHTING"
33234,53,"Fuselage","5320","AALA202601149146","panel",0,"FUSELAGE MISCELLANEOUS STRUCTURE"
33491,26,"Fire Protection","2610","AALA202512261255","engine",3,"DETECTION SYSTEM"
29570,25,"Equipment / Furnishings","2560","AALA202512269395","latch",1,"EMERGENCY EQUIPMENT"
29545,52,"Doors","5210","AALA202512268845","door",3,"PASSENGER/CREW DOORS"
29564,52,"Doors","5250","AALA202506090459","door",0,"FIXED INNER DOORS"
31143,32,"Landing Gear","3210","AALA202512086774","brake",3,"MAIN LANDING GEAR"
31165,52,"Doors","5210","AALA202512081645","door",3,"PASSENGER/CREW DOORS"
29517,25,"Equipment / Furnishings","2560","AALA202512093308","door",1,"EMERGENCY EQUIPMENT"
29525,25,"Equipment / Furnishings","2530","AALA202512122484","CND",1,"BUFFET/GALLEYS"
31265,53,"Fuselage","5310","AALA202601149944","panel",0,"FUSELAGE MAIN, STRUCTURE"
68103,27,"Flight Controls","2750","AALA202512163273","sensor",3,"TE FLAP CONTROL SYSTEM"
44483,25,"Equipment / Furnishings","2560","AALA202502245110","door",1,"EMERGENCY EQUIPMENT"
30905,21,"Air Conditioning","2130","AALA202512168232","valve",3,"CABIN PRESSURE CONTROL SYSTEM"
31095,52,"Doors","5250","AALA202512162853","CND",0,"FIXED INNER DOORS"
30905,21,"Air Conditioning","2130","AALA202512164641","valve",3,"CABIN PRESSURE CONTROL SYSTEM"
30905,21,"Air Conditioning","2130","AALA202512165396","valve",3,"CABIN PRESSURE CONTROL SYSTEM"
31190,53,"Fuselage","5340","AALA202601146317","other",0,"FUSELAGE MAIN, ATTACH FITTINGS"
31265,53,"Fuselage","5310","AALA202601144567","panel",0,"FUSELAGE MAIN, STRUCTURE"
68110,25,"Equipment / Furnishings","2560","AALA202512172873","pack",1,"EMERGENCY EQUIPMENT"
29540,52,"Doors","5250","AALA202512192791","door",0,"FIXED INNER DOORS"
33224,11,"Placards And Markings","1100","AALA202512225570","door",0,"PLACARDS AND MARKINGS"
31262,53,"Fuselage","5310","AALA202512233945","panel",0,"FUSELAGE MAIN, STRUCTURE"
29548,33,"Lights","3350","AALA202512024992","wheel",1,"EMERGENCY LIGHTING"
30916,52,"Doors","5210","AALA202512268920","door",0,"PASSENGER/CREW DOORS"
40584,33,"Lights","3350","AALA202512098118","battery",1,"EMERGENCY LIGHTING"
33492,33,"Lights","3350","AALA202512098160","other",1,"EMERGENCY LIGHTING"
33330,52,"Doors","5250","AALA202512108379","hinge",0,"FIXED INNER DOORS"
44491,21,"Air Conditioning","2120","AALA202512309092","oven",3,"AIR DISTRIBUTION SYSTEM"
33342,79,"Oil","7920","AALA202601066384","engine",3,"ENGINE OIL DISTRIBUTION (AIRFRAME)"
33518,33,"Lights","3350","AALA202512128787","door",1,"EMERGENCY LIGHTING"
40762,52,"Doors","5220","AALA202601130153","door",0,"EMERGENCY EXITS"
31190,53,"Fuselage","5340","AALA202601148411","other",0,"FUSELAGE MAIN, ATTACH FITTINGS"
31190,53,"Fuselage","5310","AALA202601144603","other",0,"FUSELAGE MAIN, STRUCTURE"
29564,52,"Doors","5210","AALA202506029401","CND",0,"PASSENGER/CREW DOORS"
31185,33,"Lights","3350","AALA202512179538","other",1,"EMERGENCY LIGHTING"
31190,53,"Fuselage","5310","AALA202601150084","other",0,"FUSELAGE MAIN, STRUCTURE"
29517,53,"Fuselage","5330","AALA202512211794","other",0,"FUSELAGE MAIN, PLATE/SKIN"
31262,53,"Fuselage","5330","AALA202512214281","other",0,"FUSELAGE MAIN, PLATE/SKIN"
31143,32,"Landing Gear","3240","AALA202512036774","CND",3,"LANDING GEAR BRAKE SYSTEM"
29506,25,"Equipment / Furnishings","2560","AALA202512265490","door",1,"EMERGENCY EQUIPMENT"
30090,21,"Air Conditioning","2130","AALA202512122151","valve",3,"CABIN PRESSURE CONTROL SYSTEM"
33491,26,"Fire Protection","2610","AALA202512269331","engine",3,"DETECTION SYSTEM"
29509,33,"Lights","3350","AALA202512268126","door",1,"EMERGENCY LIGHTING"
31101,33,"Lights","3350","AALA202512059058","other",1,"EMERGENCY LIGHTING"
33206,56,"Windows","5610","AALA202512301918","window",3,"FLIGHT COMPARTMENT WINDOWS"
44481,25,"Equipment / Furnishings","2560","AALA202601022967","other",1,"EMERGENCY EQUIPMENT"
31257,21,"Air Conditioning","2120","AALA202601021118","bleed air component",3,"AIR DISTRIBUTION SYSTEM"
31190,53,"Fuselage","5320","AALA202601155196","other",0,"FUSELAGE MISCELLANEOUS STRUCTURE"
31192,53,"Fuselage","5320","AALA202601141457","other",0,"FUSELAGE MISCELLANEOUS STRUCTURE"
29527,53,"Fuselage","5310","AALA202512168348","other",0,"FUSELAGE MAIN, STRUCTURE"
31189,53,"Fuselage","5320","AALA202601153033","other",0,"FUSELAGE MISCELLANEOUS STRUCTURE"
33203,53,"Fuselage","5320","AALA202601155948","other",0,"FUSELAGE MISCELLANEOUS STRUCTURE"
33203,53,"Fuselage","5320","AALA202601273518","panel",0,"FUSELAGE MISCELLANEOUS STRUCTURE"
33203,53,"Fuselage","5320","AALA202601277108","other",0,"FUSELAGE MISCELLANEOUS STRUCTURE"
29509,33,"Lights","3350","AALA202512202003","pack",1,"EMERGENCY LIGHTING"
31205,33,"Lights","3350","AALA202512045891","other",1,"EMERGENCY LIGHTING"
29576,25,"Equipment / Furnishings","2560","AALA202512053642","battery",1,"EMERGENCY EQUIPMENT"
33315,35,"Oxygen","3520","AALA202512100363","generator",3,"PASSENGER OXYGEN SYSTEM"
31189,53,"Fuselage","5340","AALA202601070381","panel",0,"FUSELAGE MAIN, ATTACH FITTINGS"
29509,28,"Fuel","2820","AALA202601051556","CND",3,"ACFT FUEL DISTRIB. SYSTEM"
33490,32,"Landing Gear","3240","AALA202512121925","strut",3,"LANDING GEAR BRAKE SYSTEM"
33344,53,"Fuselage","5340","AALA202512154190","other",0,"FUSELAGE MAIN, ATTACH FITTINGS"
33489,25,"Equipment / Furnishings","2560","AALA202512153752","other",1,"EMERGENCY EQUIPMENT"
29532,52,"Doors","5210","AALA202512166322","door",0,"PASSENGER/CREW DOORS"
29541,28,"Fuel","2820","AALA202512168333","CND",1,"ACFT FUEL DISTRIB. SYSTEM"
31190,53,"Fuselage","5320","AALA202601159120","other",0,"FUSELAGE MISCELLANEOUS STRUCTURE"
31190,53,"Fuselage","5320","AALA202601153526","other",0,"FUSELAGE MISCELLANEOUS STRUCTURE"
31218,53,"Fuselage","5320","AALA202601273185","other",0,"FUSELAGE MISCELLANEOUS STRUCTURE"
29505,33,"Lights","3350","AALA202512033086","door",1,"EMERGENCY LIGHTING"
33206,52,"Doors","5210","AALA202512247163","door",0,"PASSENGER/CREW DOORS"
44513,52,"Doors","5250","AALA202512048291","door",0,"FIXED INNER DOORS"
33348,33,"Lights","3350","AALA202512168420","other",1,"EMERGENCY LIGHTING"
31200,72,"Engine","7260","AALA202512293268","other",3,"TURBINE ENGINE ACCESSORY DRIVE"
44486,33,"Lights","3350","AALA202409192740","other",1,"EMERGENCY LIGHTING"
29545,52,"Doors","5250","AALA202512316254","door",0,"FIXED INNER DOORS"
44466,25,"Equipment / Furnishings","2560","AALA202512101707","battery",1,"EMERGENCY EQUIPMENT"
31192,56,"Windows","5630","AALA202601237626","window",0,"DOOR WINDOWS"
40768,52,"Doors","5210","AALA202512168043","switch",0,"PASSENGER/CREW DOORS"
31190,53,"Fuselage","5340","AALA202601146357","other",0,"FUSELAGE MAIN, ATTACH FITTINGS"
29505,33,"Lights","3350","AALA202512034907","other",1,"EMERGENCY LIGHTING"
31087,56,"Windows","5610","AALA202512249902","window",3,"FLIGHT COMPARTMENT WINDOWS"
33243,52,"Doors","5210","AALA202512245094","door",0,"PASSENGER/CREW DOORS"
33222,33,"Lights","3350","AALA202512083170","pack",1,"EMERGENCY LIGHTING"
33203,55,"Stabilizers","5510","AALA202512314214","other",0,"HORIZONTAL STABILIZER STRUCTURE"
31161,27,"Flight Controls","2750","AALA202512109479","other",3,"TE FLAP CONTROL SYSTEM"
29527,53,"Fuselage","5310","AALA202512108348","CND",0,"FUSELAGE MAIN, STRUCTURE"
68111,25,"Equipment / Furnishings","2560","AALA202512319503","other",1,"EMERGENCY EQUIPMENT"
44473,33,"Lights","3350","AALA202412117082","pack",1,"EMERGENCY LIGHTING"
31200,22,"Auto Flight","2230","AALA202506236919","pack",1,"AUTO THROTTLE SYSTEM"
29565,53,"Fuselage","5330","AALA202506235494","other",0,"FUSELAGE MAIN, PLATE/SKIN"
29543,55,"Stabilizers","5510","AALA202506230563","other",0,"HORIZONTAL STABILIZER STRUCTURE"
31105,52,"Doors","5220","AALA202506094398","door",0,"EMERGENCY EXITS"
44477,52,"Doors","5250","AALA202506104984","door",0,"FIXED INNER DOORS"
33487,53,"Fuselage","5320","AALA202506250995","panel",0,"FUSELAGE MISCELLANEOUS STRUCTURE"
33234,22,"Auto Flight","2210","AALA202506259622","switch",3,"AUTOPILOT SYSTEM"
33230,55,"Stabilizers","5530","AALA202507026676","other",0,"VERTICAL STABILIZER STRUCTURE"
30096,53,"Fuselage","5310","AALA202507029867","other",0,"FUSELAGE MAIN, STRUCTURE"
29556,25,"Equipment / Furnishings","2560","AALA202507223346","door",1,"EMERGENCY EQUIPMENT"
31261,52,"Doors","5250","AALA202506061819","door",0,"FIXED INNER DOORS"
33487,53,"Fuselage","5320","AALA202506207192","panel",0,"FUSELAGE MISCELLANEOUS STRUCTURE"
33487,53,"Fuselage","5320","AALA202506209771","panel",0,"FUSELAGE MISCELLANEOUS STRUCTURE"
31091,32,"Landing Gear","3240","AALA202506244178","CND",3,"LANDING GEAR BRAKE SYSTEM"
31230,21,"Air Conditioning","2120","AALA202506303349","CND",2,"AIR DISTRIBUTION SYSTEM"
31245,52,"Doors","5250","AALA202507010262","door",0,"FIXED INNER DOORS"
33488,56,"Windows","5630","AALA202507017399","window",0,"DOOR WINDOWS"
29569,25,"Equipment / Furnishings","2560","AALA202412231388","door",3,"EMERGENCY EQUIPMENT"
33345,52,"Doors","5250","AALA202506020258","door",0,"FIXED INNER DOORS"
29573,53,"Fuselage","5320","AALA202503137151","panel",0,"FUSELAGE MISCELLANEOUS STRUCTURE"
29517,25,"Equipment / Furnishings","2560","AALA202506039065","CND",1,"EMERGENCY EQUIPMENT"
29564,52,"Doors","5210","AALA202506057208","door",0,"PASSENGER/CREW DOORS"
29564,52,"Doors","5210","AALA202506050273","door",3,"PASSENGER/CREW DOORS"
33490,72,"Engine","7200","AALA202507086224","engine",3,"ENGINE (TURBINE/TURBOPROP)"
44446,33,"Lights","3350","AALA202506125603","pack",1,"EMERGENCY LIGHTING"
31157,32,"Landing Gear","3240","AALA202506182768","valve",2,"LANDING GEAR BRAKE SYSTEM"
40580,53,"Fuselage","5340","AALA202506202278","other",0,"FUSELAGE MAIN, ATTACH FITTINGS"
29516,32,"Landing Gear","3240","AALA202506236130","CND",2,"LANDING GEAR BRAKE SYSTEM"
31245,38,"Water / Waste","3830","AALA202506238750","valve",3,"WASTE DISPOSAL SYSTEM"
33230,53,"Fuselage","5310","AALA202506240982","other",0,"FUSELAGE MAIN, STRUCTURE"
33230,25,"Equipment / Furnishings","2560","AALA202506244837","door",1,"EMERGENCY EQUIPMENT"
30096,53,"Fuselage","5320","AALA202506242325","panel",0,"FUSELAGE MISCELLANEOUS STRUCTURE"
31203,52,"Doors","5250","AALA202511033306","door",0,"FIXED INNER DOORS"
40580,53,"Fuselage","5330","AALA202506263083","panel",0,"FUSELAGE MAIN, PLATE/SKIN"
33490,79,"Oil","7930","AALA202506306224","CND",3,"ENGINE OIL INDICATING SYSTEM"
33214,52,"Doors","5250","AALA202506301670","latch",0,"FIXED INNER DOORS"
31242,28,"Fuel","2820","AALA202506306150","compensator",3,"ACFT FUEL DISTRIB. SYSTEM"
29538,33,"Lights","3350","AALA202506040249","panel",1,"EMERGENCY LIGHTING"
33488,53,"Fuselage","5320","AALA202507085275","other",0,"FUSELAGE MISCELLANEOUS STRUCTURE"
29516,32,"Landing Gear","3240","AALA202507087237","pack",2,"LANDING GEAR BRAKE SYSTEM"
44452,33,"Lights","3350","AALA202506105349","door",1,"EMERGENCY LIGHTING"
29508,52,"Doors","5250","AALA202506115484","door",0,"FIXED INNER DOORS"
31200,32,"Landing Gear","3240","AALA202506194028","CND",2,"LANDING GEAR BRAKE SYSTEM"
68105,24,"Electrical Power","2430","AALA202506209012","CND",3,"DC GENERATING SYSTEM"
33487,53,"Fuselage","5320","AALA202506236537","panel",0,"FUSELAGE MISCELLANEOUS STRUCTURE"
29543,53,"Fuselage","5320","AALA202507219289","other",0,"FUSELAGE MISCELLANEOUS STRUCTURE"
33323,32,"Landing Gear","3240","AALA202402219869","valve",3,"LANDING GEAR BRAKE SYSTEM"
30099,28,"Fuel","2820","AALA202506230465","relay",1,"ACFT FUEL DISTRIB. SYSTEM"
30099,28,"Fuel","2800","AALA202506238865","relay",1,"AIRCRAFT FUEL SYSTEM"
33487,53,"Fuselage","5310","AALA202506245740","other",0,"FUSELAGE MAIN, STRUCTURE"
33341,52,"Doors","5250","AALA202506242383","door",0,"FIXED INNER DOORS"
29504,53,"Fuselage","5310","AALA202506254917","other",0,"FUSELAGE MAIN, STRUCTURE"
44465,33,"Lights","3350","AALA202506301360","other",1,"EMERGENCY LIGHTING"
33230,57,"Wings","5750","AALA202507248553","panel",0,"WING, CONTROL SURFACES"
33487,53,"Fuselage","5320","AALA202506274342","panel",0,"FUSELAGE MISCELLANEOUS STRUCTURE"
31242,28,"Fuel","2840","AALA202506304348","compensator",3,"ACFT FUEL INDICATING SYSTEM"
31268,53,"Fuselage","5340","AALA202506307826","hinge",0,"FUSELAGE MAIN, ATTACH FITTINGS"
29567,77,"Engine Indicating","7720","AALA202506302410","engine",3,"ENGINE TEMP. INDICATING SYSTEM"
29520,52,"Doors","5250","AALA202506305278","door",0,"FIXED INNER DOORS"
31253,31,"Indicating / Recording System","3130","AALA202507227026","battery",0,"DATA RECORDERS (FLT/MAINT)"
30598,32,"Landing Gear","3240","AALA202506048543","switch",3,"LANDING GEAR BRAKE SYSTEM"
33488,53,"Fuselage","5320","AALA202507080347","other",0,"FUSELAGE MISCELLANEOUS STRUCTURE"
68105,33,"Lights","3350","AALA202511047544","CND",1,"EMERGENCY LIGHTING"
44469,32,"Landing Gear","3240","AALA202506091834","bleed air component",3,"LANDING GEAR BRAKE SYSTEM"
44458,32,"Landing Gear","3240","AALA202506092391","brake",2,"LANDING GEAR BRAKE SYSTEM"
30080,24,"Electrical Power","2430","AALA202506106532","battery",3,"DC GENERATING SYSTEM"
33488,53,"Fuselage","5310","AALA202507110608","other",0,"FUSELAGE MAIN, STRUCTURE"
30096,55,"Stabilizers","5510","AALA202507144032","other",0,"HORIZONTAL STABILIZER STRUCTURE"
30096,53,"Fuselage","5310","AALA202507146448","other",0,"FUSELAGE MAIN, STRUCTURE"
31095,53,"Fuselage","5310","AALA202506179244","wheel",0,"FUSELAGE MAIN, STRUCTURE"
29515,52,"Doors","5210","AALA202506173297","door",3,"PASSENGER/CREW DOORS"
31275,25,"Equipment / Furnishings","2560","AALA202506177178","other",1,"EMERGENCY EQUIPMENT"
31105,53,"Fuselage","5330","AALA202506182220","door",0,"FUSELAGE MAIN, PLATE/SKIN"
33487,53,"Fuselage","5320","AALA202506206261","panel",0,"FUSELAGE MISCELLANEOUS STRUCTURE"
33230,53,"Fuselage","5310","AALA202506240761","panel",0,"FUSELAGE MAIN, STRUCTURE"
31073,72,"Engine","7200","AALA202506250435","engine",3,"ENGINE (TURBINE/TURBOPROP)"
29563,25,"Equipment / Furnishings","2560","AALA202506278171","door",1,"EMERGENCY EQUIPMENT"
31261,25,"Equipment / Furnishings","2560","AALA202506276070","battery",1,"EMERGENCY EQUIPMENT"
33491,52,"Doors","5250","AALA202506239455","door",0,"FIXED INNER DOORS"
33250,53,"Fuselage","5310","AALA202506099396","other",0,"FUSELAGE MAIN, STRUCTURE"
29572,25,"Equipment / Furnishings","2560","AALA202506094685","CND",1,"EMERGENCY EQUIPMENT"
30081,25,"Equipment / Furnishings","2560","AALA202506093908","latch",1,"EMERGENCY EQUIPMENT"
33488,53,"Fuselage","5310","AALA202507110368","other",0,"FUSELAGE MAIN, STRUCTURE"
29546,53,"Fuselage","5320","AALA202506137916","door",0,"FUSELAGE MISCELLANEOUS STRUCTURE"
44446,33,"Lights","3350","AALA202506128410","battery",1,"EMERGENCY LIGHTING"
33487,53,"Fuselage","5320","AALA202506208357","panel",0,"FUSELAGE MISCELLANEOUS STRUCTURE"
33487,53,"Fuselage","5320","AALA202506232800","other",0,"FUSELAGE MISCELLANEOUS STRUCTURE"
31073,72,"Engine","7200","AALA202506230435","CND",3,"ENGINE (TURBINE/TURBOPROP)"
29573,53,"Fuselage","5320","AALA202505077151","panel",0,"FUSELAGE MISCELLANEOUS STRUCTURE"
33234,53,"Fuselage","5320","AALA202511132460","other",0,"FUSELAGE MISCELLANEOUS STRUCTURE"
29546,25,"Equipment / Furnishings","2560","AALA202506258489","door",1,"EMERGENCY EQUIPMENT"
30096,53,"Fuselage","5340","AALA202506192267","other",0,"FUSELAGE MAIN, ATTACH FITTINGS"
31105,53,"Fuselage","5330","AALA202506199247","door",0,"FUSELAGE MAIN, PLATE/SKIN"
33318,28,"Fuel","2840","AALA202506252718","other",3,"ACFT FUEL INDICATING SYSTEM"
44475,21,"Air Conditioning","2120","AALA202506257165","CND",3,"AIR DISTRIBUTION SYSTEM"
40580,55,"Stabilizers","5510","AALA202506275949","other",0,"HORIZONTAL STABILIZER STRUCTURE"
31269,25,"Equipment / Furnishings","2560","AALA202506276839","battery",1,"EMERGENCY EQUIPMENT"
29534,25,"Equipment / Furnishings","2560","AALA202506303094","door",1,"EMERGENCY EQUIPMENT"
33487,57,"Wings","5750","AALA202507024439","other",0,"WING, CONTROL SURFACES"
31155,25,"Equipment / Furnishings","2560","AALA202506053166","other",1,"EMERGENCY EQUIPMENT"
31225,25,"Equipment / Furnishings","2560","AALA202506095784","door",1,"EMERGENCY EQUIPMENT"
29508,33,"Lights","3350","AALA202506093966","other",1,"EMERGENCY LIGHTING"
68114,33,"Lights","3350","AALA202506093496","pack",1,"EMERGENCY LIGHTING"
44477,52,"Doors","5250","AALA202506107407","door",0,"FIXED INNER DOORS"
33221,25,"Equipment / Furnishings","2530","AALA202506101962","CND",1,"BUFFET/GALLEYS"
33230,53,"Fuselage","5340","AALA202507117393","other",0,"FUSELAGE MAIN, ATTACH FITTINGS"
31149,32,"Landing Gear","3240","AALA202505139912","tire",3,"LANDING GEAR BRAKE SYSTEM"
33220,52,"Doors","5250","AALA202506068812","hinge",0,"FIXED INNER DOORS"
44485,52,"Doors","5250","AALA202506237147","door",0,"FIXED INNER DOORS"
30099,28,"Fuel","2800","AALA202506239921","relay",1,"AIRCRAFT FUEL SYSTEM"
33230,53,"Fuselage","5320","AALA202506242808","other",0,"FUSELAGE MISCELLANEOUS STRUCTURE"
33230,25,"Equipment / Furnishings","2560","AALA202506247877","door",1,"EMERGENCY EQUIPMENT"
31245,52,"Doors","5250","AALA202506250262","CND",0,"FIXED INNER DOORS"
29514,56,"Windows","5610","AALA202506305216","window",0,"FLIGHT COMPARTMENT WINDOWS"
44461,52,"Doors","5210","AALA202507013977","window",3,"PASSENGER/CREW DOORS"
44475,38,"Water / Waste","3830","AALA202507017165","valve",3,"WASTE DISPOSAL SYSTEM"
30091,33,"Lights","3350","AALA202506048831","other",1,"EMERGENCY LIGHTING"
29543,53,"Fuselage","5320","AALA202506058394","other",0,"FUSELAGE MISCELLANEOUS STRUCTURE"
44478,33,"Lights","3350","AALA202506094705","other",1,"EMERGENCY LIGHTING"
33488,53,"Fuselage","5320","AALA202507081915","other",0,"FUSELAGE MISCELLANEOUS STRUCTURE"
33488,53,"Fuselage","5320","AALA202507085795","panel",0,"FUSELAGE MISCELLANEOUS STRUCTURE"
29564,27,"Flight Controls","2730","AALA202506127305","computer",3,"ELEVATOR CONTROL SYSTEM"
33234,53,"Fuselage","5320","AALA202601143069","panel",0,"FUSELAGE MISCELLANEOUS STRUCTURE"
31226,28,"Fuel","2840","AALA202506171796","switch",1,"ACFT FUEL INDICATING SYSTEM"
33487,53,"Fuselage","5320","AALA202506208810","panel",0,"FUSELAGE MISCELLANEOUS STRUCTURE"
33487,53,"Fuselage","5320","AALA202506207558","panel",0,"FUSELAGE MISCELLANEOUS STRUCTURE"
33318,28,"Fuel","2840","AALA202506232718","CND",3,"ACFT FUEL INDICATING SYSTEM"
33230,53,"Fuselage","5320","AALA202506247482","panel",0,"FUSELAGE MISCELLANEOUS STRUCTURE"
33487,53,"Fuselage","5320","AALA202506232377","panel",0,"FUSELAGE MISCELLANEOUS STRUCTURE"
29543,53,"Fuselage","5320","AALA202507219324","other",0,"FUSELAGE MISCELLANEOUS STRUCTURE"
33487,53,"Fuselage","5320","AALA202506256132","panel",0,"FUSELAGE MISCELLANEOUS STRUCTURE"
33487,53,"Fuselage","5340","AALA202506261143","door",0,"FUSELAGE MAIN, ATTACH FITTINGS"
33224,28,"Fuel","2820","AALA202506272401","circuit breaker",3,"ACFT FUEL DISTRIB. SYSTEM"
33487,53,"Fuselage","5320","AALA202506279521","panel",0,"FUSELAGE MISCELLANEOUS STRUCTURE"
30096,53,"Fuselage","5340","AALA202506270401","other",0,"FUSELAGE MAIN, ATTACH FITTINGS"
44461,52,"Doors","5210","AALA202507019558","window",3,"PASSENGER/CREW DOORS"
33487,57,"Wings","5750","AALA202507024915","other",0,"WING, CONTROL SURFACES"
29518,52,"Doors","5210","AALA202506038452","door",0,"PASSENGER/CREW DOORS"
44455,25,"Equipment / Furnishings","2560","AALA202506059286","other",3,"EMERGENCY EQUIPMENT"
30096,53,"Fuselage","5310","AALA202506269300","door",0,"FUSELAGE MAIN, STRUCTURE"
29546,53,"Fuselage","5340","AALA202506135841","other",0,"FUSELAGE MAIN, ATTACH FITTINGS"
31105,53,"Fuselage","5310","AALA202506130807","wheel",0,"FUSELAGE MAIN, STRUCTURE"
44469,28,"Fuel","2840","AALA202506177072","switch",1,"ACFT FUEL INDICATING SYSTEM"
29569,52,"Doors","5250","AALA202506170872","hinge",0,"FIXED INNER DOORS"
29537,52,"Doors","5250","AALA202506179754","door",0,"FIXED INNER DOORS"
31214,32,"Landing Gear","3240","AALA202506189698","pack",2,"LANDING GEAR BRAKE SYSTEM"
33487,53,"Fuselage","5320","AALA202506203424","panel",0,"FUSELAGE MISCELLANEOUS STRUCTURE"
29504,53,"Fuselage","5310","AALA202506259387","other",0,"FUSELAGE MAIN, STRUCTURE"
30096,53,"Fuselage","5340","AALA202507142052","other",0,"FUSELAGE MAIN, ATTACH FITTINGS"
31171,52,"Doors","5250","AALA202506061232","door",0,"FIXED INNER DOORS"
31071,27,"Flight Controls","2780","AALA202506209039","sensor",3,"LE SLAT CONTROL SYSTEM"
33487,53,"Fuselage","5320","AALA202506236618","other",0,"FUSELAGE MISCELLANEOUS STRUCTURE"
33230,53,"Fuselage","5320","AALA202506244893","other",0,"FUSELAGE MISCELLANEOUS STRUCTURE"
30096,53,"Fuselage","5320","AALA202506240511","panel",0,"FUSELAGE MISCELLANEOUS STRUCTURE"
30084,33,"Lights","3350","AALA202506246733","pack",1,"EMERGENCY LIGHTING"
40580,53,"Fuselage","5320","AALA202506241341","other",0,"FUSELAGE MISCELLANEOUS STRUCTURE"
40767,57,"Wings","5750","AALA202506268867","other",0,"WING, CONTROL SURFACES"
33250,53,"Fuselage","5320","AALA202506099304","panel",0,"FUSELAGE MISCELLANEOUS STRUCTURE"
31242,28,"Fuel","2820","AALA202506307238","compensator",3,"ACFT FUEL DISTRIB. SYSTEM"
29556,53,"Fuselage","5320","AALA202507024576","other",0,"FUSELAGE MISCELLANEOUS STRUCTURE"
30078,52,"Doors","5250","AALA202506106825","door",0,"FIXED INNER DOORS"
33230,53,"Fuselage","5320","AALA202508014692","other",0,"FUSELAGE MISCELLANEOUS STRUCTURE"
30080,32,"Landing Gear","3240","AALA202506098697","brake",3,"LANDING GEAR BRAKE SYSTEM"
30096,53,"Fuselage","5340","AALA202507145481","other",0,"FUSELAGE MAIN, ATTACH FITTINGS"
30096,53,"Fuselage","5320","AALA202507149552","other",0,"FUSELAGE MISCELLANEOUS STRUCTURE"
30096,53,"Fuselage","5310","AALA202507118408","other",0,"FUSELAGE MAIN, STRUCTURE"
33221,25,"Equipment / Furnishings","2530","AALA202506181962","oven",1,"BUFFET/GALLEYS"
31214,32,"Landing Gear","3240","AALA202506189821","pack",2,"LANDING GEAR BRAKE SYSTEM"
31139,32,"Landing Gear","3240","AALA202506197975","control unit",2,"LANDING GEAR BRAKE SYSTEM"
33487,53,"Fuselage","5320","AALA202506208440","panel",0,"FUSELAGE MISCELLANEOUS STRUCTURE"
33230,53,"Fuselage","5320","AALA202507174692","other",0,"FUSELAGE MISCELLANEOUS STRUCTURE"
33487,53,"Fuselage","5320","AALA202506232556","panel",0,"FUSELAGE MISCELLANEOUS STRUCTURE"
33487,53,"Fuselage","5320","AALA202506239814","panel",0,"FUSELAGE MISCELLANEOUS STRUCTURE"
33487,53,"Fuselage","5310","AALA202506231256","panel",0,"FUSELAGE MAIN, STRUCTURE"
33487,53,"Fuselage","5320","AALA202506234442","other",0,"FUSELAGE MISCELLANEOUS STRUCTURE"
31196,25,"Equipment / Furnishings","2560","AALA202506234489","door",1,"EMERGENCY EQUIPMENT"
33490,72,"Engine","7200","AALA202506236217","CND",3,"ENGINE (TURBINE/TURBOPROP)"
29564,21,"Air Conditioning","2130","AALA202506107305","CND",3,"CABIN PRESSURE CONTROL SYSTEM"
31167,33,"Lights","3350","AALA202506065936","other",1,"EMERGENCY LIGHTING"
31095,52,"Doors","5210","AALA202506109211","door",0,"PASSENGER/CREW DOORS"
29572,25,"Equipment / Furnishings","2560","AALA202506104685","other",1,"EMERGENCY EQUIPMENT"
31157,32,"Landing Gear","3240","AALA202506112768","CND",2,"LANDING GEAR BRAKE SYSTEM"
29543,53,"Fuselage","5310","AALA202506130316","other",0,"FUSELAGE MAIN, STRUCTURE"
40580,55,"Stabilizers","5510","AALA202506271179","other",0,"HORIZONTAL STABILIZER STRUCTURE"
33490,72,"Engine","7200","AALA202506246217","engine",3,"ENGINE (TURBINE/TURBOPROP)"
44473,25,"Equipment / Furnishings","2560","AALA202506251119","other",1,"EMERGENCY EQUIPMENT"
40581,25,"Equipment / Furnishings","2560","AALA202506255256","other",1,"EMERGENCY EQUIPMENT"
33316,32,"Landing Gear","3230","AALA202506278765","switch",3,"LANDING GEAR RETRACT/EXTEND SYSTEM"
33239,52,"Doors","5250","AALA202506304191","door",0,"FIXED INNER DOORS"
33230,53,"Fuselage","5310","AALA202507021874","door",0,"FUSELAGE MAIN, STRUCTURE"
68107,33,"Lights","3350","AALA202506093291","other",1,"EMERGENCY LIGHTING"
31225,25,"Equipment / Furnishings","2560","AALA202506096022","door",1,"EMERGENCY EQUIPMENT"
29504,53,"Fuselage","5330","AALA202507096398","control rod",0,"FUSELAGE MAIN, PLATE/SKIN"
29504,27,"Flight Controls","2730","AALA202507099682","other",2,"ELEVATOR CONTROL SYSTEM"
29525,32,"Landing Gear","3240","AALA202506175422","control unit",3,"LANDING GEAR BRAKE SYSTEM"
68105,73,"Engine - Fuel And Control","7320","AALA202506208702","CND",3,"FUEL CONTROLLING SYSTEM"
33230,53,"Fuselage","5310","AALA202506246257","panel",0,"FUSELAGE MAIN, STRUCTURE"
31200,32,"Landing Gear","3240","AALA202506244028","CND",2,"LANDING GEAR BRAKE SYSTEM"
33490,75,"Bleed Air","7530","AALA202506240445","engine",3,"COMPRESSOR BLEED CONTROL"
33487,53,"Fuselage","5320","AALA202506251536","panel",0,"FUSELAGE MISCELLANEOUS STRUCTURE"
29546,25,"Equipment / Furnishings","2560","AALA202506279850","other",1,"EMERGENCY EQUIPMENT"
33487,53,"Fuselage","5310","AALA202506274434","other",0,"FUSELAGE MAIN, STRUCTURE"
33343,25,"Equipment / Furnishings","2560","AALA202511123160","latch",1,"EMERGENCY EQUIPMENT"
29556,52,"Doors","5240","AALA202507226649","control rod",0,"SERVICE DOORS"
29543,53,"Fuselage","5340","AALA202506055554","other",0,"FUSELAGE MAIN, ATTACH FITTINGS"
29545,52,"Doors","5250","AALA202506058763","door",0,"FIXED INNER DOORS"
33488,53,"Fuselage","5320","AALA202507085178","panel",0,"FUSELAGE MISCELLANEOUS STRUCTURE"
29537,52,"Doors","5250","AALA202506064271","door",0,"FIXED INNER DOORS"
33488,53,"Fuselage","5320","AALA202507118082","other",0,"FUSELAGE MISCELLANEOUS STRUCTURE"
31208,52,"Doors","5250","AALA202506190877","door",0,"FIXED INNER DOORS"
29542,53,"Fuselage","5310","AALA202412245722","wheel",0,"FUSELAGE MAIN, STRUCTURE"
29535,80,"Starting","8010","AALA202506171098","engine",3,"ENGINE CRANKING"
29537,52,"Doors","5250","AALA202506179392","door",0,"FIXED INNER DOORS"
29528,25,"Equipment / Furnishings","2560","AALA202506174821","door",1,"EMERGENCY EQUIPMENT"
33487,53,"Fuselage","5320","AALA202506203529","panel",0,"FUSELAGE MISCELLANEOUS STRUCTURE"
33230,53,"Fuselage","5320","AALA202506249702","other",0,"FUSELAGE MISCELLANEOUS STRUCTURE"
29509,52,"Doors","5250","AALA202506244126","switch",0,"FIXED INNER DOORS"
31095,25,"Equipment / Furnishings","2560","AALA202506247429","other",1,"EMERGENCY EQUIPMENT"
29572,31,"Indicating / Recording System","3150","AALA202506274764","CND",3,"CENTRAL WARNING"
31242,28,"Fuel","2820","AALA202506302917","compensator",3,"ACFT FUEL DISTRIB. SYSTEM"
29557,53,"Fuselage","5310","AALA202506038526","wheel",0,"FUSELAGE MAIN, STRUCTURE"
29534,52,"Doors","5250","AALA202506040977","door",0,"FIXED INNER DOORS"
31145,76,"Engine Controls","7600","AALA202506048034","CND",3,"ENGINE CONTROLS"
33488,53,"Fuselage","5320","AALA202507085774","other",0,"FUSELAGE MISCELLANEOUS STRUCTURE"
31105,52,"Doors","5220","AALA202506094137","door",0,"EMERGENCY EXITS"
31105,52,"Doors","5220","AALA202506094214","door",0,"EMERGENCY EXITS"
30080,32,"Landing Gear","3240","AALA202506098774","brake",3,"LANDING GEAR BRAKE SYSTEM"
40581,52,"Doors","5280","AALA202507131292","door",0,"LANDING GEAR DOORS"
29546,53,"Fuselage","5320","AALA202506133221","other",0,"FUSELAGE MISCELLANEOUS STRUCTURE"
33234,22,"Auto Flight","2210","AALA202506178071","CND",3,"AUTOPILOT SYSTEM"
29543,57,"Wings","5710","AALA202506173241","other",0,"WING, MAIN FRAME STRUCTURE"
29534,52,"Doors","5250","AALA202506178447","door",0,"FIXED INNER DOORS"
33487,53,"Fuselage","5320","AALA202506204257","panel",0,"FUSELAGE MISCELLANEOUS STRUCTURE"
29543,55,"Stabilizers","5510","AALA202506234795","other",0,"HORIZONTAL STABILIZER STRUCTURE"
33487,53,"Fuselage","5320","AALA202506230675","panel",0,"FUSELAGE MISCELLANEOUS STRUCTURE"
33487,53,"Fuselage","5320","AALA202506231262","door",0,"FUSELAGE MISCELLANEOUS STRUCTURE"
30096,53,"Fuselage","5320","AALA202506202484","other",0,"FUSELAGE MISCELLANEOUS STRUCTURE"
33322,53,"Fuselage","5320","AALA202506060922","latch",0,"FUSELAGE MISCELLANEOUS STRUCTURE"
30905,33,"Lights","3350","AALA202506094710","other",1,"EMERGENCY LIGHTING"
33487,53,"Fuselage","5320","AALA202506238624","panel",0,"FUSELAGE MISCELLANEOUS STRUCTURE"
33487,53,"Fuselage","5310","AALA202506238988","panel",0,"FUSELAGE MAIN, STRUCTURE"
31141,32,"Landing Gear","3240","AALA202506239155","brake",3,"LANDING GEAR BRAKE SYSTEM"
30096,53,"Fuselage","5320","AALA202506245379","panel",0,"FUSELAGE MISCELLANEOUS STRUCTURE"
29509,52,"Doors","5250","AALA202506246360","switch",0,"FIXED INNER DOORS"
29543,53,"Fuselage","5310","AALA202507212816","other",0,"FUSELAGE MAIN, STRUCTURE"
33234,22,"Auto Flight","2200","AALA202506258071","switch",3,"AUTO FLIGHT SYSTEM"
33230,53,"Fuselage","5310","AALA202506268731","other",0,"FUSELAGE MAIN, STRUCTURE"
68101,25,"Equipment / Furnishings","2560","AALA202507018080","pack",1,"EMERGENCY EQUIPMENT"
31171,25,"Equipment / Furnishings","2560","AALA202506031072","door",1,"EMERGENCY EQUIPMENT"
33322,53,"Fuselage","5320","AALA202506054182","other",0,"FUSELAGE MISCELLANEOUS STRUCTURE"
29508,52,"Doors","5250","AALA202506065484","CND",0,"FIXED INNER DOORS"
40581,53,"Fuselage","5310","AALA202506278499","wheel",0,"FUSELAGE MAIN, STRUCTURE"
29516,32,"Landing Gear","3240","AALA202507086130","pack",2,"LANDING GEAR BRAKE SYSTEM"
31091,32,"Landing Gear","3240","AALA202507084178","module",3,"LANDING GEAR BRAKE SYSTEM"
44452,33,"Lights","3350","AALA202506105411","other",1,"EMERGENCY LIGHTING"
40766,52,"Doors","5250","AALA202506103969","door",0,"FIXED INNER DOORS"
44446,33,"Lights","3350","AALA202506124491","battery",1,"EMERGENCY LIGHTING"
30097,25,"Equipment / Furnishings","2560","AALA202506173571","door",3,"EMERGENCY EQUIPMENT"
33229,25,"Equipment / Furnishings","2560","AALA202506174616","door",1,"EMERGENCY EQUIPMENT"
33487,53,"Fuselage","5320","AALA202506234160","other",0,"FUSELAGE MISCELLANEOUS STRUCTURE"
44470,25,"Equipment / Furnishings","2560","AALA202502243381","door",1,"EMERGENCY EQUIPMENT"
29556,25,"Equipment / Furnishings","2560","AALA202507104447","pack",1,"EMERGENCY EQUIPMENT"
33487,57,"Wings","5750","AALA202507026803","other",0,"WING, CONTROL SURFACES"
30096,53,"Fuselage","5320","AALA202506249947","panel",0,"FUSELAGE MISCELLANEOUS STRUCTURE"
33227,25,"Equipment / Furnishings","2560","AALA202412133696","CND",1,"EMERGENCY EQUIPMENT"
29530,29,"Hydraulic Power","2910","AALA202506259766","servo",3,"HYDRAULIC SYSTEM, MAIN"
44448,38,"Water / Waste","3830","AALA202506277486","other",3,"WASTE DISPOSAL SYSTEM"
29554,25,"Equipment / Furnishings","2560","AALA202506303427","door",1,"EMERGENCY EQUIPMENT"
33230,53,"Fuselage","5320","AALA202507021601","other",0,"FUSELAGE MISCELLANEOUS STRUCTURE"
33340,33,"Lights","3350","AALA202506043518","door",1,"EMERGENCY LIGHTING"
31173,52,"Doors","5250","AALA202506058731","hinge",0,"FIXED INNER DOORS"
44486,33,"Lights","3350","AALA202506091910","other",1,"EMERGENCY LIGHTING"
33211,53,"Fuselage","5340","AALA202506097180","hinge",0,"FUSELAGE MAIN, ATTACH FITTINGS"
30082,52,"Doors","5250","AALA202506093142","door",0,"FIXED INNER DOORS"
33488,53,"Fuselage","5320","AALA202507112604","other",0,"FUSELAGE MISCELLANEOUS STRUCTURE"
31272,73,"Engine - Fuel And Control","7310","AALA202503031571","engine",3,"ENGINE FUEL DISTRIBUTION"
44471,29,"Hydraulic Power","2910","AALA202506171728","other",3,"HYDRAULIC SYSTEM, MAIN"
29535,80,"Starting","8010","AALA202506170325","engine",3,"ENGINE CRANKING"
30084,33,"Lights","3350","AALA202506235637","other",1,"EMERGENCY LIGHTING"
31083,22,"Auto Flight","2210","AALA202506246972","tire",3,"AUTOPILOT SYSTEM"
40581,25,"Equipment / Furnishings","2560","AALA202506259367","other",1,"EMERGENCY EQUIPMENT"
31141,53,"Fuselage","5320","AALA202403014315","other",0,"FUSELAGE MISCELLANEOUS STRUCTURE"
30080,21,"Air Conditioning","2120","AALA202506056042","CND",3,"AIR DISTRIBUTION SYSTEM"
29546,53,"Fuselage","5340","AALA202506131457","other",0,"FUSELAGE MAIN, ATTACH FITTINGS"
29515,33,"Lights","3350","AALA202502263696","other",1,"EMERGENCY LIGHTING"
29536,75,"Bleed Air","7510","AALA202506122667","CND",3,"ENGINE ANTI-ICING SYSTEM"
31214,32,"Landing Gear","3240","AALA202506179821","CND",2,"LANDING GEAR BRAKE SYSTEM"
29515,52,"Doors","5210","AALA202506180363","door",0,"PASSENGER/CREW DOORS"
31105,53,"Fuselage","5340","AALA202506191268","other",0,"FUSELAGE MAIN, ATTACH FITTINGS"
40580,53,"Fuselage","5310","AALA202506209829","wheel",0,"FUSELAGE MAIN, STRUCTURE"
33328,38,"Water / Waste","3830","AALA202506200077","other",3,"WASTE DISPOSAL SYSTEM"
68105,24,"Electrical Power","2430","AALA202506202065","CND",3,"DC GENERATING SYSTEM"
33487,53,"Fuselage","5310","AALA202506231718","other",0,"FUSELAGE MAIN, STRUCTURE"
33230,53,"Fuselage","5320","AALA202506242396","other",0,"FUSELAGE MISCELLANEOUS STRUCTURE"
33487,53,"Fuselage","5310","AALA202506249129","other",0,"FUSELAGE MAIN, STRUCTURE"
29557,55,"Stabilizers","5510","AALA202506039125","hinge",0,"HORIZONTAL STABILIZER STRUCTURE"
44461,52,"Doors","5240","AALA202506274784","window",3,"SERVICE DOORS"
31242,28,"Fuel","2840","AALA202506304331","compensator",3,"ACFT FUEL INDICATING SYSTEM"
40766,52,"Doors","5250","AALA202506303952","door",0,"FIXED INNER DOORS"
31230,52,"Doors","5250","AALA202506308957","door",0,"FIXED INNER DOORS"
30096,33,"Lights","3350","AALA202506309225","other",1,"EMERGENCY LIGHTING"
30094,33,"Lights","3350","AALA202506307149","other",1,"EMERGENCY LIGHTING"
30907,38,"Water / Waste","3810","AALA202506028362","heater",3,"POTABLE WATER SYSTEM"
29518,52,"Doors","5210","AALA202506028452","CND",0,"PASSENGER/CREW DOORS"
31230,51,"Standard Practices And Structures - General","5100","AALA202507023349","other",0,"STANDARD PRACTICES/STRUCTURES"
31160,24,"Electrical Power","2400","AALA202502260210","other",3,"ELECTRICAL POWER SYSTEM"
29554,53,"Fuselage","5350","AALA202506031978","other",3,"AERODYNAMIC FAIRINGS"
29508,33,"Lights","3350","AALA202506043966","CND",1,"EMERGENCY LIGHTING"
31244,52,"Doors","5210","AALA202506093342","door",0,"PASSENGER/CREW DOORS"
30080,21,"Air Conditioning","2120","AALA202506106042","battery",3,"AIR DISTRIBUTION SYSTEM"
30080,53,"Fuselage","5320","AALA202506104603","battery",3,"FUSELAGE MISCELLANEOUS STRUCTURE"
30096,53,"Fuselage","5320","AALA202507110976","duct",0,"FUSELAGE MISCELLANEOUS STRUCTURE"
44477,52,"Doors","5250","AALA202506120615","door",0,"FIXED INNER DOORS"
29512,56,"Windows","5610","AALA202506170685","window",3,"FLIGHT COMPARTMENT WINDOWS"
31077,53,"Fuselage","5310","AALA202506179829","wheel",0,"FUSELAGE MAIN, STRUCTURE"
31157,25,"Equipment / Furnishings","2560","AALA202506175757","door",1,"EMERGENCY EQUIPMENT"
29515,52,"Doors","5210","AALA202506170363","door",3,"PASSENGER/CREW DOORS"
44475,52,"Doors","5250","AALA202506190774","door",0,"FIXED INNER DOORS"
30598,53,"Fuselage","5330","AALA202403014710","other",0,"FUSELAGE MAIN, PLATE/SKIN"
33487,53,"Fuselage","5310","AALA202506247383","other",0,"FUSELAGE MAIN, STRUCTURE"
33337,33,"Lights","3350","AALA202506245823","door",1,"EMERGENCY LIGHTING"
29543,53,"Fuselage","5310","AALA202507217304","other",0,"FUSELAGE MAIN, STRUCTURE"
33487,53,"Fuselage","5320","AALA202506271604","other",0,"FUSELAGE MISCELLANEOUS STRUCTURE"
44461,52,"Doors","5210","AALA202507014784","window",3,"PASSENGER/CREW DOORS"
29564,52,"Doors","5210","AALA202506059401","door",0,"PASSENGER/CREW DOORS"
33250,53,"Fuselage","5310","AALA202506095050","other",0,"FUSELAGE MAIN, STRUCTURE"
33230,55,"Stabilizers","5510","AALA202507116938","other",0,"HORIZONTAL STABILIZER STRUCTURE"
44446,33,"Lights","3350","AALA202506129917","battery",1,"EMERGENCY LIGHTING"
33488,53,"Fuselage","5320","AALA202507145857","panel",0,"FUSELAGE MISCELLANEOUS STRUCTURE"
31139,32,"Landing Gear","3240","AALA202506177975","CND",2,"LANDING GEAR BRAKE SYSTEM"
33487,53,"Fuselage","5320","AALA202506205847","panel",0,"FUSELAGE MISCELLANEOUS STRUCTURE"
33487,53,"Fuselage","5320","AALA202506208557","panel",0,"FUSELAGE MISCELLANEOUS STRUCTURE"
33487,53,"Fuselage","5320","AALA202506232213","other",0,"FUSELAGE MISCELLANEOUS STRUCTURE"
33487,53,"Fuselage","5320","AALA202506235493","panel",0,"FUSELAGE MISCELLANEOUS STRUCTURE"
29508,52,"Doors","5250","AALA202506236025","door",0,"FIXED INNER DOORS"
31131,25,"Equipment / Furnishings","2560","AALA202511201596","pack",1,"EMERGENCY EQUIPMENT"
33213,25,"Equipment / Furnishings","2560","AALA202506065511","other",1,"EMERGENCY EQUIPMENT"
33247,28,"Fuel","2820","AALA202507088645","relay",3,"ACFT FUEL DISTRIB. SYSTEM"
30080,21,"Air Conditioning","2120","AALA202506104888","battery",3,"AIR DISTRIBUTION SYSTEM"
31178,52,"Doors","5250","AALA202506113534","door",0,"FIXED INNER DOORS"
30908,33,"Lights","3350","AALA202408124137","other",1,"EMERGENCY LIGHTING"
31151,53,"Fuselage","5340","AALA202408169291","other",0,"FUSELAGE MAIN, ATTACH FITTINGS"
29508,53,"Fuselage","5320","AALA202408312628","other",0,"FUSELAGE MISCELLANEOUS STRUCTURE"
31153,25,"Equipment / Furnishings","2560","AALA202408306799","door",1,"EMERGENCY EQUIPMENT"
31154,53,"Fuselage","5320","AALA202409114869","door",0,"FUSELAGE MISCELLANEOUS STRUCTURE"
30089,53,"Fuselage","5320","AALA202408055705","other",0,"FUSELAGE MISCELLANEOUS STRUCTURE"
30088,57,"Wings","5710","AALA202408204018","other",0,"WING, MAIN FRAME STRUCTURE"
31242,32,"Landing Gear","3240","AALA202408307534","control unit",2,"LANDING GEAR BRAKE SYSTEM"
29509,53,"Fuselage","5300","AALA202408156403","CND",3,"FUSELAGE STRUCTURE (GENERAL)"
31215,52,"Doors","5250","AALA202408272978","door",0,"FIXED INNER DOORS"
29514,25,"Equipment / Furnishings","2520","AALA202408195655","panel",3,"PASSENGER COMPARTMENT EQUIPMENT"
33205,75,"Bleed Air","7500","AALA202408195035","engine",3,"ENGINE BLEED AIR SYSTEM"
31154,53,"Fuselage","5310","AALA202409262160","other",0,"FUSELAGE MAIN, STRUCTURE"
30087,53,"Fuselage","5320","AALA202408059053","other",0,"FUSELAGE MISCELLANEOUS STRUCTURE"
33225,53,"Fuselage","5320","AALA202408056846","other",0,"FUSELAGE MISCELLANEOUS STRUCTURE"
31189,33,"Lights","3350","AALA202408266933","other",1,"EMERGENCY LIGHTING"
44476,52,"Doors","5250","AALA202408265749","latch",0,"FIXED INNER DOORS"
29540,49,"Airborne Auxiliary Power","4990","AALA202408265311","switch",3,"APU OIL SYSTEM"
29568,33,"Lights","3350","AALA202408278408","CND",1,"EMERGENCY LIGHTING"
33226,53,"Fuselage","5320","AALA202409095029","other",0,"FUSELAGE MISCELLANEOUS STRUCTURE"
29532,21,"Air Conditioning","2150","AALA202408221621","valve",3,"CABIN COOLING SYSTEM"
44484,25,"Equipment / Furnishings","2530","AALA202408095998","CND",3,"BUFFET/GALLEYS"
31135,32,"Landing Gear","3240","AALA202505198180","wheel",3,"LANDING GEAR BRAKE SYSTEM"
29536,27,"Flight Controls","2780","AALA202505190472","sensor",3,"LE SLAT CONTROL SYSTEM"
68103,33,"Lights","3350","AALA202408138679","other",1,"EMERGENCY LIGHTING"
44472,53,"Fuselage","5320","AALA202408138366","tire",3,"FUSELAGE MISCELLANEOUS STRUCTURE"
33209,33,"Lights","3350","AALA202408121112","other",1,"EMERGENCY LIGHTING"
33226,53,"Fuselage","5320","AALA202410140818","door",0,"FUSELAGE MISCELLANEOUS STRUCTURE"
31099,25,"Equipment / Furnishings","2560","AALA202408022313","door",1,"EMERGENCY EQUIPMENT"
30089,53,"Fuselage","5310","AALA202408053097","panel",0,"FUSELAGE MAIN, STRUCTURE"
44472,53,"Fuselage","5320","AALA202408143347","tire",3,"FUSELAGE MISCELLANEOUS STRUCTURE"
31154,53,"Fuselage","5310","AALA202409235617","other",0,"FUSELAGE MAIN, STRUCTURE"
31151,53,"Fuselage","5320","AALA202408263723","other",0,"FUSELAGE MISCELLANEOUS STRUCTURE"
33345,32,"Landing Gear","3220","AALA202408155579","wheel",3,"NOSE/TAIL LANDING GEAR"
29521,33,"Lights","3350","AALA202409042823","door",1,"EMERGENCY LIGHTING"
29568,33,"Lights","3350","AALA202408273425","other",1,"EMERGENCY LIGHTING"
31154,53,"Fuselage","5320","AALA202409115018","other",0,"FUSELAGE MISCELLANEOUS STRUCTURE"
31159,25,"Equipment / Furnishings","2560","AALA202404257536","door",1,"EMERGENCY EQUIPMENT"
30096,28,"Fuel","2820","AALA202408202009","CND",1,"ACFT FUEL DISTRIB. SYSTEM"
31067,52,"Doors","5250","AALA202408204008","door",0,"FIXED INNER DOORS"
33487,25,"Equipment / Furnishings","2560","AALA202408211405","door",3,"EMERGENCY EQUIPMENT"
29549,52,"Doors","5250","AALA202408213636","CND",0,"FIXED INNER DOORS"
31151,53,"Fuselage","5310","AALA202409091796","other",0,"FUSELAGE MAIN, STRUCTURE"
31165,52,"Doors","5250","AALA202408057025","door",0,"FIXED INNER DOORS"
30089,53,"Fuselage","5320","AALA202408057617","other",0,"FUSELAGE MISCELLANEOUS STRUCTURE"
30092,27,"Flight Controls","2780","AALA202408142842","sensor",3,"LE SLAT CONTROL SYSTEM"
31143,32,"Landing Gear","3230","AALA202408149633","other",3,"LANDING GEAR RETRACT/EXTEND SYSTEM"
40584,53,"Fuselage","5320","AALA202408060309","door",0,"FUSELAGE MISCELLANEOUS STRUCTURE"
31151,53,"Fuselage","5310","AALA202408263513","other",0,"FUSELAGE MAIN, STRUCTURE"
33317,52,"Doors","5210","AALA202408264878","door",3,"PASSENGER/CREW DOORS"
44477,33,"Lights","3350","AALA202408087074","door",1,"EMERGENCY LIGHTING"
31270,33,"Lights","3350","AALA202408082598","other",1,"EMERGENCY LIGHTING"
30916,52,"Doors","5250","AALA202408088682","CND",0,"FIXED INNER DOORS"
33225,53,"Fuselage","5320","AALA202408190451","other",0,"FUSELAGE MISCELLANEOUS STRUCTURE"
31151,53,"Fuselage","5320","AALA202408129716","other",0,"FUSELAGE MISCELLANEOUS STRUCTURE"
31237,25,"Equipment / Furnishings","2560","AALA202408202304","pack",3,"EMERGENCY EQUIPMENT"
31258,25,"Equipment / Furnishings","2560","AALA202408203682","other",1,"EMERGENCY EQUIPMENT"
29518,33,"Lights","3350","AALA202408205669","CND",1,"EMERGENCY LIGHTING"
29511,32,"Landing Gear","3240","AALA202408276145","brake",3,"LANDING GEAR BRAKE SYSTEM"
33226,53,"Fuselage","5320","AALA202409094186","other",0,"FUSELAGE MISCELLANEOUS STRUCTURE"
31151,53,"Fuselage","5310","AALA202409099129","other",0,"FUSELAGE MAIN, STRUCTURE"
29508,53,"Fuselage","5320","AALA202408317525","other",0,"FUSELAGE MISCELLANEOUS STRUCTURE"
29513,33,"Lights","3350","AALA202408300319","door",1,"EMERGENCY LIGHTING"
30828,25,"Equipment / Furnishings","2560","AALA202408239220","other",1,"EMERGENCY EQUIPMENT"
31178,33,"Lights","3350","AALA202408099694","other",1,"EMERGENCY LIGHTING"
29509,51,"Standard Practices And Structures - General","5100","AALA202408096403","CND",3,"STANDARD PRACTICES/STRUCTURES"
44484,25,"Equipment / Furnishings","2530","AALA202408145998","oven",3,"BUFFET/GALLEYS"
33226,53,"Fuselage","5320","AALA202408268799","other",0,"FUSELAGE MISCELLANEOUS STRUCTURE"
44458,53,"Fuselage","5320","AALA202408266244","other",0,"FUSELAGE MISCELLANEOUS STRUCTURE"
33317,53,"Fuselage","5320","AALA202409111066","other",0,"FUSELAGE MISCELLANEOUS STRUCTURE"
33317,53,"Fuselage","5320","AALA202409113150","other",0,"FUSELAGE MISCELLANEOUS STRUCTURE"
33317,53,"Fuselage","5310","AALA202409111394","other",0,"FUSELAGE MAIN, STRUCTURE"
30087,53,"Fuselage","5330","AALA202408271344","door",0,"FUSELAGE MAIN, PLATE/SKIN"
30088,53,"Fuselage","5340","AALA202408203842","other",0,"FUSELAGE MAIN, ATTACH FITTINGS"
30088,57,"Wings","5710","AALA202408204774","other",0,"WING, MAIN FRAME STRUCTURE"
31151,53,"Fuselage","5310","AALA202408120180","panel",0,"FUSELAGE MAIN, STRUCTURE"
30906,33,"Lights","3350","AALA202404305146","CND",1,"EMERGENCY LIGHTING"
33214,34,"Navigation","3440","AALA202408281965","antenna",3,"INDEPENDENT POS. DETERMINING SYSTEM"
44461,33,"Lights","3350","AALA202408127052","battery",1,"EMERGENCY LIGHTING"
33487,25,"Equipment / Furnishings","2560","AALA202408122736","other",1,"EMERGENCY EQUIPMENT"
33226,53,"Fuselage","5320","AALA202410242803","door",0,"FUSELAGE MISCELLANEOUS STRUCTURE"
30088,53,"Fuselage","5340","AALA202408218159","other",0,"FUSELAGE MAIN, ATTACH FITTINGS"
30087,55,"Stabilizers","5530","AALA202408139521","other",0,"VERTICAL STABILIZER STRUCTURE"
30089,57,"Wings","5740","AALA202408137327","other",0,"WING, ATTACH FITTINGS"
44458,33,"Lights","3350","AALA202408278591","other",1,"EMERGENCY LIGHTING"
29568,33,"Lights","3350","AALA202408274870","other",1,"EMERGENCY LIGHTING"
33225,53,"Fuselage","5310","AALA202408097028","panel",0,"FUSELAGE MAIN, STRUCTURE"
33225,53,"Fuselage","5320","AALA202408091280","other",0,"FUSELAGE MISCELLANEOUS STRUCTURE"
29522,33,"Lights","3350","AALA202409055512","other",1,"EMERGENCY LIGHTING"
33520,52,"Doors","5250","AALA202408282046","latch",0,"FIXED INNER DOORS"
31135,33,"Lights","3350","AALA202408122241","other",3,"EMERGENCY LIGHTING"
29508,53,"Fuselage","5320","AALA202408319668","other",0,"FUSELAGE MISCELLANEOUS STRUCTURE"
31087,53,"Fuselage","5310","AALA202502232855","other",0,"FUSELAGE MAIN, STRUCTURE"
44448,75,"Bleed Air","7510","AALA202408153288","engine",3,"ENGINE ANTI-ICING SYSTEM"
30087,53,"Fuselage","5320","AALA202408086988","other",0,"FUSELAGE MISCELLANEOUS STRUCTURE"
44483,57,"Wings","5730","AALA202412230843","other",0,"WING, PLATES/SKINS"
30910,52,"Doors","5210","AALA202501294054","CND",0,"PASSENGER/CREW DOORS"
31233,25,"Equipment / Furnishings","2560","AALA202408193341","door",1,"EMERGENCY EQUIPMENT"
33205,72,"Engine","7200","AALA202408195264","engine",3,"ENGINE (TURBINE/TURBOPROP)"
33226,53,"Fuselage","5340","AALA202409253868","other",0,"FUSELAGE MAIN, ATTACH FITTINGS"
29524,53,"Fuselage","5310","AALA202409122538","other",0,"FUSELAGE MAIN, STRUCTURE"
30091,25,"Equipment / Furnishings","2560","AALA202404256249","other",1,"EMERGENCY EQUIPMENT"
29503,33,"Lights","3350","AALA202408122135","CND",1,"EMERGENCY LIGHTING"
44453,33,"Lights","3350","AALA202412053359","pack",1,"EMERGENCY LIGHTING"
31172,53,"Fuselage","5320","AALA202505215196","other",0,"FUSELAGE MISCELLANEOUS STRUCTURE"
33317,53,"Fuselage","5320","AALA202409164383","panel",0,"FUSELAGE MISCELLANEOUS STRUCTURE"
30089,51,"Standard Practices And Structures - General","5100","AALA202408235177","other",0,"STANDARD PRACTICES/STRUCTURES"
31127,52,"Doors","5250","AALA202408198500","latch",0,"FIXED INNER DOORS"
68107,21,"Air Conditioning","2120","AALA202408068709","CND",3,"AIR DISTRIBUTION SYSTEM"
44470,32,"Landing Gear","3230","AALA202408266142","switch",3,"LANDING GEAR RETRACT/EXTEND SYSTEM"
33226,53,"Fuselage","5310","AALA202409257068","other",0,"FUSELAGE MAIN, STRUCTURE"
33225,53,"Fuselage","5310","AALA202408093598","panel",0,"FUSELAGE MAIN, STRUCTURE"
30088,53,"Fuselage","5340","AALA202408213422","other",0,"FUSELAGE MAIN, ATTACH FITTINGS"
29573,53,"Fuselage","5320","AALA202502267755","other",0,"FUSELAGE MISCELLANEOUS STRUCTURE"
33226,53,"Fuselage","5320","AALA202409097521","other",0,"FUSELAGE MISCELLANEOUS STRUCTURE"
40581,57,"Wings","5750","AALA202408138484","CND",0,"WING, CONTROL SURFACES"
33226,53,"Fuselage","5320","AALA202410147145","other",0,"FUSELAGE MISCELLANEOUS STRUCTURE"
29508,53,"Fuselage","5320","AALA202408319944","other",0,"FUSELAGE MISCELLANEOUS STRUCTURE"
40766,33,"Lights","3350","AALA202408302987","other",1,"EMERGENCY LIGHTING"
31151,53,"Fuselage","5310","AALA202408263359","other",0,"FUSELAGE MAIN, STRUCTURE"
29568,33,"Lights","3350","AALA202408270383","other",1,"EMERGENCY LIGHTING"
33233,53,"Fuselage","5320","AALA202601150368","other",0,"FUSELAGE MISCELLANEOUS STRUCTURE"
31099,72,"Engine","7200","AALA202408159660","engine",3,"ENGINE (TURBINE/TURBOPROP)"
31233,25,"Equipment / Furnishings","2560","AALA202408153341","CND",1,"EMERGENCY EQUIPMENT"
33327,73,"Engine - Fuel And Control","7310","AALA202409045990","engine",3,"ENGINE FUEL DISTRIBUTION"
29568,33,"Lights","3350","AALA202408276632","other",1,"EMERGENCY LIGHTING"
29548,34,"Navigation","3440","AALA202408279091","CND",3,"INDEPENDENT POS. DETERMINING SYSTEM"
33208,57,"Wings","5730","AALA202408097298","panel",0,"WING, PLATES/SKINS"
31151,53,"Fuselage","5320","AALA202408121010","other",0,"FUSELAGE MISCELLANEOUS STRUCTURE"
33209,33,"Lights","3350","AALA202408123998","other",1,"EMERGENCY LIGHTING"
33226,53,"Fuselage","5310","AALA202409259575","other",0,"FUSELAGE MAIN, STRUCTURE"
31151,53,"Fuselage","5320","AALA202409095128","other",0,"FUSELAGE MISCELLANEOUS STRUCTURE"
31151,53,"Fuselage","5320","AALA202408269686","other",0,"FUSELAGE MISCELLANEOUS STRUCTURE"
29506,49,"Airborne Auxiliary Power","4950","AALA202408059415","bleed air component",3,"APU BLEED AIR SYSTEM"
29568,32,"Landing Gear","3210","AALA202408130004","other",2,"MAIN LANDING GEAR"
40582,33,"Lights","3350","AALA202408070371","other",1,"EMERGENCY LIGHTING"
30600,25,"Equipment / Furnishings","2560","AALA202408124760","door",3,"EMERGENCY EQUIPMENT"
44458,33,"Lights","3350","AALA202408279153","other",1,"EMERGENCY LIGHTING"
33317,53,"Fuselage","5310","AALA202409165343","other",0,"FUSELAGE MAIN, STRUCTURE"
30087,53,"Fuselage","5320","AALA202408220181","door",0,"FUSELAGE MISCELLANEOUS STRUCTURE"
29507,33,"Lights","3350","AALA202408143669","other",1,"EMERGENCY LIGHTING"
31154,53,"Fuselage","5310","AALA202409172875","other",0,"FUSELAGE MAIN, STRUCTURE"
33219,52,"Doors","5250","AALA202408078515","latch",0,"FIXED INNER DOORS"
33331,34,"Navigation","3440","AALA202408079690","antenna",3,"INDEPENDENT POS. DETERMINING SYSTEM"
31272,33,"Lights","3350","AALA202408129811","pack",3,"EMERGENCY LIGHTING"
31143,73,"Engine - Fuel And Control","7300","AALA202408083286","switch",3,"ENGINE FUEL AND CONTROL"
29572,28,"Fuel","2840","AALA202408158663","probe",3,"ACFT FUEL INDICATING SYSTEM"
33205,77,"Engine Indicating","7730","AALA202408165264","CND",3,"ENGINE IGNITION ANALYZER SYSTEM"
29513,22,"Auto Flight","2200","AALA202408199239","panel",3,"AUTO FLIGHT SYSTEM"
31159,52,"Doors","5250","AALA202408209374","door",0,"FIXED INNER DOORS"
44468,32,"Landing Gear","3240","AALA202408208392","brake",3,"LANDING GEAR BRAKE SYSTEM"
33226,53,"Fuselage","5320","AALA202409099611","other",0,"FUSELAGE MISCELLANEOUS STRUCTURE"
33226,53,"Fuselage","5320","AALA202409098926","panel",0,"FUSELAGE MISCELLANEOUS STRUCTURE"
31149,25,"Equipment / Furnishings","2560","AALA202408223563","door",1,"EMERGENCY EQUIPMENT"
44483,56,"Windows","5610","AALA202408226341","window",3,"FLIGHT COMPARTMENT WINDOWS"
44472,53,"Fuselage","5320","AALA202408130751","tire",3,"FUSELAGE MISCELLANEOUS STRUCTURE"
29508,53,"Fuselage","5320","AALA202408315178","other",0,"FUSELAGE MISCELLANEOUS STRUCTURE"
33226,53,"Fuselage","5320","AALA202409099763","other",0,"FUSELAGE MISCELLANEOUS STRUCTURE"
29508,53,"Fuselage","5320","AALA202408319598","other",0,"FUSELAGE MISCELLANEOUS STRUCTURE"
31159,25,"Equipment / Furnishings","2560","AALA202408024613","door",1,"EMERGENCY EQUIPMENT"
44461,33,"Lights","3350","AALA202408128677","battery",1,"EMERGENCY LIGHTING"
31154,53,"Fuselage","5320","AALA202409136337","panel",0,"FUSELAGE MISCELLANEOUS STRUCTURE"
30089,53,"Fuselage","5310","AALA202408054524","panel",0,"FUSELAGE MAIN, STRUCTURE"
31165,53,"Fuselage","5320","AALA202408058103","door",0,"FUSELAGE MISCELLANEOUS STRUCTURE"
31165,53,"Fuselage","5320","AALA202502045993","other",0,"FUSELAGE MISCELLANEOUS STRUCTURE"
29532,21,"Air Conditioning","2160","AALA202408141621","CND",3,"CABIN TEMPERATURE CONTROL SYSTEM"
29514,21,"Air Conditioning","2120","AALA202408145655","CND",3,"AIR DISTRIBUTION SYSTEM"
30920,52,"Doors","5250","AALA202408264517","control rod",0,"FIXED INNER DOORS"
29568,53,"Fuselage","5320","AALA202408070258","panel",0,"FUSELAGE MISCELLANEOUS STRUCTURE"
33317,53,"Fuselage","5320","AALA202409113355","panel",0,"FUSELAGE MISCELLANEOUS STRUCTURE"
33317,53,"Fuselage","5310","AALA202409116210","other",0,"FUSELAGE MAIN, STRUCTURE"
33205,21,"Air Conditioning","2120","AALA202408165035","CND",3,"AIR DISTRIBUTION SYSTEM"
31079,33,"Lights","3350","AALA202408164764","other",1,"EMERGENCY LIGHTING"
29568,53,"Fuselage","5310","AALA202408093298","panel",0,"FUSELAGE MAIN, STRUCTURE"
31154,53,"Fuselage","5320","AALA202409193639","door",0,"FUSELAGE MISCELLANEOUS STRUCTURE"
31154,53,"Fuselage","5320","AALA202409196540","panel",0,"FUSELAGE MISCELLANEOUS STRUCTURE"
31219,33,"Lights","3350","AALA202408204325","other",1,"EMERGENCY LIGHTING"
33232,28,"Fuel","2810","AALA202408213461","CND",3,"FUEL STORAGE"
40765,33,"Lights","3350","AALA202408095221","other",1,"EMERGENCY LIGHTING"
29554,33,"Lights","3350","AALA202408210061","other",1,"EMERGENCY LIGHTING"
29542,32,"Landing Gear","3240","AALA202505238006","module",2,"LANDING GEAR BRAKE SYSTEM"
31151,53,"Fuselage","5320","AALA202409099364","other",0,"FUSELAGE MISCELLANEOUS STRUCTURE"
29522,33,"Lights","3350","AALA202408305512","CND",1,"EMERGENCY LIGHTING"
33317,53,"Fuselage","5320","AALA202409165483","panel",0,"FUSELAGE MISCELLANEOUS STRUCTURE"
29526,25,"Equipment / Furnishings","2560","AALA202408239313","door",1,"EMERGENCY EQUIPMENT"
31196,52,"Doors","5250","AALA202408264256","latch",0,"FIXED INNER DOORS"
33317,55,"Stabilizers","5510","AALA202409185016","other",0,"HORIZONTAL STABILIZER STRUCTURE"
31143,73,"Engine - Fuel And Control","7300","AALA202408088277","switch",3,"ENGINE FUEL AND CONTROL"
31257,33,"Lights","3350","AALA202408092337","door",1,"EMERGENCY LIGHTING"
29511,52,"Doors","5250","AALA202408191512","door",0,"FIXED INNER DOORS"
31153,25,"Equipment / Furnishings","2560","AALA202408276799","CND",1,"EMERGENCY EQUIPMENT"
31250,23,"Communication","2300","AALA202408288895","panel",3,"COMMUNICATIONS SYSTEM"
31151,53,"Fuselage","5320","AALA202408127601","panel",0,"FUSELAGE MISCELLANEOUS STRUCTURE"
30087,53,"Fuselage","5320","AALA202412055229","other",0,"FUSELAGE MISCELLANEOUS STRUCTURE"
33226,53,"Fuselage","5310","AALA202409255103","other",0,"FUSELAGE MAIN, STRUCTURE"
31272,73,"Engine - Fuel And Control","7310","AALA202503034769","engine",3,"ENGINE FUEL DISTRIBUTION"
29568,53,"Fuselage","5310","AALA202408130493","panel",0,"FUSELAGE MAIN, STRUCTURE"
44483,51,"Standard Practices And Structures - General","5100","AALA202408136341","CND",3,"STANDARD PRACTICES/STRUCTURES"
31192,25,"Equipment / Furnishings","2560","AALA202408156437","other",1,"EMERGENCY EQUIPMENT"
30092,55,"Stabilizers","5510","AALA202503033749","other",0,"HORIZONTAL STABILIZER STRUCTURE"
33226,53,"Fuselage","5310","AALA202410141387","other",0,"FUSELAGE MAIN, STRUCTURE"
29545,32,"Landing Gear","3240","AALA202408302739","CND",3,"LANDING GEAR BRAKE SYSTEM"
33226,53,"Fuselage","5310","AALA202410145943","other",0,"FUSELAGE MAIN, STRUCTURE"
30095,33,"Lights","3350","AALA202408267362","other",1,"EMERGENCY LIGHTING"
29534,33,"Lights","3350","AALA202408194263","other",1,"EMERGENCY LIGHTING"
68107,49,"Airborne Auxiliary Power","4920","AALA202408190740","bleed air component",3,"APU CORE ENGINE"
31173,52,"Doors","5240","AALA202408197543","door",3,"SERVICE DOORS"
33226,55,"Stabilizers","5510","AALA202409250198","other",0,"HORIZONTAL STABILIZER STRUCTURE"
33226,53,"Fuselage","5310","AALA202409250560","other",0,"FUSELAGE MAIN, STRUCTURE"
31151,53,"Fuselage","5310","AALA202409093192","other",0,"FUSELAGE MAIN, STRUCTURE"
33226,53,"Fuselage","5320","AALA202409090673","other",0,"FUSELAGE MISCELLANEOUS STRUCTURE"
31273,38,"Water / Waste","3820","AALA202408135034","other",1,"WASH WATER SYSTEM"
29514,33,"Lights","3350","AALA202511262713","other",1,"EMERGENCY LIGHTING"
33226,53,"Fuselage","5310","AALA202410144938","other",0,"FUSELAGE MAIN, STRUCTURE"
33226,53,"Fuselage","5320","AALA202410146503","other",0,"FUSELAGE MISCELLANEOUS STRUCTURE"
44457,53,"Fuselage","5320","AALA202408235110","door",0,"FUSELAGE MISCELLANEOUS STRUCTURE"
30089,25,"Equipment / Furnishings","2560","AALA202408260048","door",1,"EMERGENCY EQUIPMENT"
31099,72,"Engine","7200","AALA202408089660","engine",3,"ENGINE (TURBINE/TURBOPROP)"
29529,33,"Lights","3350","AALA202408094595","other",1,"EMERGENCY LIGHTING"
30096,31,"Indicating / Recording System","3150","AALA202408272009","pump",0,"CENTRAL WARNING"
40768,25,"Equipment / Furnishings","2560","AALA202408272077","battery",1,"EMERGENCY EQUIPMENT"
30088,53,"Fuselage","5340","AALA202408202691","other",0,"FUSELAGE MAIN, ATTACH FITTINGS"
31151,53,"Fuselage","5320","AALA202408121805","other",0,"FUSELAGE MISCELLANEOUS STRUCTURE"
31151,53,"Fuselage","5320","AALA202408120297","panel",0,"FUSELAGE MISCELLANEOUS STRUCTURE"
68103,33,"Lights","3350","AALA202408204584","other",1,"EMERGENCY LIGHTING"
31185,53,"Fuselage","5320","AALA202511261538","other",0,"FUSELAGE MISCELLANEOUS STRUCTURE"
33223,32,"Landing Gear","3240","AALA202408127221","tire",3,"LANDING GEAR BRAKE SYSTEM"
30089,53,"Fuselage","5310","AALA202408017405","door",0,"FUSELAGE MAIN, STRUCTURE"
31151,53,"Fuselage","5340","AALA202409092734","other",0,"FUSELAGE MAIN, ATTACH FITTINGS"
30089,25,"Equipment / Furnishings","2560","AALA202408222413","door",1,"EMERGENCY EQUIPMENT"
30083,25,"Equipment / Furnishings","2560","AALA202502216639","door",1,"EMERGENCY EQUIPMENT"
44472,52,"Doors","5250","AALA202502256176","door",0,"FIXED INNER DOORS"
33317,53,"Fuselage","5320","AALA202409117687","other",0,"FUSELAGE MISCELLANEOUS STRUCTURE"
33317,53,"Fuselage","5320","AALA202409117351","other",0,"FUSELAGE MISCELLANEOUS STRUCTURE"
68107,21,"Air Conditioning","2120","AALA202408160740","CND",3,"AIR DISTRIBUTION SYSTEM"
33345,32,"Landing Gear","3220","AALA202408151054","wheel",3,"NOSE/TAIL LANDING GEAR"
30828,28,"Fuel","2820","AALA202408277811","CND",1,"ACFT FUEL DISTRIB. SYSTEM"
31154,53,"Fuselage","5320","AALA202409110834","other",0,"FUSELAGE MISCELLANEOUS STRUCTURE"
31151,53,"Fuselage","5310","AALA202408122031","panel",0,"FUSELAGE MAIN, STRUCTURE"
30087,53,"Fuselage","5320","AALA202408208229","other",0,"FUSELAGE MISCELLANEOUS STRUCTURE"
33226,53,"Fuselage","5320","AALA202409251622","panel",0,"FUSELAGE MISCELLANEOUS STRUCTURE"
29508,53,"Fuselage","5320","AALA202408312689","other",0,"FUSELAGE MISCELLANEOUS STRUCTURE"
29508,53,"Fuselage","5320","AALA202408314907","other",0,"FUSELAGE MISCELLANEOUS STRUCTURE"
44455,52,"Doors","5250","AALA202408302850","door",0,"FIXED INNER DOORS"
44467,53,"Fuselage","5320","AALA202408220142","panel",0,"FUSELAGE MISCELLANEOUS STRUCTURE"
33250,25,"Equipment / Furnishings","2560","AALA202408120095","door",1,"EMERGENCY EQUIPMENT"
31241,52,"Doors","5250","AALA202408143709","door",0,"FIXED INNER DOORS"
44472,53,"Fuselage","5320","AALA202408147003","tire",3,"FUSELAGE MISCELLANEOUS STRUCTURE"
31218,27,"Flight Controls","2750","AALA202502036487","sensor",3,"TE FLAP CONTROL SYSTEM"
31151,53,"Fuselage","5320","AALA202408266524","other",0,"FUSELAGE MISCELLANEOUS STRUCTURE"
31217,33,"Lights","3350","AALA202408262108","other",1,"EMERGENCY LIGHTING"
33331,34,"Navigation","3440","AALA202408079265","antenna",3,"INDEPENDENT POS. DETERMINING SYSTEM"
33331,34,"Navigation","3440","AALA202408073814","antenna",3,"INDEPENDENT POS. DETERMINING SYSTEM"
29516,52,"Doors","5250","AALA202409048312","door",0,"FIXED INNER DOORS"
40581,57,"Wings","5750","AALA202408278484","other",0,"WING, CONTROL SURFACES"
31151,53,"Fuselage","5320","AALA202408124799","panel",0,"FUSELAGE MISCELLANEOUS STRUCTURE"
44472,53,"Fuselage","5320","AALA202408137003","CND",3,"FUSELAGE MISCELLANEOUS STRUCTURE"
29575,52,"Doors","5250","AALA202408228819","door",0,"FIXED INNER DOORS"
33316,25,"Equipment / Furnishings","2560","AALA202503031099","other",1,"EMERGENCY EQUIPMENT"
29511,32,"Landing Gear","3240","AALA202408226145","brake",3,"LANDING GEAR BRAKE SYSTEM"
30916,52,"Doors","5250","AALA202408228682","CND",0,"FIXED INNER DOORS"
29517,52,"Doors","5250","AALA202408309153","latch",0,"FIXED INNER DOORS"
29549,52,"Doors","5250","AALA202408202153","door",0,"FIXED INNER DOORS"
68107,25,"Equipment / Furnishings","2560","AALA202408056979","pack",1,"EMERGENCY EQUIPMENT"
31151,53,"Fuselage","5320","AALA202408266905","other",0,"FUSELAGE MISCELLANEOUS STRUCTURE"
31265,33,"Lights","3350","AALA202408205835","other",1,"EMERGENCY LIGHTING"
29524,53,"Fuselage","5310","AALA202409120699","other",0,"FUSELAGE MAIN, STRUCTURE"
29549,53,"Fuselage","5340","AALA202409053636","hinge",0,"FUSELAGE MAIN, ATTACH FITTINGS"
31151,53,"Fuselage","5310","AALA202409096140","other",0,"FUSELAGE MAIN, STRUCTURE"
33337,27,"Flight Controls","2720","AALA202410039158","switch",3,"RUDDER CONTROL SYSTEM"
29535,53,"Fuselage","5310","AALA202408307795","CND",0,"FUSELAGE MAIN, STRUCTURE"
31091,52,"Doors","5250","AALA202408230467","door",0,"FIXED INNER DOORS"
30920,52,"Doors","5250","AALA202408234871","latch",0,"FIXED INNER DOORS"
33226,53,"Fuselage","5320","AALA202410148231","door",0,"FUSELAGE MISCELLANEOUS STRUCTURE"
31151,53,"Fuselage","5320","AALA202408263125","other",0,"FUSELAGE MISCELLANEOUS STRUCTURE"
33345,32,"Landing Gear","3220","AALA202408156682","wheel",3,"NOSE/TAIL LANDING GEAR"
33226,53,"Fuselage","5310","AALA202410140061","other",0,"FUSELAGE MAIN, STRUCTURE"
31236,53,"Fuselage","5320","AALA202408099296","valve",3,"FUSELAGE MISCELLANEOUS STRUCTURE"
30088,53,"Fuselage","5340","AALA202408215382","other",0,"FUSELAGE MAIN, ATTACH FITTINGS"
33226,53,"Fuselage","5310","AALA202409252792","other",0,"FUSELAGE MAIN, STRUCTURE"
30087,55,"Stabilizers","5510","AALA202408131310","other",0,"HORIZONTAL STABILIZER STRUCTURE"
44483,57,"Wings","5730","AALA202408130843","CND",0,"WING, PLATES/SKINS"
33232,51,"Standard Practices And Structures - General","5100","AALA202408223461","CND",3,"STANDARD PRACTICES/STRUCTURES"
31143,32,"Landing Gear","3230","AALA202408229633","module",3,"LANDING GEAR RETRACT/EXTEND SYSTEM"
29503,33,"Lights","3350","AALA202408222135","panel",1,"EMERGENCY LIGHTING"
29534,33,"Lights","3350","AALA202408144263","CND",1,"EMERGENCY LIGHTING"
29506,21,"Air Conditioning","2120","AALA202408069415","CND",3,"AIR DISTRIBUTION SYSTEM"
30828,28,"Fuel","2820","AALA202408267811","CND",1,"ACFT FUEL DISTRIB. SYSTEM"
29512,49,"Airborne Auxiliary Power","4930","AALA202408269163","valve",3,"APU ENGINE FUEL AND CONTROL"
29573,53,"Fuselage","5320","AALA202408260779","door",0,"FUSELAGE MISCELLANEOUS STRUCTURE"
30090,25,"Equipment / Furnishings","2560","AALA202410039709","other",1,"EMERGENCY EQUIPMENT"
30088,57,"Wings","5710","AALA202408203198","other",0,"WING, MAIN FRAME STRUCTURE"
31280,33,"Lights","3350","AALA202408200558","other",1,"EMERGENCY LIGHTING"
29537,53,"Fuselage","5320","AALA202408124112","panel",0,"FUSELAGE MISCELLANEOUS STRUCTURE"
30088,53,"Fuselage","5340","AALA202408218409","other",0,"FUSELAGE MAIN, ATTACH FITTINGS"
30088,53,"Fuselage","5340","AALA202408219355","other",0,"FUSELAGE MAIN, ATTACH FITTINGS"
31214,55,"Stabilizers","5520","AALA202408138836","other",0,"ELEVATOR STRUCTURE"
44457,33,"Lights","3350","AALA202408228243","other",1,"EMERGENCY LIGHTING"
31077,33,"Lights","3350","AALA202408229041","switch",1,"EMERGENCY LIGHTING"
33226,53,"Fuselage","5310","AALA202410141566","other",0,"FUSELAGE MAIN, STRUCTURE"
29508,53,"Fuselage","5320","AALA202408319507","other",0,"FUSELAGE MISCELLANEOUS STRUCTURE"
33226,25,"Equipment / Furnishings","2560","AALA202408301896","other",1,"EMERGENCY EQUIPMENT"
44457,53,"Fuselage","5320","AALA202408225032","panel",0,"FUSELAGE MISCELLANEOUS STRUCTURE"
44463,32,"Landing Gear","3240","AALA202408303501","brake",3,"LANDING GEAR BRAKE SYSTEM"
44467,33,"Lights","3350","AALA202408300226","pack",1,"EMERGENCY LIGHTING"
44467,33,"Lights","3350","AALA202408309966","pack",1,"EMERGENCY LIGHTING"
68107,21,"Air Conditioning","2120","AALA202408058709","CND",3,"AIR DISTRIBUTION SYSTEM"
40768,25,"Equipment / Furnishings","2560","AALA202409046587","other",1,"EMERGENCY EQUIPMENT"
33345,32,"Landing Gear","3220","AALA202408159378","wheel",3,"NOSE/TAIL LANDING GEAR"
33317,53,"Fuselage","5320","AALA202409116932","other",0,"FUSELAGE MISCELLANEOUS STRUCTURE"
30088,53,"Fuselage","5320","AALA202408270208","panel",0,"FUSELAGE MISCELLANEOUS STRUCTURE"
29537,53,"Fuselage","5320","AALA202408087908","panel",0,"FUSELAGE MISCELLANEOUS STRUCTURE"
40580,52,"Doors","5250","AALA202408083487","door",0,"FIXED INNER DOORS"
29537,55,"Stabilizers","5510","AALA202408272562","other",0,"HORIZONTAL STABILIZER STRUCTURE"
29518,33,"Lights","3350","AALA202408275669","other",1,"EMERGENCY LIGHTING"
31147,33,"Lights","3350","AALA202408274605","other",1,"EMERGENCY LIGHTING"
29540,53,"Fuselage","5310","AALA202410213728","other",0,"FUSELAGE MAIN, STRUCTURE"
31073,53,"Fuselage","5310","AALA202410218477","other",0,"FUSELAGE MAIN, STRUCTURE"
30087,32,"Landing Gear","3240","AALA202408283571","control unit",2,"LANDING GEAR BRAKE SYSTEM"
29556,34,"Navigation","3410","AALA202408214699","brake",0,"FLIGHT ENVIRONMENT DATA"
33226,53,"Fuselage","5310","AALA202409251851","other",0,"FUSELAGE MAIN, STRUCTURE"
33226,53,"Fuselage","5320","AALA202409097266","other",0,"FUSELAGE MISCELLANEOUS STRUCTURE"
33317,52,"Doors","5210","AALA202408224878","CND",3,"PASSENGER/CREW DOORS"
30916,52,"Doors","5250","AALA202408229711","CND",0,"FIXED INNER DOORS"
33226,53,"Fuselage","5310","AALA202410014826","other",0,"FUSELAGE MAIN, STRUCTURE"
29508,53,"Fuselage","5320","AALA202408313908","other",0,"FUSELAGE MISCELLANEOUS STRUCTURE"
44467,53,"Fuselage","5320","AALA202408223017","panel",0,"FUSELAGE MISCELLANEOUS STRUCTURE"
44461,33,"Lights","3350","AALA202408123406","other",1,"EMERGENCY LIGHTING"
33225,53,"Fuselage","5330","AALA202408235663","other",0,"FUSELAGE MAIN, PLATE/SKIN"
31154,53,"Fuselage","5320","AALA202409126447","other",0,"FUSELAGE MISCELLANEOUS STRUCTURE"
29515,53,"Fuselage","5310","AALA202408054353","door",0,"FUSELAGE MAIN, STRUCTURE"
30089,53,"Fuselage","5320","AALA202408055667","other",0,"FUSELAGE MISCELLANEOUS STRUCTURE"
33487,33,"Lights","3350","AALA202408162183","other",1,"EMERGENCY LIGHTING"
29515,33,"Lights","3350","AALA202410144563","door",1,"EMERGENCY LIGHTING"
44460,53,"Fuselage","5320","AALA202408274670","panel",0,"FUSELAGE MISCELLANEOUS STRUCTURE"
44448,73,"Engine - Fuel And Control","7310","AALA202408093288","CND",3,"ENGINE FUEL DISTRIBUTION"
29511,32,"Landing Gear","3240","AALA202408277598","brake",3,"LANDING GEAR BRAKE SYSTEM"
31085,52,"Doors","5250","AALA202408279129","door",0,"FIXED INNER DOORS"
31159,53,"Fuselage","5320","AALA202411043010","other",0,"FUSELAGE MISCELLANEOUS STRUCTURE"
31151,53,"Fuselage","5320","AALA202408120882","panel",0,"FUSELAGE MISCELLANEOUS STRUCTURE"
31226,52,"Doors","5250","AALA202408202723","door",0,"FIXED INNER DOORS"
33487,52,"Doors","5210","AALA202408213298","door",3,"PASSENGER/CREW DOORS"
33226,53,"Fuselage","5320","AALA202409093018","other",0,"FUSELAGE MISCELLANEOUS STRUCTURE"
33321,53,"Fuselage","5320","AALA202503057922","other",0,"FUSELAGE MISCELLANEOUS STRUCTURE"
29537,25,"Equipment / Furnishings","2560","AALA202408222563","other",1,"EMERGENCY EQUIPMENT"
31139,25,"Equipment / Furnishings","2560","AALA202505299850","door",1,"EMERGENCY EQUIPMENT"
33317,53,"Fuselage","5320","AALA202409166184","panel",0,"FUSELAGE MISCELLANEOUS STRUCTURE"
31257,38,"Water / Waste","3810","AALA202408141398","other",3,"POTABLE WATER SYSTEM"
33331,34,"Navigation","3440","AALA202408070020","antenna",3,"INDEPENDENT POS. DETERMINING SYSTEM"
29568,33,"Lights","3350","AALA202408273769","other",1,"EMERGENCY LIGHTING"
33225,53,"Fuselage","5320","AALA202408093583","other",0,"FUSELAGE MISCELLANEOUS STRUCTURE"
33321,53,"Fuselage","5320","AALA202503107494","other",0,"FUSELAGE MISCELLANEOUS STRUCTURE"
29535,53,"Fuselage","5310","AALA202409057795","other",0,"FUSELAGE MAIN, STRUCTURE"
31159,52,"Doors","5240","AALA202411261746","door",0,"SERVICE DOORS"
29568,32,"Landing Gear","3210","AALA202408134073","other",2,"MAIN LANDING GEAR"
33319,53,"Fuselage","5320","AALA202411271507","other",0,"FUSELAGE MISCELLANEOUS STRUCTURE"
30088,53,"Fuselage","5320","AALA202411258798","panel",0,"FUSELAGE MISCELLANEOUS STRUCTURE"
29538,55,"Stabilizers","5510","AALA202412245434","control rod",0,"HORIZONTAL STABILIZER STRUCTURE"
29505,53,"Fuselage","5340","AALA202506021491","hinge",0,"FUSELAGE MAIN, ATTACH FITTINGS"
31214,52,"Doors","5250","AALA202502121518","panel",0,"FIXED INNER DOORS"
33345,52,"Doors","5250","AALA202412232256","CND",0,"FIXED INNER DOORS"
30079,33,"Lights","3350","AALA202411200032","other",1,"EMERGENCY LIGHTING"
31176,25,"Equipment / Furnishings","2530","AALA202411252195","other",1,"BUFFET/GALLEYS"
33338,52,"Doors","5210","AALA202411129324","door",0,"PASSENGER/CREW DOORS"
31160,53,"Fuselage","5320","AALA202411131854","other",0,"FUSELAGE MISCELLANEOUS STRUCTURE"
30079,53,"Fuselage","5320","AALA202411181255","other",0,"FUSELAGE MISCELLANEOUS STRUCTURE"
33322,77,"Engine Indicating","7700","AALA202410107968","probe",3,"ENGINE INDICATING SYSTEM"
44480,33,"Lights","3350","AALA202411041474","other",1,"EMERGENCY LIGHTING"
33250,53,"Fuselage","5310","AALA202506024471","panel",0,"FUSELAGE MAIN, STRUCTURE"
31135,25,"Equipment / Furnishings","2560","AALA202411071362","battery",1,"EMERGENCY EQUIPMENT"
30085,25,"Equipment / Furnishings","2560","AALA202411075525","battery",1,"EMERGENCY EQUIPMENT"
44460,34,"Navigation","3440","AALA202411112807","other",3,"INDEPENDENT POS. DETERMINING SYSTEM"
29573,53,"Fuselage","5320","AALA202503056393","other",0,"FUSELAGE MISCELLANEOUS STRUCTURE"
33319,53,"Fuselage","5310","AALA202411184899","pack",0,"FUSELAGE MAIN, STRUCTURE"
31155,53,"Fuselage","5320","AALA202410110491","other",0,"FUSELAGE MISCELLANEOUS STRUCTURE"
29561,33,"Lights","3350","AALA202411205457","door",1,"EMERGENCY LIGHTING"
29561,25,"Equipment / Furnishings","2560","AALA202411210348","door",1,"EMERGENCY EQUIPMENT"
30905,25,"Equipment / Furnishings","2560","AALA202411213961","door",1,"EMERGENCY EQUIPMENT"
29536,25,"Equipment / Furnishings","2560","AALA202411180362","battery",1,"EMERGENCY EQUIPMENT"
31160,53,"Fuselage","5310","AALA202411257414","other",0,"FUSELAGE MAIN, STRUCTURE"
30097,25,"Equipment / Furnishings","2560","AALA202411227780","battery",1,"EMERGENCY EQUIPMENT"
31159,52,"Doors","5240","AALA202411263936","door",0,"SERVICE DOORS"
29570,52,"Doors","5250","AALA202502040375","door",0,"FIXED INNER DOORS"
31160,53,"Fuselage","5320","AALA202411082745","other",0,"FUSELAGE MISCELLANEOUS STRUCTURE"
29527,72,"Engine","7200","AALA202411157882","CND",3,"ENGINE (TURBINE/TURBOPROP)"
31190,52,"Doors","5250","AALA202411213583","door",0,"FIXED INNER DOORS"
29519,25,"Equipment / Furnishings","2530","AALA202502279386","CND",1,"BUFFET/GALLEYS"
29510,53,"Fuselage","5320","AALA202411265218","other",0,"FUSELAGE MISCELLANEOUS STRUCTURE"
29510,53,"Fuselage","5320","AALA202411261442","other",0,"FUSELAGE MISCELLANEOUS STRUCTURE"
29571,53,"Fuselage","5310","AALA202411270528","other",0,"FUSELAGE MAIN, STRUCTURE"
29523,27,"Flight Controls","2780","AALA202411044085","CND",3,"LE SLAT CONTROL SYSTEM"
44457,33,"Lights","3350","AALA202411049699","CND",1,"EMERGENCY LIGHTING"
31145,33,"Lights","3350","AALA202502045615","other",1,"EMERGENCY LIGHTING"
29512,53,"Fuselage","5320","AALA202411064660","other",0,"FUSELAGE MISCELLANEOUS STRUCTURE"
30916,55,"Stabilizers","5520","AALA202502283417","CND",0,"ELEVATOR STRUCTURE"
29561,53,"Fuselage","5310","AALA202411123930","other",0,"FUSELAGE MAIN, STRUCTURE"
30088,55,"Stabilizers","5510","AALA202411132992","other",0,"HORIZONTAL STABILIZER STRUCTURE"
29513,33,"Lights","3350","AALA202411154908","door",1,"EMERGENCY LIGHTING"
30079,53,"Fuselage","5320","AALA202411181785","other",0,"FUSELAGE MISCELLANEOUS STRUCTURE"
68104,26,"Fire Protection","2610","AALA202411194238","CND",3,"DETECTION SYSTEM"
29566,53,"Fuselage","5320","AALA202411298575","door",0,"FUSELAGE MISCELLANEOUS STRUCTURE"
31273,52,"Doors","5250","AALA202411295204","door",0,"FIXED INNER DOORS"
29561,33,"Lights","3350","AALA202411200099","other",1,"EMERGENCY LIGHTING"
33319,53,"Fuselage","5320","AALA202411296518","other",0,"FUSELAGE MISCELLANEOUS STRUCTURE"
33317,52,"Doors","5210","AALA202411296799","door",3,"PASSENGER/CREW DOORS"
29562,52,"Doors","5240","AALA202412034062","latch",0,"SERVICE DOORS"
29571,53,"Fuselage","5320","AALA202412180952","panel",0,"FUSELAGE MISCELLANEOUS STRUCTURE"
29538,53,"Fuselage","5320","AALA202411255732","other",0,"FUSELAGE MISCELLANEOUS STRUCTURE"
31160,53,"Fuselage","5320","AALA202411259371","door",0,"FUSELAGE MISCELLANEOUS STRUCTURE"
31160,53,"Fuselage","5320","AALA202411252512","panel",0,"FUSELAGE MISCELLANEOUS STRUCTURE"
30090,53,"Fuselage","5320","AALA202411269914","panel",0,"FUSELAGE MISCELLANEOUS STRUCTURE"
30090,53,"Fuselage","5320","AALA202411269369","other",0,"FUSELAGE MISCELLANEOUS STRUCTURE"
30090,53,"Fuselage","5320","AALA202411271433","door",0,"FUSELAGE MISCELLANEOUS STRUCTURE"
31160,53,"Fuselage","5320","AALA202411085574","other",0,"FUSELAGE MISCELLANEOUS STRUCTURE"
29528,52,"Doors","5250","AALA202411111255","door",0,"FIXED INNER DOORS"
30098,27,"Flight Controls","2780","AALA202411124678","sensor",3,"LE SLAT CONTROL SYSTEM"
30088,53,"Fuselage","5320","AALA202411130445","other",0,"FUSELAGE MISCELLANEOUS STRUCTURE"
33338,52,"Doors","5210","AALA202411140871","CND",3,"PASSENGER/CREW DOORS"
31159,53,"Fuselage","5320","AALA202411145270","other",0,"FUSELAGE MISCELLANEOUS STRUCTURE"
31171,53,"Fuselage","5310","AALA202505010017","other",0,"FUSELAGE MAIN, STRUCTURE"
29560,27,"Flight Controls","2750","AALA202411183784","CND",3,"TE FLAP CONTROL SYSTEM"
29571,53,"Fuselage","5320","AALA202411252695","panel",0,"FUSELAGE MISCELLANEOUS STRUCTURE"
33319,53,"Fuselage","5320","AALA202411299583","other",0,"FUSELAGE MISCELLANEOUS STRUCTURE"
33319,53,"Fuselage","5310","AALA202412108950","other",0,"FUSELAGE MAIN, STRUCTURE"
29573,53,"Fuselage","5320","AALA202502246513","other",0,"FUSELAGE MISCELLANEOUS STRUCTURE"
31167,53,"Fuselage","5320","AALA202504153447","panel",0,"FUSELAGE MISCELLANEOUS STRUCTURE"
33520,25,"Equipment / Furnishings","2560","AALA202411186098","pack",1,"EMERGENCY EQUIPMENT"
40767,52,"Doors","5210","AALA202412064209","hinge",0,"PASSENGER/CREW DOORS"
30599,49,"Airborne Auxiliary Power","4990","AALA202412060678","bleed air component",3,"APU OIL SYSTEM"
29538,53,"Fuselage","5320","AALA202411224272","other",0,"FUSELAGE MISCELLANEOUS STRUCTURE"
33319,53,"Fuselage","5320","AALA202412108144","panel",0,"FUSELAGE MISCELLANEOUS STRUCTURE"
30090,53,"Fuselage","5320","AALA202412109922","door",0,"FUSELAGE MISCELLANEOUS STRUCTURE"
29538,53,"Fuselage","5320","AALA202411253076","other",0,"FUSELAGE MISCELLANEOUS STRUCTURE"
33209,52,"Doors","5250","AALA202411255835","door",0,"FIXED INNER DOORS"
30090,55,"Stabilizers","5510","AALA202412233529","door",0,"HORIZONTAL STABILIZER STRUCTURE"
31159,53,"Fuselage","5320","AALA202411071391","other",0,"FUSELAGE MISCELLANEOUS STRUCTURE"
31160,53,"Fuselage","5310","AALA202411088409","panel",0,"FUSELAGE MAIN, STRUCTURE"
29540,25,"Equipment / Furnishings","2560","AALA202411085803","other",1,"EMERGENCY EQUIPMENT"
33317,28,"Fuel","2820","AALA202411154771","valve",1,"ACFT FUEL DISTRIB. SYSTEM"
30079,53,"Fuselage","5320","AALA202411189302","other",0,"FUSELAGE MISCELLANEOUS STRUCTURE"
30079,53,"Fuselage","5320","AALA202411186964","other",0,"FUSELAGE MISCELLANEOUS STRUCTURE"
30079,57,"Wings","5710","AALA202411189858","other",0,"WING, MAIN FRAME STRUCTURE"
44491,52,"Doors","5250","AALA202411194916","latch",0,"FIXED INNER DOORS"
30907,25,"Equipment / Furnishings","2530","AALA202506028860","oven",1,"BUFFET/GALLEYS"
29538,53,"Fuselage","5320","AALA202411194529","other",0,"FUSELAGE MISCELLANEOUS STRUCTURE"
31172,33,"Lights","3350","AALA202411212656","door",1,"EMERGENCY LIGHTING"
30090,53,"Fuselage","5320","AALA202411267133","panel",0,"FUSELAGE MISCELLANEOUS STRUCTURE"
31226,33,"Lights","3350","AALA202411064910","other",1,"EMERGENCY LIGHTING"
44451,52,"Doors","5250","AALA202509241940","CND",0,"FIXED INNER DOORS"
33319,25,"Equipment / Furnishings","2560","AALA202411277426","door",1,"EMERGENCY EQUIPMENT"
29562,52,"Doors","5210","AALA202412035227","door",0,"PASSENGER/CREW DOORS"
30599,49,"Airborne Auxiliary Power","4990","AALA202412020678","CND",3,"APU OIL SYSTEM"
30916,75,"Bleed Air","7510","AALA202411228011","valve",3,"ENGINE ANTI-ICING SYSTEM"
30090,53,"Fuselage","5320","AALA202412103983","other",0,"FUSELAGE MISCELLANEOUS STRUCTURE"
29561,53,"Fuselage","5320","AALA202411250990","other",0,"FUSELAGE MISCELLANEOUS STRUCTURE"
31133,33,"Lights","3350","AALA202411252724","other",1,"EMERGENCY LIGHTING"
31226,53,"Fuselage","5310","AALA202411047860","panel",0,"FUSELAGE MAIN, STRUCTURE"
33319,53,"Fuselage","5320","AALA202411274109","other",0,"FUSELAGE MISCELLANEOUS STRUCTURE"
44457,33,"Lights","3350","AALA202411043394","CND",1,"EMERGENCY LIGHTING"
29512,53,"Fuselage","5320","AALA202411069932","other",0,"FUSELAGE MISCELLANEOUS STRUCTURE"
33207,33,"Lights","3350","AALA202411060742","pack",1,"EMERGENCY LIGHTING"
33239,25,"Equipment / Furnishings","2560","AALA202411089265","other",1,"EMERGENCY EQUIPMENT"
29561,53,"Fuselage","5330","AALA202411124506","other",0,"FUSELAGE MAIN, PLATE/SKIN"
29527,25,"Equipment / Furnishings","2560","AALA202411127871","door",1,"EMERGENCY EQUIPMENT"
31155,25,"Equipment / Furnishings","2560","AALA202411121483","door",1,"EMERGENCY EQUIPMENT"
29536,25,"Equipment / Furnishings","2560","AALA202411183820","other",1,"EMERGENCY EQUIPMENT"
40769,25,"Equipment / Furnishings","2560","AALA202411120682","door",1,"EMERGENCY EQUIPMENT"
33520,53,"Fuselage","5310","AALA202411152683","other",0,"FUSELAGE MAIN, STRUCTURE"
31101,53,"Fuselage","5310","AALA202505059903","other",0,"FUSELAGE MAIN, STRUCTURE"
44477,38,"Water / Waste","3830","AALA202411136991","other",3,"WASTE DISPOSAL SYSTEM"
31161,53,"Fuselage","5320","AALA202412249968","other",0,"FUSELAGE MISCELLANEOUS STRUCTURE"
29512,53,"Fuselage","5320","AALA202411060630","other",0,"FUSELAGE MISCELLANEOUS STRUCTURE"
30088,55,"Stabilizers","5510","AALA202411137323","other",0,"HORIZONTAL STABILIZER STRUCTURE"
31208,52,"Doors","5250","AALA202505282167","door",0,"FIXED INNER DOORS"
31167,53,"Fuselage","5310","AALA202504026590","other",0,"FUSELAGE MAIN, STRUCTURE"
33229,53,"Fuselage","5320","AALA202503136156","panel",0,"FUSELAGE MISCELLANEOUS STRUCTURE"
29572,25,"Equipment / Furnishings","2560","AALA202411250607","door",1,"EMERGENCY EQUIPMENT"
31091,25,"Equipment / Furnishings","2560","AALA202412025581","battery",1,"EMERGENCY EQUIPMENT"
29559,27,"Flight Controls","2750","AALA202411212232","CND",3,"TE FLAP CONTROL SYSTEM"
30090,53,"Fuselage","5320","AALA202411302488","panel",0,"FUSELAGE MISCELLANEOUS STRUCTURE"
29520,27,"Flight Controls","2740","AALA202412029578","other",3,"STABILIZER CONTROL SYSTEM"
29571,53,"Fuselage","5320","AALA202412186973","other",0,"FUSELAGE MISCELLANEOUS STRUCTURE"
29510,53,"Fuselage","5320","AALA202411265085","other",0,"FUSELAGE MISCELLANEOUS STRUCTURE"
31159,52,"Doors","5240","AALA202411266596","door",0,"SERVICE DOORS"
31171,53,"Fuselage","5310","AALA202504146575","panel",0,"FUSELAGE MAIN, STRUCTURE"
31159,53,"Fuselage","5320","AALA202411044903","other",0,"FUSELAGE MISCELLANEOUS STRUCTURE"
30090,53,"Fuselage","5310","AALA202411271535","panel",0,"FUSELAGE MAIN, STRUCTURE"
33319,53,"Fuselage","5320","AALA202411276616","other",0,"FUSELAGE MISCELLANEOUS STRUCTURE"
29571,53,"Fuselage","5320","AALA202411277223","other",0,"FUSELAGE MISCELLANEOUS STRUCTURE"
44488,27,"Flight Controls","2760","AALA202411184117","switch",3,"DRAG CONTROL SYSTEM"
33319,53,"Fuselage","5320","AALA202412107930","panel",0,"FUSELAGE MISCELLANEOUS STRUCTURE"
33319,53,"Fuselage","5340","AALA202412109617","other",0,"FUSELAGE MAIN, ATTACH FITTINGS"
30090,53,"Fuselage","5320","AALA202411252866","other",0,"FUSELAGE MISCELLANEOUS STRUCTURE"
29571,53,"Fuselage","5310","AALA202411274161","other",0,"FUSELAGE MAIN, STRUCTURE"
31280,52,"Doors","5250","AALA202501089923","door",0,"FIXED INNER DOORS"
33338,52,"Doors","5210","AALA202411127090","door",0,"PASSENGER/CREW DOORS"
29521,33,"Lights","3350","AALA202501274092","other",1,"EMERGENCY LIGHTING"
29561,57,"Wings","5750","AALA202411189769","other",0,"WING, CONTROL SURFACES"
30858,28,"Fuel","2820","AALA202508200416","CND",3,"ACFT FUEL DISTRIB. SYSTEM"
29558,52,"Doors","5250","AALA202411291719","door",0,"FIXED INNER DOORS"
33319,53,"Fuselage","5320","AALA202411295500","panel",0,"FUSELAGE MISCELLANEOUS STRUCTURE"
68104,72,"Engine","7200","AALA202412024238","engine",3,"ENGINE (TURBINE/TURBOPROP)"
29561,25,"Equipment / Furnishings","2560","AALA202411220107","door",1,"EMERGENCY EQUIPMENT"
33331,25,"Equipment / Furnishings","2560","AALA202411224894","battery",1,"EMERGENCY EQUIPMENT"
44487,25,"Equipment / Furnishings","2560","AALA202411251391","door",1,"EMERGENCY EQUIPMENT"
44475,33,"Lights","3350","AALA202411250587","other",1,"EMERGENCY LIGHTING"
30090,53,"Fuselage","5320","AALA202411267223","panel",0,"FUSELAGE MISCELLANEOUS STRUCTURE"
31099,25,"Equipment / Furnishings","2560","AALA202411089039","battery",1,"EMERGENCY EQUIPMENT"
29510,53,"Fuselage","5320","AALA202411264272","other",0,"FUSELAGE MISCELLANEOUS STRUCTURE"
31159,53,"Fuselage","5320","AALA202411072725","other",0,"FUSELAGE MISCELLANEOUS STRUCTURE"
31160,53,"Fuselage","5320","AALA202411083496","other",0,"FUSELAGE MISCELLANEOUS STRUCTURE"
33239,33,"Lights","3350","AALA202411084707","other",1,"EMERGENCY LIGHTING"
30088,53,"Fuselage","5340","AALA202411082841","other",0,"FUSELAGE MAIN, ATTACH FITTINGS"
33209,52,"Doors","5250","AALA202411142431","latch",0,"FIXED INNER DOORS"
30079,53,"Fuselage","5320","AALA202411184922","other",0,"FUSELAGE MISCELLANEOUS STRUCTURE"
30079,53,"Fuselage","5320","AALA202411183516","other",0,"FUSELAGE MISCELLANEOUS STRUCTURE"
33521,27,"Flight Controls","2750","AALA202411182043","CND",3,"TE FLAP CONTROL SYSTEM"
30079,56,"Windows","5610","AALA202412028912","CND",3,"FLIGHT COMPARTMENT WINDOWS"
29573,53,"Fuselage","5320","AALA202503110248","panel",0,"FUSELAGE MISCELLANEOUS STRUCTURE"
31231,33,"Lights","3350","AALA202502121388","other",1,"EMERGENCY LIGHTING"
29562,53,"Fuselage","5310","AALA202412094724","switch",0,"FUSELAGE MAIN, STRUCTURE"
30910,25,"Equipment / Furnishings","2560","AALA202411263880","pack",1,"EMERGENCY EQUIPMENT"
29531,52,"Doors","5210","AALA202411264656","door",0,"PASSENGER/CREW DOORS"
29510,53,"Fuselage","5320","AALA202411264034","other",0,"FUSELAGE MISCELLANEOUS STRUCTURE"
33319,25,"Equipment / Furnishings","2560","AALA202411279720","door",1,"EMERGENCY EQUIPMENT"
33319,53,"Fuselage","5320","AALA202411271712","panel",0,"FUSELAGE MISCELLANEOUS STRUCTURE"
44457,33,"Lights","3350","AALA202411049549","CND",1,"EMERGENCY LIGHTING"
29512,53,"Fuselage","5320","AALA202411062840","other",0,"FUSELAGE MISCELLANEOUS STRUCTURE"
29512,53,"Fuselage","5320","AALA202411066272","other",0,"FUSELAGE MISCELLANEOUS STRUCTURE"
31226,33,"Lights","3350","AALA202411067444","other",1,"EMERGENCY LIGHTING"
31225,53,"Fuselage","5330","AALA202411076792","door",0,"FUSELAGE MAIN, PLATE/SKIN"
31071,25,"Equipment / Furnishings","2560","AALA202411125905","door",1,"EMERGENCY EQUIPMENT"
44462,52,"Doors","5250","AALA202411152071","door",0,"FIXED INNER DOORS"
29571,53,"Fuselage","5320","AALA202412194725","other",0,"FUSELAGE MISCELLANEOUS STRUCTURE"
40765,33,"Lights","3350","AALA202411204123","other",1,"EMERGENCY LIGHTING"
33229,25,"Equipment / Furnishings","2530","AALA202411204703","valve",1,"BUFFET/GALLEYS"
30916,21,"Air Conditioning","2120","AALA202411218011","CND",3,"AIR DISTRIBUTION SYSTEM"
31257,33,"Lights","3350","AALA202412026388","other",1,"EMERGENCY LIGHTING"
31160,53,"Fuselage","5310","AALA202411256866","other",0,"FUSELAGE MAIN, STRUCTURE"
29573,53,"Fuselage","5320","AALA202503115858","panel",0,"FUSELAGE MISCELLANEOUS STRUCTURE"
29538,53,"Fuselage","5310","AALA202412090380","other",0,"FUSELAGE MAIN, STRUCTURE"
29571,53,"Fuselage","5310","AALA202411252855","panel",0,"FUSELAGE MAIN, STRUCTURE"
33322,53,"Fuselage","5320","AALA202505283768","panel",0,"FUSELAGE MISCELLANEOUS STRUCTURE"
31218,33,"Lights","3350","AALA202502120182","battery",1,"EMERGENCY LIGHTING"
31176,25,"Equipment / Furnishings","2530","AALA202411250709","other",1,"BUFFET/GALLEYS"
29562,57,"Wings","5710","AALA202412108549","control rod",0,"WING, MAIN FRAME STRUCTURE"
33214,33,"Lights","3350","AALA202411260490","door",1,"EMERGENCY LIGHTING"
44457,33,"Lights","3350","AALA202411049299","CND",1,"EMERGENCY LIGHTING"
29512,53,"Fuselage","5320","AALA202411061124","other",0,"FUSELAGE MISCELLANEOUS STRUCTURE"
29512,53,"Fuselage","5320","AALA202411065674","other",0,"FUSELAGE MISCELLANEOUS STRUCTURE"
29512,53,"Fuselage","5320","AALA202411061815","other",0,"FUSELAGE MISCELLANEOUS STRUCTURE"
29520,52,"Doors","5250","AALA202502127711","door",0,"FIXED INNER DOORS"
29574,53,"Fuselage","5320","AALA202503069154","other",0,"FUSELAGE MISCELLANEOUS STRUCTURE"
29540,53,"Fuselage","5320","AALA202410214941","other",0,"FUSELAGE MISCELLANEOUS STRUCTURE"
29561,53,"Fuselage","5310","AALA202411142346","other",0,"FUSELAGE MAIN, STRUCTURE"
31145,52,"Doors","5250","AALA202412023371","door",0,"FIXED INNER DOORS"
29571,53,"Fuselage","5320","AALA202412186421","other",0,"FUSELAGE MISCELLANEOUS STRUCTURE"
29540,53,"Fuselage","5320","AALA202410218999","other",0,"FUSELAGE MISCELLANEOUS STRUCTURE"
29519,52,"Doors","5210","AALA202510272433","CND",3,"PASSENGER/CREW DOORS"
31160,53,"Fuselage","5320","AALA202411255094","other",0,"FUSELAGE MISCELLANEOUS STRUCTURE"
31178,25,"Equipment / Furnishings","2560","AALA202411041476","door",1,"EMERGENCY EQUIPMENT"
29538,55,"Stabilizers","5510","AALA202412240318","control rod",0,"HORIZONTAL STABILIZER STRUCTURE"
33486,53,"Fuselage","5310","AALA202504071895","other",0,"FUSELAGE MAIN, STRUCTURE"
29538,53,"Fuselage","5340","AALA202411194316","other",0,"FUSELAGE MAIN, ATTACH FITTINGS"
31147,25,"Equipment / Furnishings","2560","AALA202412022678","other",1,"EMERGENCY EQUIPMENT"
40765,33,"Lights","3350","AALA202411200556","other",1,"EMERGENCY LIGHTING"
31160,53,"Fuselage","5320","AALA202411259845","panel",0,"FUSELAGE MISCELLANEOUS STRUCTURE"
29571,55,"Stabilizers","5510","AALA202412198823","other",0,"HORIZONTAL STABILIZER STRUCTURE"
29511,52,"Doors","5250","AALA202411227508","door",0,"FIXED INNER DOORS"
29510,53,"Fuselage","5320","AALA202411264305","other",0,"FUSELAGE MISCELLANEOUS STRUCTURE"
33210,25,"Equipment / Furnishings","2560","AALA202411049862","door",1,"EMERGENCY EQUIPMENT"
30091,53,"Fuselage","5320","AALA202502048002","other",0,"FUSELAGE MISCELLANEOUS STRUCTURE"
29513,33,"Lights","3350","AALA202412027370","door",1,"EMERGENCY LIGHTING"
29509,80,"Starting","8010","AALA202410216015","engine",3,"ENGINE CRANKING"
29531,52,"Doors","5210","AALA202411290987","sensor",3,"PASSENGER/CREW DOORS"
33319,53,"Fuselage","5320","AALA202411290030","panel",0,"FUSELAGE MISCELLANEOUS STRUCTURE"
33319,53,"Fuselage","5320","AALA202411293369","other",0,"FUSELAGE MISCELLANEOUS STRUCTURE"
29531,26,"Fire Protection","2620","AALA202411299253","other",2,"EXTINGUISHING SYSTEM"
33319,53,"Fuselage","5310","AALA202412108115","other",0,"FUSELAGE MAIN, STRUCTURE"
31107,52,"Doors","5250","AALA2024111290219","door",0,"FIXED INNER DOORS"
29543,22,"Auto Flight","2210","AALA202411251420","switch",3,"AUTOPILOT SYSTEM"
33319,53,"Fuselage","5320","AALA202411271546","other",0,"FUSELAGE MISCELLANEOUS STRUCTURE"
30079,53,"Fuselage","5320","AALA202411182056","other",0,"FUSELAGE MISCELLANEOUS STRUCTURE"
30079,57,"Wings","5710","AALA202411184303","other",0,"WING, MAIN FRAME STRUCTURE"
33319,53,"Fuselage","5310","AALA202411189742","duct",0,"FUSELAGE MAIN, STRUCTURE"
33229,53,"Fuselage","5320","AALA202503070007","other",0,"FUSELAGE MISCELLANEOUS STRUCTURE"
29527,72,"Engine","7200","AALA202411187882","engine",3,"ENGINE (TURBINE/TURBOPROP)"
29571,53,"Fuselage","5320","AALA202412192394","other",0,"FUSELAGE MISCELLANEOUS STRUCTURE"
30098,33,"Lights","3350","AALA202411190081","door",1,"EMERGENCY LIGHTING"
33225,21,"Air Conditioning","2120","AALA202505284604","fan",3,"AIR DISTRIBUTION SYSTEM"
29510,53,"Fuselage","5320","AALA202411267691","other",0,"FUSELAGE MISCELLANEOUS STRUCTURE"
30090,55,"Stabilizers","5530","AALA202412037696","other",0,"VERTICAL STABILIZER STRUCTURE"
29562,52,"Doors","5240","AALA202412035442","latch",0,"SERVICE DOORS"
29571,53,"Fuselage","5310","AALA202412066094","panel",0,"FUSELAGE MAIN, STRUCTURE"
30088,53,"Fuselage","5310","AALA202411258708","panel",0,"FUSELAGE MAIN, STRUCTURE"
31176,21,"Air Conditioning","2120","AALA202411259472","other",3,"AIR DISTRIBUTION SYSTEM"
40768,25,"Equipment / Furnishings","2560","AALA202411050960","other",1,"EMERGENCY EQUIPMENT"
31160,53,"Fuselage","5310","AALA202411085050","panel",0,"FUSELAGE MAIN, STRUCTURE"
31158,25,"Equipment / Furnishings","2560","AALA202411128203","battery",1,"EMERGENCY EQUIPMENT"
29559,31,"Indicating / Recording System","3160","AALA202411217019","CND",3,"CENTRAL DISPLAY"
29538,53,"Fuselage","5310","AALA202411196891","panel",0,"FUSELAGE MAIN, STRUCTURE"
31272,27,"Flight Controls","2750","AALA202411221556","other",3,"TE FLAP CONTROL SYSTEM"
31105,33,"Lights","3350","AALA202412094313","CND",1,"EMERGENCY LIGHTING"
29510,33,"Lights","3350","AALA202411261672","window",1,"EMERGENCY LIGHTING"
30090,53,"Fuselage","5320","AALA202411268396","other",0,"FUSELAGE MISCELLANEOUS STRUCTURE"
29512,53,"Fuselage","5320","AALA202411068359","other",0,"FUSELAGE MISCELLANEOUS STRUCTURE"
40766,25,"Equipment / Furnishings","2560","AALA202411072936","other",1,"EMERGENCY EQUIPMENT"
29535,28,"Fuel","2820","AALA202505052807","pump",1,"ACFT FUEL DISTRIB. SYSTEM"
40581,79,"Oil","7930","AALA202410296040","CND",3,"ENGINE OIL INDICATING SYSTEM"
30599,25,"Equipment / Furnishings","2560","AALA202411121186","other",1,"EMERGENCY EQUIPMENT"
29549,52,"Doors","5250","AALA202401291915","latch",0,"FIXED INNER DOORS"
30088,53,"Fuselage","5320","AALA202411134054","panel",0,"FUSELAGE MISCELLANEOUS STRUCTURE"
33338,52,"Doors","5210","AALA202411150871","door",0,"PASSENGER/CREW DOORS"
31093,25,"Equipment / Furnishings","2560","AALA202501080556","latch",1,"EMERGENCY EQUIPMENT"
29555,52,"Doors","5250","AALA202407308987","door",0,"FIXED INNER DOORS"
31172,33,"Lights","3350","AALA202411202656","CND",1,"EMERGENCY LIGHTING"
29562,25,"Equipment / Furnishings","2560","AALA202412040222","pack",1,"EMERGENCY EQUIPMENT"
31160,53,"Fuselage","5320","AALA202411255097","other",0,"FUSELAGE MISCELLANEOUS STRUCTURE"
29510,53,"Fuselage","5320","AALA202411268862","other",0,"FUSELAGE MISCELLANEOUS STRUCTURE"
29510,53,"Fuselage","5320","AALA202411269749","other",0,"FUSELAGE MISCELLANEOUS STRUCTURE"
30082,26,"Fire Protection","2620","AALA202411290938","other",3,"EXTINGUISHING SYSTEM"
31085,25,"Equipment / Furnishings","2560","AALA202411049367","other",1,"EMERGENCY EQUIPMENT"
44457,33,"Lights","3350","AALA202411043366","CND",1,"EMERGENCY LIGHTING"
44457,33,"Lights","3350","AALA202411046172","CND",1,"EMERGENCY LIGHTING"
29536,25,"Equipment / Furnishings","2560","AALA202411067203","battery",1,"EMERGENCY EQUIPMENT"
30088,53,"Fuselage","5320","AALA202411074485","other",0,"FUSELAGE MISCELLANEOUS STRUCTURE"
30088,53,"Fuselage","5320","AALA202411075971","other",0,"FUSELAGE MISCELLANEOUS STRUCTURE"
30079,53,"Fuselage","5320","AALA202411182469","other",0,"FUSELAGE MISCELLANEOUS STRUCTURE"
31089,55,"Stabilizers","5520","AALA202503100605","other",0,"ELEVATOR STRUCTURE"
31160,53,"Fuselage","5320","AALA202411251951","other",0,"FUSELAGE MISCELLANEOUS STRUCTURE"
29509,52,"Doors","5250","AALA202411220075","door",0,"FIXED INNER DOORS"
44453,33,"Lights","3350","AALA202411221495","CND",1,"EMERGENCY LIGHTING"
29508,52,"Doors","5240","AALA202411252162","door",0,"SERVICE DOORS"
31226,53,"Fuselage","5310","AALA202411045315","panel",0,"FUSELAGE MAIN, STRUCTURE"
29512,53,"Fuselage","5320","AALA202411069163","other",0,"FUSELAGE MISCELLANEOUS STRUCTURE"
40763,31,"Indicating / Recording System","3150","AALA202411128357","other",3,"CENTRAL WARNING"
33329,25,"Equipment / Furnishings","2560","AALA202407230291","door",1,"EMERGENCY EQUIPMENT"
33224,53,"Fuselage","5320","AALA202407307646","other",0,"FUSELAGE MISCELLANEOUS STRUCTURE"
30083,33,"Lights","3350","AALA202411223411","other",1,"EMERGENCY LIGHTING"
29510,53,"Fuselage","5320","AALA202411267740","other",0,"FUSELAGE MISCELLANEOUS STRUCTURE"
44453,33,"Lights","3350","AALA202411261495","other",1,"EMERGENCY LIGHTING"
31160,53,"Fuselage","5320","AALA202411081285","other",0,"FUSELAGE MISCELLANEOUS STRUCTURE"
68100,29,"Hydraulic Power","2910","AALA202407129573","CND",3,"HYDRAULIC SYSTEM, MAIN"
29509,32,"Landing Gear","3240","AALA202407307216","CND",3,"LANDING GEAR BRAKE SYSTEM"
29544,33,"Lights","3350","AALA202407305958","other",1,"EMERGENCY LIGHTING"
31280,33,"Lights","3350","AALA202407304815","other",1,"EMERGENCY LIGHTING"
30078,53,"Fuselage","5320","AALA202407241645","other",0,"FUSELAGE MISCELLANEOUS STRUCTURE"
31101,52,"Doors","5250","AALA202407128118","latch",0,"FIXED INNER DOORS"
29504,52,"Doors","5250","AALA202407156533","door",0,"FIXED INNER DOORS"
29564,32,"Landing Gear","3240","AALA202407156044","valve",3,"LANDING GEAR BRAKE SYSTEM"
29570,52,"Doors","5210","AALA202407264622","door",3,"PASSENGER/CREW DOORS"
30099,52,"Doors","5250","AALA202407269753","door",0,"FIXED INNER DOORS"
30828,49,"Airborne Auxiliary Power","4910","AALA202504016386","duct",0,"APU COWLING/CONTAINMENT"
30903,52,"Doors","5210","AALA202407161485","door",0,"PASSENGER/CREW DOORS"
29568,55,"Stabilizers","5510","AALA202408140104","other",0,"HORIZONTAL STABILIZER STRUCTURE"
30600,55,"Stabilizers","5530","AALA202407224067","other",0,"VERTICAL STABILIZER STRUCTURE"
29537,53,"Fuselage","5320","AALA202408059341","panel",0,"FUSELAGE MISCELLANEOUS STRUCTURE"
30078,53,"Fuselage","5320","AALA202407247590","other",0,"FUSELAGE MISCELLANEOUS STRUCTURE"
30086,53,"Fuselage","5340","AALA202407248954","other",0,"FUSELAGE MAIN, ATTACH FITTINGS"
31169,53,"Fuselage","5300","AALA202407250498","panel",0,"FUSELAGE STRUCTURE (GENERAL)"
33492,33,"Lights","3350","AALA202407158336","door",1,"EMERGENCY LIGHTING"
44463,33,"Lights","3350","AALA202407166245","other",1,"EMERGENCY LIGHTING"
29527,33,"Lights","3350","AALA202407163749","door",1,"EMERGENCY LIGHTING"
31203,53,"Fuselage","5340","AALA202407026464","hinge",0,"FUSELAGE MAIN, ATTACH FITTINGS"
33220,25,"Equipment / Furnishings","2560","AALA202407085564","pack",3,"EMERGENCY EQUIPMENT"
44458,25,"Equipment / Furnishings","2560","AALA202407087010","door",1,"EMERGENCY EQUIPMENT"
29571,25,"Equipment / Furnishings","2560","AALA202407090616","other",1,"EMERGENCY EQUIPMENT"
31163,53,"Fuselage","5320","AALA202501319463","panel",0,"FUSELAGE MISCELLANEOUS STRUCTURE"
29573,53,"Fuselage","5340","AALA202503055561","other",0,"FUSELAGE MAIN, ATTACH FITTINGS"
31210,33,"Lights","3350","AALA202407033567","switch",3,"EMERGENCY LIGHTING"
30904,52,"Doors","5240","AALA202407303508","CND",3,"SERVICE DOORS"
29560,25,"Equipment / Furnishings","2560","AALA202407317407","battery",1,"EMERGENCY EQUIPMENT"
31197,33,"Lights","3350","AALA202407089576","door",1,"EMERGENCY LIGHTING"
44475,33,"Lights","3350","AALA202407094481","door",1,"EMERGENCY LIGHTING"
44471,33,"Lights","3350","AALA202408012307","other",1,"EMERGENCY LIGHTING"
29537,53,"Fuselage","5320","AALA202408046428","other",0,"FUSELAGE MISCELLANEOUS STRUCTURE"
29546,53,"Fuselage","5310","AALA202407108515","other",0,"FUSELAGE MAIN, STRUCTURE"
29573,53,"Fuselage","5320","AALA202503113198","panel",0,"FUSELAGE MISCELLANEOUS STRUCTURE"
29559,25,"Equipment / Furnishings","2560","AALA202508296310","other",1,"EMERGENCY EQUIPMENT"
40764,52,"Doors","5210","AALA202407230127","door",0,"PASSENGER/CREW DOORS"
30078,53,"Fuselage","5320","AALA202407241070","other",0,"FUSELAGE MISCELLANEOUS STRUCTURE"
29537,53,"Fuselage","5320","AALA202407246330","door",0,"FUSELAGE MISCELLANEOUS STRUCTURE"
33346,49,"Airborne Auxiliary Power","4940","AALA202407253664","generator",0,"APU START/IGNITION SYSTEM"
29546,53,"Fuselage","5310","AALA202407105247","other",0,"FUSELAGE MAIN, STRUCTURE"
33206,52,"Doors","5210","AALA202407247377","door",3,"PASSENGER/CREW DOORS"
29544,33,"Lights","3350","AALA202407244095","other",1,"EMERGENCY LIGHTING"
29504,33,"Lights","3350","AALA202407306841","door",1,"EMERGENCY LIGHTING"
30914,33,"Lights","3350","AALA202407245670","other",1,"EMERGENCY LIGHTING"
29555,25,"Equipment / Furnishings","2560","AALA202407240216","other",1,"EMERGENCY EQUIPMENT"
30082,28,"Fuel","2840","AALA202407246413","CND",3,"ACFT FUEL INDICATING SYSTEM"
29570,52,"Doors","5210","AALA202407257887","CND",3,"PASSENGER/CREW DOORS"
29530,25,"Equipment / Furnishings","2560","AALA202407153843","pack",1,"EMERGENCY EQUIPMENT"
29537,53,"Fuselage","5320","AALA202408087373","panel",0,"FUSELAGE MISCELLANEOUS STRUCTURE"
29522,33,"Lights","3350","AALA202407036333","other",1,"EMERGENCY LIGHTING"
30084,33,"Lights","3350","AALA202407035270","other",3,"EMERGENCY LIGHTING"
30910,52,"Doors","5210","AALA202501304054","door",0,"PASSENGER/CREW DOORS"
30086,53,"Fuselage","5320","AALA202408129927","other",0,"FUSELAGE MISCELLANEOUS STRUCTURE"
30089,53,"Fuselage","5320","AALA202408205655","door",0,"FUSELAGE MISCELLANEOUS STRUCTURE"
33487,25,"Equipment / Furnishings","2530","AALA202407196997","CND",3,"BUFFET/GALLEYS"
31079,36,"Pneumatic","3610","AALA202407300088","engine",3,"PNEUMATIC DISTRIBUTION SYSTEM"
29534,33,"Lights","3350","AALA202407308253","other",1,"EMERGENCY LIGHTING"
40579,25,"Equipment / Furnishings","2560","AALA202407109396","battery",1,"EMERGENCY EQUIPMENT"
29573,53,"Fuselage","5320","AALA202503110358","panel",0,"FUSELAGE MISCELLANEOUS STRUCTURE"
33225,53,"Fuselage","5320","AALA202408055363","door",0,"FUSELAGE MISCELLANEOUS STRUCTURE"
29537,53,"Fuselage","5320","AALA202407245213","other",0,"FUSELAGE MISCELLANEOUS STRUCTURE"
33220,25,"Equipment / Furnishings","2560","AALA202407159654","door",1,"EMERGENCY EQUIPMENT"
30093,55,"Stabilizers","5510","AALA202505071651","other",0,"HORIZONTAL STABILIZER STRUCTURE"
31163,72,"Engine","7260","AALA202407022536","filter",3,"TURBINE ENGINE ACCESSORY DRIVE"
29556,22,"Auto Flight","2230","AALA202407302917","CND",3,"AUTO THROTTLE SYSTEM"
30087,53,"Fuselage","5320","AALA202408204160","panel",0,"FUSELAGE MISCELLANEOUS STRUCTURE"
33315,25,"Equipment / Furnishings","2560","AALA202505280623","other",1,"EMERGENCY EQUIPMENT"
29509,32,"Landing Gear","3240","AALA202407311219","brake",3,"LANDING GEAR BRAKE SYSTEM"
30089,25,"Equipment / Furnishings","2560","AALA202408125121","door",1,"EMERGENCY EQUIPMENT"
30087,53,"Fuselage","5320","AALA202408128853","other",0,"FUSELAGE MISCELLANEOUS STRUCTURE"
29517,52,"Doors","5250","AALA202502050822","latch",0,"FIXED INNER DOORS"
29539,53,"Fuselage","5310","AALA202502062463","other",0,"FUSELAGE MAIN, STRUCTURE"
30908,52,"Doors","5210","AALA202407093877","CND",3,"PASSENGER/CREW DOORS"
29546,53,"Fuselage","5320","AALA202506138840","other",0,"FUSELAGE MISCELLANEOUS STRUCTURE"
29539,53,"Fuselage","5310","AALA202502064702","other",0,"FUSELAGE MAIN, STRUCTURE"
30089,53,"Fuselage","5320","AALA202408050543","other",0,"FUSELAGE MISCELLANEOUS STRUCTURE"
44483,25,"Equipment / Furnishings","2560","AALA202407115051","door",1,"EMERGENCY EQUIPMENT"
30092,55,"Stabilizers","5510","AALA202501292758","other",0,"HORIZONTAL STABILIZER STRUCTURE"
44466,52,"Doors","5250","AALA202407102395","door",0,"FIXED INNER DOORS"
33338,32,"Landing Gear","3240","AALA202407088069","strut",3,"LANDING GEAR BRAKE SYSTEM"
30089,53,"Fuselage","5310","AALA202502106493","other",0,"FUSELAGE MAIN, STRUCTURE"
29515,52,"Doors","5250","AALA202407097315","latch",0,"FIXED INNER DOORS"
31177,25,"Equipment / Furnishings","2560","AALA202407097381","battery",1,"EMERGENCY EQUIPMENT"
30086,53,"Fuselage","5320","AALA202408143247","panel",0,"FUSELAGE MISCELLANEOUS STRUCTURE"
44456,53,"Fuselage","5320","AALA202408057997","panel",0,"FUSELAGE MISCELLANEOUS STRUCTURE"
30089,53,"Fuselage","5320","AALA202408052169","other",0,"FUSELAGE MISCELLANEOUS STRUCTURE"
44472,72,"Engine","7260","AALA202407232383","other",3,"TURBINE ENGINE ACCESSORY DRIVE"
33210,52,"Doors","5250","AALA202407158448","door",0,"FIXED INNER DOORS"
31093,52,"Doors","5250","AALA202407253013","latch",0,"FIXED INNER DOORS"
29546,53,"Fuselage","5310","AALA202407109303","other",0,"FUSELAGE MAIN, STRUCTURE"
30600,25,"Equipment / Furnishings","2560","AALA202407237389","other",1,"EMERGENCY EQUIPMENT"
29570,52,"Doors","5210","AALA202407267887","door",3,"PASSENGER/CREW DOORS"
30082,28,"Fuel","2810","AALA202407305857","panel",1,"FUEL STORAGE"
30087,53,"Fuselage","5320","AALA202408204502","panel",0,"FUSELAGE MISCELLANEOUS STRUCTURE"
29537,53,"Fuselage","5320","AALA202408120466","panel",0,"FUSELAGE MISCELLANEOUS STRUCTURE"
33338,32,"Landing Gear","3240","AALA202407086528","strut",3,"LANDING GEAR BRAKE SYSTEM"
29506,33,"Lights","3350","AALA202407162473","other",1,"EMERGENCY LIGHTING"
44452,52,"Doors","5250","AALA202408010138","door",0,"FIXED INNER DOORS"
30089,52,"Doors","5250","AALA202407091755","door",0,"FIXED INNER DOORS"
33321,53,"Fuselage","5340","AALA202503109191","other",0,"FUSELAGE MAIN, ATTACH FITTINGS"
29533,52,"Doors","5210","AALA202407237365","door",0,"PASSENGER/CREW DOORS"
30087,53,"Fuselage","5320","AALA202408059783","other",0,"FUSELAGE MISCELLANEOUS STRUCTURE"
31236,56,"Windows","5610","AALA202407123962","window",0,"FLIGHT COMPARTMENT WINDOWS"
29508,52,"Doors","5250","AALA202407252279","latch",0,"FIXED INNER DOORS"
44448,51,"Standard Practices And Structures - General","5100","AALA202407168528","CND",3,"STANDARD PRACTICES/STRUCTURES"
44488,21,"Air Conditioning","2120","AALA202407168897","CND",2,"AIR DISTRIBUTION SYSTEM"
31214,33,"Lights","3350","AALA202407265122","other",1,"EMERGENCY LIGHTING"
29511,33,"Lights","3350","AALA202407022953","other",1,"EMERGENCY LIGHTING"
29566,52,"Doors","5250","AALA202501280159","door",0,"FIXED INNER DOORS"
33329,33,"Lights","3350","AALA202407032560","other",1,"EMERGENCY LIGHTING"
40581,33,"Lights","3350","AALA202407302067","other",1,"EMERGENCY LIGHTING"
30095,28,"Fuel","2820","AALA202407311540","pump",3,"ACFT FUEL DISTRIB. SYSTEM"
29537,53,"Fuselage","5320","AALA202408127647","other",0,"FUSELAGE MISCELLANEOUS STRUCTURE"
30087,53,"Fuselage","5320","AALA202408210997","other",0,"FUSELAGE MISCELLANEOUS STRUCTURE"
30084,33,"Lights","3350","AALA202407087834","other",1,"EMERGENCY LIGHTING"
33239,53,"Fuselage","5330","AALA202407092565","panel",0,"FUSELAGE MAIN, PLATE/SKIN"
29537,53,"Fuselage","5310","AALA202407220757","panel",0,"FUSELAGE MAIN, STRUCTURE"
31149,53,"Fuselage","5320","AALA202407051309","other",0,"FUSELAGE MISCELLANEOUS STRUCTURE"
30089,53,"Fuselage","5320","AALA202408059106","other",0,"FUSELAGE MISCELLANEOUS STRUCTURE"
29517,28,"Fuel","2840","AALA202502063262","probe",1,"ACFT FUEL INDICATING SYSTEM"
31145,25,"Equipment / Furnishings","2560","AALA202407233535","battery",1,"EMERGENCY EQUIPMENT"
29537,53,"Fuselage","5320","AALA202407247896","door",0,"FUSELAGE MISCELLANEOUS STRUCTURE"
29508,52,"Doors","5250","AALA202407247894","door",0,"FIXED INNER DOORS"
33203,27,"Flight Controls","2750","AALA202407152949","sensor",3,"TE FLAP CONTROL SYSTEM"
29537,53,"Fuselage","5310","AALA202408044854","other",0,"FUSELAGE MAIN, STRUCTURE"
31085,25,"Equipment / Furnishings","2560","AALA202502190102","other",1,"EMERGENCY EQUIPMENT"
29537,53,"Fuselage","5320","AALA202408041983","door",0,"FUSELAGE MISCELLANEOUS STRUCTURE"
33225,53,"Fuselage","5310","AALA202408022415","duct",0,"FUSELAGE MAIN, STRUCTURE"
33225,53,"Fuselage","5310","AALA202408190665","other",0,"FUSELAGE MAIN, STRUCTURE"
44458,25,"Equipment / Furnishings","2560","AALA202407021312","pack",3,"EMERGENCY EQUIPMENT"
31176,53,"Fuselage","5330","AALA202407301964","other",0,"FUSELAGE MAIN, PLATE/SKIN"
44475,33,"Lights","3350","AALA202407093894","door",1,"EMERGENCY LIGHTING"
29548,25,"Equipment / Furnishings","2560","AALA202407233981","other",1,"EMERGENCY EQUIPMENT"
29518,33,"Lights","3350","AALA202407232971","other",1,"EMERGENCY LIGHTING"
31157,52,"Doors","5250","AALA202408064228","door",0,"FIXED INNER DOORS"
29537,53,"Fuselage","5320","AALA202408085054","panel",0,"FUSELAGE MISCELLANEOUS STRUCTURE"
29503,32,"Landing Gear","3260","AALA202407269580","sensor",3,"LANDING GEAR POSITION AND WARNING"
33224,53,"Fuselage","5320","AALA202407304418","other",0,"FUSELAGE MISCELLANEOUS STRUCTURE"
29529,33,"Lights","3350","AALA202402149291","other",1,"EMERGENCY LIGHTING"
31169,25,"Equipment / Furnishings","2560","AALA202407197524","door",1,"EMERGENCY EQUIPMENT"
68099,52,"Doors","5250","AALA202502060239","hinge",3,"FIXED INNER DOORS"
29535,52,"Doors","5240","AALA202407086373","door",0,"SERVICE DOORS"
44468,52,"Doors","5250","AALA202407096590","door",0,"FIXED INNER DOORS"
31230,53,"Fuselage","5310","AALA202407103853","window",0,"FUSELAGE MAIN, STRUCTURE"
29546,53,"Fuselage","5320","AALA202407109501","other",0,"FUSELAGE MISCELLANEOUS STRUCTURE"
29546,53,"Fuselage","5310","AALA202407109762","other",0,"FUSELAGE MAIN, STRUCTURE"
30089,55,"Stabilizers","5510","AALA202408052371","other",0,"HORIZONTAL STABILIZER STRUCTURE"
44455,52,"Doors","5250","AALA202509037299","door",0,"FIXED INNER DOORS"
30078,53,"Fuselage","5320","AALA202407248707","other",0,"FUSELAGE MISCELLANEOUS STRUCTURE"
30078,53,"Fuselage","5320","AALA202407247414","other",0,"FUSELAGE MISCELLANEOUS STRUCTURE"
68099,52,"Doors","5250","AALA202407242768","latch",0,"FIXED INNER DOORS"
29518,33,"Lights","3350","AALA202407242318","other",1,"EMERGENCY LIGHTING"
30908,52,"Doors","5210","AALA202407243877","CND",3,"PASSENGER/CREW DOORS"
29576,25,"Equipment / Furnishings","2560","AALA202407250327","pack",3,"EMERGENCY EQUIPMENT"
33224,25,"Equipment / Furnishings","2560","AALA202407151211","door",1,"EMERGENCY EQUIPMENT"
29531,27,"Flight Controls","2750","AALA202407178044","other",3,"TE FLAP CONTROL SYSTEM"
33225,53,"Fuselage","5320","AALA202408099065","panel",0,"FUSELAGE MISCELLANEOUS STRUCTURE"
33250,53,"Fuselage","5310","AALA202506020175","panel",0,"FUSELAGE MAIN, STRUCTURE"
31079,36,"Pneumatic","3610","AALA202407306695","engine",3,"PNEUMATIC DISTRIBUTION SYSTEM"
33224,25,"Equipment / Furnishings","2560","AALA202407312902","battery",1,"EMERGENCY EQUIPMENT"
44473,25,"Equipment / Furnishings","2560","AALA202408010698","door",1,"EMERGENCY EQUIPMENT"
33224,53,"Fuselage","5320","AALA202407100198","other",0,"FUSELAGE MISCELLANEOUS STRUCTURE"
29537,53,"Fuselage","5320","AALA202408049400","other",0,"FUSELAGE MISCELLANEOUS STRUCTURE"
29537,53,"Fuselage","5320","AALA202408059750","panel",0,"FUSELAGE MISCELLANEOUS STRUCTURE"
30089,33,"Lights","3350","AALA202407110158","door",1,"EMERGENCY LIGHTING"
29560,53,"Fuselage","5310","AALA202502054115","other",0,"FUSELAGE MAIN, STRUCTURE"
30089,52,"Doors","5250","AALA202407088524","door",0,"FIXED INNER DOORS"
31143,32,"Landing Gear","3230","AALA202407087264","bleed air component",2,"LANDING GEAR RETRACT/EXTEND SYSTEM"
29540,25,"Equipment / Furnishings","2560","AALA202407084190","door",3,"EMERGENCY EQUIPMENT"
31157,52,"Doors","5250","AALA202408017978","door",0,"FIXED INNER DOORS"
30918,52,"Doors","5250","AALA202509034395","door",0,"FIXED INNER DOORS"
29537,53,"Fuselage","5320","AALA202408044860","door",0,"FUSELAGE MISCELLANEOUS STRUCTURE"
29546,53,"Fuselage","5310","AALA202407108769","other",0,"FUSELAGE MAIN, STRUCTURE"
29537,53,"Fuselage","5320","AALA202408044055","panel",0,"FUSELAGE MISCELLANEOUS STRUCTURE"
29568,55,"Stabilizers","5510","AALA202408141366","other",0,"HORIZONTAL STABILIZER STRUCTURE"
44464,25,"Equipment / Furnishings","2560","AALA202407230370","door",1,"EMERGENCY EQUIPMENT"
30086,53,"Fuselage","5320","AALA202407118057","other",0,"FUSELAGE MISCELLANEOUS STRUCTURE"
30082,28,"Fuel","2840","AALA202407116413","other",3,"ACFT FUEL INDICATING SYSTEM"
31268,33,"Lights","3350","AALA202407110545","other",1,"EMERGENCY LIGHTING"
33346,24,"Electrical Power","2420","AALA202407233664","CND",2,"AC GENERATION SYSTEM"
30078,53,"Fuselage","5320","AALA202407241680","other",0,"FUSELAGE MISCELLANEOUS STRUCTURE"
30912,25,"Equipment / Furnishings","2560","AALA202407314170","other",1,"EMERGENCY EQUIPMENT"
33206,25,"Equipment / Furnishings","2560","AALA202407244798","door",3,"EMERGENCY EQUIPMENT"
31217,33,"Lights","3350","AALA202407242831","door",1,"EMERGENCY LIGHTING"
40580,33,"Lights","3350","AALA202407258845","door",1,"EMERGENCY LIGHTING"
40584,52,"Doors","5250","AALA202407150687","latch",0,"FIXED INNER DOORS"
29536,57,"Wings","5710","AALA202407030840","other",0,"WING, MAIN FRAME STRUCTURE"
30086,55,"Stabilizers","5510","AALA202407198534","other",0,"HORIZONTAL STABILIZER STRUCTURE"
30089,53,"Fuselage","5320","AALA202408051182","other",0,"FUSELAGE MISCELLANEOUS STRUCTURE"
30087,53,"Fuselage","5320","AALA202408205832","panel",0,"FUSELAGE MISCELLANEOUS STRUCTURE"
29571,52,"Doors","5250","AALA202407315326","control rod",0,"FIXED INNER DOORS"
31139,33,"Lights","3350","AALA202407305230","other",1,"EMERGENCY LIGHTING"
29537,53,"Fuselage","5320","AALA202408127574","other",0,"FUSELAGE MISCELLANEOUS STRUCTURE"
29537,53,"Fuselage","5310","AALA202408122140","other",0,"FUSELAGE MAIN, STRUCTURE"
33338,32,"Landing Gear","3240","AALA202407087395","strut",3,"LANDING GEAR BRAKE SYSTEM"
33213,53,"Fuselage","5340","AALA202407086817","hinge",3,"FUSELAGE MAIN, ATTACH FITTINGS"
30598,49,"Airborne Auxiliary Power","4920","AALA202407168720","actuator",3,"APU CORE ENGINE"
29537,53,"Fuselage","5310","AALA202407224152","panel",0,"FUSELAGE MAIN, STRUCTURE"
29564,52,"Doors","5240","AALA202407101306","hinge",3,"SERVICE DOORS"
40579,25,"Equipment / Furnishings","2560","AALA202407107999","battery",1,"EMERGENCY EQUIPMENT"
40764,52,"Doors","5210","AALA202407230257","door",0,"PASSENGER/CREW DOORS"
30078,53,"Fuselage","5320","AALA202407242001","other",0,"FUSELAGE MISCELLANEOUS STRUCTURE"
31259,33,"Lights","3350","AALA202407117351","other",1,"EMERGENCY LIGHTING"
30087,53,"Fuselage","5320","AALA202408059143","other",0,"FUSELAGE MISCELLANEOUS STRUCTURE"
33486,33,"Lights","3350","AALA202407267956","other",1,"EMERGENCY LIGHTING"
30078,53,"Fuselage","5320","AALA202407246708","other",0,"FUSELAGE MISCELLANEOUS STRUCTURE"
29504,25,"Equipment / Furnishings","2560","AALA202407123095","other",1,"EMERGENCY EQUIPMENT"
29504,25,"Equipment / Furnishings","2560","AALA202407123198","other",1,"EMERGENCY EQUIPMENT"
68100,29,"Hydraulic Power","2910","AALA202407249573","engine",3,"HYDRAULIC SYSTEM, MAIN"
33328,52,"Doors","5210","AALA202407157468","door",0,"PASSENGER/CREW DOORS"
30087,53,"Fuselage","5340","AALA202408081356","panel",0,"FUSELAGE MAIN, ATTACH FITTINGS"
44446,25,"Equipment / Furnishings","2560","AALA202407268277","pack",3,"EMERGENCY EQUIPMENT"
33491,33,"Lights","3350","AALA202407025169","other",1,"EMERGENCY LIGHTING"
29538,53,"Fuselage","5320","AALA202412160216","other",0,"FUSELAGE MISCELLANEOUS STRUCTURE"
30086,55,"Stabilizers","5510","AALA202408122931","other",0,"HORIZONTAL STABILIZER STRUCTURE"
40762,25,"Equipment / Furnishings","2560","AALA202407301390","pack",1,"EMERGENCY EQUIPMENT"
31257,52,"Doors","5210","AALA202407304570","door",0,"PASSENGER/CREW DOORS"
29509,32,"Landing Gear","3240","AALA202407317216","brake",3,"LANDING GEAR BRAKE SYSTEM"
44482,25,"Equipment / Furnishings","2560","AALA202407088558","pack",1,"EMERGENCY EQUIPMENT"
31159,52,"Doors","5250","AALA202408014097","door",0,"FIXED INNER DOORS"
31165,53,"Fuselage","5320","AALA202502141938","door",0,"FUSELAGE MISCELLANEOUS STRUCTURE"
31163,28,"Fuel","2840","AALA202505097875","probe",3,"ACFT FUEL INDICATING SYSTEM"
29527,28,"Fuel","2810","AALA202407232227","panel",1,"FUEL STORAGE"
29527,28,"Fuel","2810","AALA202407239998","panel",1,"FUEL STORAGE"
44488,21,"Air Conditioning","2120","AALA202407248897","CND",2,"AIR DISTRIBUTION SYSTEM"
30600,55,"Stabilizers","5510","AALA202407194081","panel",0,"HORIZONTAL STABILIZER STRUCTURE"
29507,28,"Fuel","2820","AALA202407242257","switch",1,"ACFT FUEL DISTRIB. SYSTEM"
30087,53,"Fuselage","5320","AALA202408088853","other",0,"FUSELAGE MISCELLANEOUS STRUCTURE"
33225,53,"Fuselage","5310","AALA202408199860","other",0,"FUSELAGE MAIN, STRUCTURE"
30089,25,"Equipment / Furnishings","2560","AALA202408097378","door",1,"EMERGENCY EQUIPMENT"
30095,28,"Fuel","2820","AALA202407261540","CND",3,"ACFT FUEL DISTRIB. SYSTEM"
31210,25,"Equipment / Furnishings","2560","AALA202407265604","door",1,"EMERGENCY EQUIPMENT"
29510,21,"Air Conditioning","2150","AALA202407033985","engine",3,"CABIN COOLING SYSTEM"
30086,53,"Fuselage","5320","AALA202408123114","other",0,"FUSELAGE MISCELLANEOUS STRUCTURE"
30086,53,"Fuselage","5310","AALA202408122733","other",0,"FUSELAGE MAIN, STRUCTURE"
31111,27,"Flight Controls","2740","AALA202407304472","other",3,"STABILIZER CONTROL SYSTEM"
30087,53,"Fuselage","5320","AALA202408208448","other",0,"FUSELAGE MISCELLANEOUS STRUCTURE"
29528,33,"Lights","3350","AALA202407098429","other",1,"EMERGENCY LIGHTING"
30089,55,"Stabilizers","5510","AALA202408057727","other",0,"HORIZONTAL STABILIZER STRUCTURE"
31163,53,"Fuselage","5310","AALA202502067683","other",0,"FUSELAGE MAIN, STRUCTURE"
30087,53,"Fuselage","5320","AALA202408277207","other",0,"FUSELAGE MISCELLANEOUS STRUCTURE"
29569,55,"Stabilizers","5510","AALA202503110046","other",0,"HORIZONTAL STABILIZER STRUCTURE"
30099,29,"Hydraulic Power","2910","AALA202410234131","engine",3,"HYDRAULIC SYSTEM, MAIN"
29535,52,"Doors","5240","AALA202407085487","door",0,"SERVICE DOORS"
31067,52,"Doors","5250","AALA202408026645","door",0,"FIXED INNER DOORS"
29573,53,"Fuselage","5320","AALA202503116390","panel",0,"FUSELAGE MISCELLANEOUS STRUCTURE"
30096,72,"Engine","7200","AALA202407238218","engine",3,"ENGINE (TURBINE/TURBOPROP)"
30078,53,"Fuselage","5320","AALA202407249847","other",0,"FUSELAGE MISCELLANEOUS STRUCTURE"
30600,25,"Equipment / Furnishings","2560","AALA202407239155","other",1,"EMERGENCY EQUIPMENT"
31199,25,"Equipment / Furnishings","2560","AALA202407253086","door",3,"EMERGENCY EQUIPMENT"
29530,33,"Lights","3350","AALA202407157691","other",1,"EMERGENCY LIGHTING"
30906,33,"Lights","3350","AALA202407157642","switch",1,"EMERGENCY LIGHTING"
33486,33,"Lights","3350","AALA202407267704","other",1,"EMERGENCY LIGHTING"
30089,53,"Fuselage","5320","AALA202408092987","panel",0,"FUSELAGE MISCELLANEOUS STRUCTURE"
29518,52,"Doors","5250","AALA202407183217","door",3,"FIXED INNER DOORS"
29528,33,"Lights","3350","AALA202407038429","CND",1,"EMERGENCY LIGHTING"
30086,53,"Fuselage","5320","AALA202407194106","other",0,"FUSELAGE MISCELLANEOUS STRUCTURE"
33487,25,"Equipment / Furnishings","2560","AALA202407309974","door",1,"EMERGENCY EQUIPMENT"
30600,33,"Lights","3350","AALA202407234242","other",1,"EMERGENCY LIGHTING"
33316,33,"Lights","3350","AALA202407085942","other",1,"EMERGENCY LIGHTING"
29539,53,"Fuselage","5310","AALA202502067067","other",0,"FUSELAGE MAIN, STRUCTURE"
31163,25,"Equipment / Furnishings","2560","AALA202506023017","door",1,"EMERGENCY EQUIPMENT"
31097,72,"Engine","7260","AALA202407109675","other",3,"TURBINE ENGINE ACCESSORY DRIVE"
29546,53,"Fuselage","5310","AALA202407101581","other",0,"FUSELAGE MAIN, STRUCTURE"
29510,32,"Landing Gear","3240","AALA202407111502","CND",3,"LANDING GEAR BRAKE SYSTEM"
44452,25,"Equipment / Furnishings","2560","AALA202410306118","other",1,"EMERGENCY EQUIPMENT"
30599,53,"Fuselage","5310","AALA202410160180","other",0,"FUSELAGE MAIN, STRUCTURE"
29510,32,"Landing Gear","3240","AALA202409051502","tire",3,"LANDING GEAR BRAKE SYSTEM"
30087,53,"Fuselage","5320","AALA202408209508","panel",0,"FUSELAGE MISCELLANEOUS STRUCTURE"
29571,25,"Equipment / Furnishings","2560","AALA202407080616","CND",1,"EMERGENCY EQUIPMENT"
29533,52,"Doors","5210","AALA202407096117","door",3,"PASSENGER/CREW DOORS"
31161,52,"Doors","5250","AALA202408015976","hinge",0,"FIXED INNER DOORS"
29546,53,"Fuselage","5310","AALA202407100091","other",0,"FUSELAGE MAIN, STRUCTURE"
44464,25,"Equipment / Furnishings","2560","AALA202407233993","door",1,"EMERGENCY EQUIPMENT"
33225,53,"Fuselage","5320","AALA202408050958","door",0,"FUSELAGE MISCELLANEOUS STRUCTURE"
29537,53,"Fuselage","5320","AALA202408052466","other",0,"FUSELAGE MISCELLANEOUS STRUCTURE"
29537,53,"Fuselage","5310","AALA202408050153","other",0,"FUSELAGE MAIN, STRUCTURE"
33219,25,"Equipment / Furnishings","2560","AALA202407241290","other",1,"EMERGENCY EQUIPMENT"
31160,25,"Equipment / Furnishings","2560","AALA202407248539","pack",1,"EMERGENCY EQUIPMENT"
29537,53,"Fuselage","5320","AALA202407247912","panel",0,"FUSELAGE MISCELLANEOUS STRUCTURE"
29517,25,"Equipment / Furnishings","2560","AALA202407259077","door",1,"EMERGENCY EQUIPMENT"
29506,33,"Lights","3350","AALA202407159894","other",1,"EMERGENCY LIGHTING"
33225,53,"Fuselage","5320","AALA202408098267","panel",0,"FUSELAGE MISCELLANEOUS STRUCTURE"
29536,57,"Wings","5710","AALA202407038167","other",0,"WING, MAIN FRAME STRUCTURE"
29557,25,"Equipment / Furnishings","2560","AALA202407308199","door",1,"EMERGENCY EQUIPMENT"
31219,33,"Lights","3350","AALA202407306447","door",1,"EMERGENCY LIGHTING"
29564,52,"Doors","5250","AALA202407309215","door",0,"FIXED INNER DOORS"
44459,54,"Nacelles/Pylons","5420","AALA202502105871","other",0,"NACELLE/PYLON MISCELLANEOUS STRUCT."
44465,25,"Equipment / Furnishings","2560","AALA202506028842","battery",1,"EMERGENCY EQUIPMENT"
30089,53,"Fuselage","5320","AALA202408129378","panel",0,"FUSELAGE MISCELLANEOUS STRUCTURE"
29537,53,"Fuselage","5320","AALA202408122550","other",0,"FUSELAGE MISCELLANEOUS STRUCTURE"
44464,34,"Navigation","3440","AALA202407160788","CND",3,"INDEPENDENT POS. DETERMINING SYSTEM"
31280,53,"Fuselage","5310","AALA202407105503","door",0,"FUSELAGE MAIN, STRUCTURE"
29546,53,"Fuselage","5310","AALA202407101154","other",0,"FUSELAGE MAIN, STRUCTURE"
30086,53,"Fuselage","5340","AALA202408065536","pack",0,"FUSELAGE MAIN, ATTACH FITTINGS"
30087,33,"Lights","3350","AALA202407120235","other",1,"EMERGENCY LIGHTING"
30079,25,"Equipment / Furnishings","2560","AALA202407151771","pack",1,"EMERGENCY EQUIPMENT"
29566,25,"Equipment / Furnishings","2560","AALA202407158195","pack",1,"EMERGENCY EQUIPMENT"
33486,33,"Lights","3350","AALA202407260303","other",1,"EMERGENCY LIGHTING"
33329,25,"Equipment / Furnishings","2560","AALA202407022256","door",1,"EMERGENCY EQUIPMENT"
33224,53,"Fuselage","5320","AALA202407306366","other",0,"FUSELAGE MISCELLANEOUS STRUCTURE"
29509,32,"Landing Gear","3240","AALA202407316040","brake",3,"LANDING GEAR BRAKE SYSTEM"
33321,52,"Doors","5250","AALA202503116345","door",0,"FIXED INNER DOORS"
30086,33,"Lights","3350","AALA202408028480","other",1,"EMERGENCY LIGHTING"
67991,33,"Lights","3350","AALA202407232363","other",1,"EMERGENCY LIGHTING"
30086,53,"Fuselage","5320","AALA202408065146","panel",0,"FUSELAGE MISCELLANEOUS STRUCTURE"
29524,33,"Lights","3350","AALA202407151811","other",1,"EMERGENCY LIGHTING"
30087,53,"Fuselage","5320","AALA202408128915","panel",0,"FUSELAGE MISCELLANEOUS STRUCTURE"
33224,53,"Fuselage","5320","AALA202407301662","other",0,"FUSELAGE MISCELLANEOUS STRUCTURE"
30600,33,"Lights","3350","AALA202509085984","CND",1,"EMERGENCY LIGHTING"
68105,33,"Lights","3350","AALA202407248859","other",1,"EMERGENCY LIGHTING"
44458,33,"Lights","3350","AALA202407309395","other",1,"EMERGENCY LIGHTING"
33211,33,"Lights","3350","AALA202407317521","CND",1,"EMERGENCY LIGHTING"
44475,25,"Equipment / Furnishings","2560","AALA202407087131","door",1,"EMERGENCY EQUIPMENT"
29507,28,"Fuel","2820","AALA202407082257","CND",1,"ACFT FUEL DISTRIB. SYSTEM"
29572,52,"Doors","5210","AALA202407167395","CND",3,"PASSENGER/CREW DOORS"
30087,53,"Fuselage","5320","AALA202408226458","panel",0,"FUSELAGE MISCELLANEOUS STRUCTURE"
29537,53,"Fuselage","5320","AALA202408044664","panel",0,"FUSELAGE MISCELLANEOUS STRUCTURE"
29546,53,"Fuselage","5310","AALA202407108832","other",0,"FUSELAGE MAIN, STRUCTURE"
30089,53,"Fuselage","5320","AALA202408057303","other",0,"FUSELAGE MISCELLANEOUS STRUCTURE"
29573,53,"Fuselage","5320","AALA202503117707","panel",0,"FUSELAGE MISCELLANEOUS STRUCTURE"
30086,53,"Fuselage","5340","AALA202407249854","other",0,"FUSELAGE MAIN, ATTACH FITTINGS"
29570,52,"Doors","5210","AALA202407241503","door",3,"PASSENGER/CREW DOORS"
30098,33,"Lights","3350","AALA202508251141","panel",1,"EMERGENCY LIGHTING"
30086,53,"Fuselage","5320","AALA202407196618","other",0,"FUSELAGE MISCELLANEOUS STRUCTURE"
30086,53,"Fuselage","5320","AALA202408123603","other",0,"FUSELAGE MISCELLANEOUS STRUCTURE"
30087,53,"Fuselage","5320","AALA202408202609","panel",0,"FUSELAGE MISCELLANEOUS STRUCTURE"
31097,31,"Indicating / Recording System","3150","AALA202407319228","module",3,"CENTRAL WARNING"
30098,32,"Landing Gear","3230","AALA202407082315","CND",3,"LANDING GEAR RETRACT/EXTEND SYSTEM"
31157,52,"Doors","5250","AALA202408014228","CND",0,"FIXED INNER DOORS"
31163,79,"Oil","7930","AALA202407092536","filter",3,"ENGINE OIL INDICATING SYSTEM"
31075,27,"Flight Controls","2740","AALA202407233421","other",3,"STABILIZER CONTROL SYSTEM"
30078,53,"Fuselage","5320","AALA202407240970","other",0,"FUSELAGE MISCELLANEOUS STRUCTURE"
44488,25,"Equipment / Furnishings","2560","AALA202508215184","door",1,"EMERGENCY EQUIPMENT"
44461,53,"Fuselage","5310","AALA202407251579","other",0,"FUSELAGE MAIN, STRUCTURE"
33206,52,"Doors","5210","AALA202407184798","CND",3,"PASSENGER/CREW DOORS"
33316,33,"Lights","3350","AALA202407088710","other",1,"EMERGENCY LIGHTING"
29558,52,"Doors","5250","AALA202408017869","latch",0,"FIXED INNER DOORS"
44478,33,"Lights","3350","AALA202508273919","other",1,"EMERGENCY LIGHTING"
33256,52,"Doors","5250","AALA202509296111","door",0,"FIXED INNER DOORS"
44488,25,"Equipment / Furnishings","2560","AALA202508199726","door",1,"EMERGENCY EQUIPMENT"
44506,52,"Doors","5250","AALA202508197813","door",0,"FIXED INNER DOORS"
31107,57,"Wings","5710","AALA202508188891","wheel",0,"WING, MAIN FRAME STRUCTURE"
31176,53,"Fuselage","5310","AALA202508293678","other",0,"FUSELAGE MAIN, STRUCTURE"
31250,32,"Landing Gear","3260","AALA202508129736","CND",3,"LANDING GEAR POSITION AND WARNING"
29555,53,"Fuselage","5330","AALA202509051592","panel",0,"FUSELAGE MAIN, PLATE/SKIN"
33229,53,"Fuselage","5320","AALA202503123675","door",0,"FUSELAGE MISCELLANEOUS STRUCTURE"
31176,53,"Fuselage","5320","AALA202508155127","other",0,"FUSELAGE MISCELLANEOUS STRUCTURE"
33231,53,"Fuselage","5320","AALA202508188026","other",0,"FUSELAGE MISCELLANEOUS STRUCTURE"
31153,32,"Landing Gear","3250","AALA202508151170","module",3,"LANDING GEAR STEERING SYSTEM"
29527,33,"Lights","3350","AALA202508202617","other",1,"EMERGENCY LIGHTING"
44475,52,"Doors","5250","AALA202508253598","door",0,"FIXED INNER DOORS"
30087,27,"Flight Controls","2780","AALA202508256316","sensor",3,"LE SLAT CONTROL SYSTEM"
30907,25,"Equipment / Furnishings","2560","AALA202508257553","other",1,"EMERGENCY EQUIPMENT"
31176,53,"Fuselage","5320","AALA202508254688","other",0,"FUSELAGE MISCELLANEOUS STRUCTURE"
31176,25,"Equipment / Furnishings","2560","AALA202508220467","other",1,"EMERGENCY EQUIPMENT"
33231,53,"Fuselage","5340","AALA202508132979","panel",0,"FUSELAGE MAIN, ATTACH FITTINGS"
30096,52,"Doors","5250","AALA202509029544","door",0,"FIXED INNER DOORS"
31139,53,"Fuselage","5330","AALA202508183711","other",0,"FUSELAGE MAIN, PLATE/SKIN"
33489,52,"Doors","5220","AALA202508052455","latch",0,"EMERGENCY EXITS"
31083,33,"Lights","3350","AALA202508050149","door",1,"EMERGENCY LIGHTING"
29504,32,"Landing Gear","3240","AALA202508074415","control unit",3,"LANDING GEAR BRAKE SYSTEM"
33243,27,"Flight Controls","2750","AALA202508110399","other",3,"TE FLAP CONTROL SYSTEM"
30094,25,"Equipment / Furnishings","2560","AALA202508111880","pack",1,"EMERGENCY EQUIPMENT"
31141,53,"Fuselage","5320","AALA202508228549","door",0,"FUSELAGE MISCELLANEOUS STRUCTURE"
31259,25,"Equipment / Furnishings","2560","AALA202508226670","door",3,"EMERGENCY EQUIPMENT"
31176,53,"Fuselage","5320","AALA202508273099","other",0,"FUSELAGE MISCELLANEOUS STRUCTURE"
31176,57,"Wings","5750","AALA202508279529","other",0,"WING, CONTROL SURFACES"
33231,53,"Fuselage","5320","AALA202508189685","other",0,"FUSELAGE MISCELLANEOUS STRUCTURE"
29508,33,"Lights","3350","AALA202508059718","other",1,"EMERGENCY LIGHTING"
31153,32,"Landing Gear","3230","AALA202508155051","module",3,"LANDING GEAR RETRACT/EXTEND SYSTEM"
31155,33,"Lights","3350","AALA202508168926","other",1,"EMERGENCY LIGHTING"
30087,25,"Equipment / Furnishings","2560","AALA202508290419","door",3,"EMERGENCY EQUIPMENT"
44466,52,"Doors","5250","AALA202509023931","hinge",0,"FIXED INNER DOORS"
30099,52,"Doors","5220","AALA202509022719","door",0,"EMERGENCY EXITS"
31176,53,"Fuselage","5320","AALA202508293364","other",0,"FUSELAGE MISCELLANEOUS STRUCTURE"
29560,33,"Lights","3350","AALA202502106932","other",1,"EMERGENCY LIGHTING"
33243,27,"Flight Controls","2750","AALA202508118950","other",3,"TE FLAP CONTROL SYSTEM"
30598,33,"Lights","3350","AALA202509027493","other",1,"EMERGENCY LIGHTING"
31190,21,"Air Conditioning","2150","AALA202508129606","acm",3,"CABIN COOLING SYSTEM"
44448,33,"Lights","3350","AALA202508129884","pack",1,"EMERGENCY LIGHTING"
31178,53,"Fuselage","5320","AALA202509149752","panel",0,"FUSELAGE MISCELLANEOUS STRUCTURE"
29569,52,"Doors","5250","AALA202508111645","door",0,"FIXED INNER DOORS"
31145,52,"Doors","5250","AALA202508118886","door",0,"FIXED INNER DOORS"
31171,28,"Fuel","2820","AALA202508207275","switch",3,"ACFT FUEL DISTRIB. SYSTEM"
29520,52,"Doors","5250","AALA202508207405","latch",0,"FIXED INNER DOORS"
30091,53,"Fuselage","5320","AALA202502193876","panel",0,"FUSELAGE MISCELLANEOUS STRUCTURE"
44450,24,"Electrical Power","2400","AALA202508206800","other",3,"ELECTRICAL POWER SYSTEM"
33489,53,"Fuselage","5310","AALA202508183034","door",0,"FUSELAGE MAIN, STRUCTURE"
31189,52,"Doors","5250","AALA202508263408","hinge",0,"FIXED INNER DOORS"
30098,33,"Lights","3350","AALA202508265903","panel",1,"EMERGENCY LIGHTING"
29523,33,"Lights","3350","AALA202508261960","other",1,"EMERGENCY LIGHTING"
44506,25,"Equipment / Furnishings","2530","AALA202508253445","CND",1,"BUFFET/GALLEYS"
30097,53,"Fuselage","5330","AALA202508262464","other",0,"FUSELAGE MAIN, PLATE/SKIN"
29548,55,"Stabilizers","5510","AALA202508284012","other",0,"HORIZONTAL STABILIZER STRUCTURE"
29547,53,"Fuselage","5320","AALA202508189162","other",0,"FUSELAGE MISCELLANEOUS STRUCTURE"
33214,53,"Fuselage","5330","AALA202508125356","panel",0,"FUSELAGE MAIN, PLATE/SKIN"
30907,25,"Equipment / Furnishings","2560","AALA202508061918","door",1,"EMERGENCY EQUIPMENT"
31163,25,"Equipment / Furnishings","2560","AALA202508123959","battery",3,"EMERGENCY EQUIPMENT"
31178,53,"Fuselage","5320","AALA202509149428","panel",0,"FUSELAGE MISCELLANEOUS STRUCTURE"
31176,53,"Fuselage","5320","AALA202509147411","panel",0,"FUSELAGE MISCELLANEOUS STRUCTURE"
33214,53,"Fuselage","5340","AALA202508120664","other",0,"FUSELAGE MAIN, ATTACH FITTINGS"
31079,25,"Equipment / Furnishings","2560","AALA202508116264","other",1,"EMERGENCY EQUIPMENT"
33489,53,"Fuselage","5320","AALA202508137917","other",0,"FUSELAGE MISCELLANEOUS STRUCTURE"
33341,53,"Fuselage","5340","AALA202508134689","other",0,"FUSELAGE MAIN, ATTACH FITTINGS"
33342,52,"Doors","5200","AALA202508193872","door",0,"DOORS"
31273,25,"Equipment / Furnishings","2560","AALA202508268335","door",1,"EMERGENCY EQUIPMENT"
30087,27,"Flight Controls","2780","AALA202508259181","sensor",3,"LE SLAT CONTROL SYSTEM"
31190,52,"Doors","5250","AALA202508195650","latch",0,"FIXED INNER DOORS"
29538,28,"Fuel","2820","AALA202508285674","module",1,"ACFT FUEL DISTRIB. SYSTEM"
29572,33,"Lights","3350","AALA202508286796","door",1,"EMERGENCY LIGHTING"
33490,53,"Fuselage","5320","AALA202509252958","other",0,"FUSELAGE MISCELLANEOUS STRUCTURE"
44469,25,"Equipment / Furnishings","2560","AALA202508160008","door",1,"EMERGENCY EQUIPMENT"
29544,33,"Lights","3350","AALA202508296857","other",1,"EMERGENCY LIGHTING"
31215,38,"Water / Waste","3830","AALA202509026101","valve",3,"WASTE DISPOSAL SYSTEM"
29507,52,"Doors","5250","AALA202508051159","door",0,"FIXED INNER DOORS"
31089,21,"Air Conditioning","2120","AALA202508067657","CND",3,"AIR DISTRIBUTION SYSTEM"
29548,55,"Stabilizers","5510","AALA202509081503","other",0,"HORIZONTAL STABILIZER STRUCTURE"
29548,55,"Stabilizers","5510","AALA202509084756","other",0,"HORIZONTAL STABILIZER STRUCTURE"
31173,33,"Lights","3350","AALA202508052760","other",1,"EMERGENCY LIGHTING"
40762,49,"Airborne Auxiliary Power","4990","AALA202508056094","pack",3,"APU OIL SYSTEM"
31253,52,"Doors","5250","AALA202508125931","door",0,"FIXED INNER DOORS"
31178,53,"Fuselage","5320","AALA202509148301","other",0,"FUSELAGE MISCELLANEOUS STRUCTURE"
31230,25,"Equipment / Furnishings","2560","AALA202508114438","door",1,"EMERGENCY EQUIPMENT"
44488,25,"Equipment / Furnishings","2560","AALA202508195478","door",1,"EMERGENCY EQUIPMENT"
31194,25,"Equipment / Furnishings","2560","AALA202508258174","door",1,"EMERGENCY EQUIPMENT"
33489,53,"Fuselage","5320","AALA202508277233","other",0,"FUSELAGE MISCELLANEOUS STRUCTURE"
30904,53,"Fuselage","5330","AALA202508274209","other",0,"FUSELAGE MAIN, PLATE/SKIN"
30098,53,"Fuselage","5320","AALA202508069298","other",0,"FUSELAGE MISCELLANEOUS STRUCTURE"
31145,52,"Doors","5250","AALA202508204578","latch",0,"FIXED INNER DOORS"
31071,33,"Lights","3350","AALA202508257422","door",1,"EMERGENCY LIGHTING"
29535,36,"Pneumatic","3610","AALA202508151303","valve",3,"PNEUMATIC DISTRIBUTION SYSTEM"
31075,52,"Doors","5250","AALA202508165377","door",0,"FIXED INNER DOORS"
33342,27,"Flight Controls","2730","AALA202509254859","other",2,"ELEVATOR CONTROL SYSTEM"
33231,53,"Fuselage","5320","AALA202508180558","other",0,"FUSELAGE MISCELLANEOUS STRUCTURE"
31079,32,"Landing Gear","3260","AALA202509026395","CND",3,"LANDING GEAR POSITION AND WARNING"
33231,53,"Fuselage","5320","AALA202508047743","other",0,"FUSELAGE MISCELLANEOUS STRUCTURE"
30097,55,"Stabilizers","5510","AALA202508142655","other",0,"HORIZONTAL STABILIZER STRUCTURE"
31196,33,"Lights","3350","AALA202508206435","other",1,"EMERGENCY LIGHTING"
30095,25,"Equipment / Furnishings","2560","AALA202508224371","other",1,"EMERGENCY EQUIPMENT"
31075,73,"Engine - Fuel And Control","7310","AALA202508221159","engine",3,"ENGINE FUEL DISTRIBUTION"
31141,38,"Water / Waste","3800","AALA202508220812","door",3,"WATER AND WASTE SYSTEM"
30904,21,"Air Conditioning","2120","AALA202502201173","other",3,"AIR DISTRIBUTION SYSTEM"
29535,36,"Pneumatic","3610","AALA202508153246","valve",3,"PNEUMATIC DISTRIBUTION SYSTEM"
31107,53,"Fuselage","5340","AALA202508295998","other",0,"FUSELAGE MAIN, ATTACH FITTINGS"
30904,53,"Fuselage","5310","AALA202508297581","other",0,"FUSELAGE MAIN, STRUCTURE"
31167,52,"Doors","5250","AALA202508053303","door",0,"FIXED INNER DOORS"
44509,33,"Lights","3350","AALA202508054302","pack",1,"EMERGENCY LIGHTING"
44454,33,"Lights","3350","AALA202508051342","pack",1,"EMERGENCY LIGHTING"
29556,52,"Doors","5210","AALA202508076314","door",0,"PASSENGER/CREW DOORS"
31178,53,"Fuselage","5310","AALA202509147454","other",0,"FUSELAGE MAIN, STRUCTURE"
29548,53,"Fuselage","5320","AALA202508118148","other",0,"FUSELAGE MISCELLANEOUS STRUCTURE"
67991,33,"Lights","3350","AALA202508116370","other",1,"EMERGENCY LIGHTING"
31169,25,"Equipment / Furnishings","2560","AALA202508110737","other",1,"EMERGENCY EQUIPMENT"
31208,25,"Equipment / Furnishings","2560","AALA202508112082","door",1,"EMERGENCY EQUIPMENT"
29548,53,"Fuselage","5320","AALA202508191815","other",0,"FUSELAGE MISCELLANEOUS STRUCTURE"
44488,25,"Equipment / Furnishings","2560","AALA202508194429","door",1,"EMERGENCY EQUIPMENT"
31176,25,"Equipment / Furnishings","2560","AALA202508202298","door",1,"EMERGENCY EQUIPMENT"
30091,33,"Lights","3350","AALA202508219012","other",1,"EMERGENCY LIGHTING"
31176,53,"Fuselage","5310","AALA202509115803","other",0,"FUSELAGE MAIN, STRUCTURE"
29528,25,"Equipment / Furnishings","2560","AALA202508261164","pack",1,"EMERGENCY EQUIPMENT"
29568,25,"Equipment / Furnishings","2560","AALA202508260809","other",1,"EMERGENCY EQUIPMENT"
31194,25,"Equipment / Furnishings","2560","AALA202508253200","door",3,"EMERGENCY EQUIPMENT"
44446,25,"Equipment / Furnishings","2560","AALA202508269640","door",1,"EMERGENCY EQUIPMENT"
29548,55,"Stabilizers","5510","AALA202508285079","other",0,"HORIZONTAL STABILIZER STRUCTURE"
29548,55,"Stabilizers","5510","AALA202508283411","other",0,"HORIZONTAL STABILIZER STRUCTURE"
33233,25,"Equipment / Furnishings","2560","AALA202512043155","pack",1,"EMERGENCY EQUIPMENT"
29535,36,"Pneumatic","3610","AALA202508158279","valve",3,"PNEUMATIC DISTRIBUTION SYSTEM"
30079,25,"Equipment / Furnishings","2560","AALA202508166924","door",1,"EMERGENCY EQUIPMENT"
29548,53,"Fuselage","5310","AALA202508186849","other",0,"FUSELAGE MAIN, STRUCTURE"
33490,53,"Fuselage","5320","AALA202509272454","panel",0,"FUSELAGE MISCELLANEOUS STRUCTURE"
30082,33,"Lights","3350","AALA202509021042","other",1,"EMERGENCY LIGHTING"
33318,73,"Engine - Fuel And Control","7310","AALA202509023546","engine",0,"ENGINE FUEL DISTRIBUTION"
29567,52,"Doors","5250","AALA202508050886","door",0,"FIXED INNER DOORS"
33489,52,"Doors","5220","AALA202508050447","latch",0,"EMERGENCY EXITS"
33490,52,"Doors","5220","AALA202509055193","door",0,"EMERGENCY EXITS"
33490,52,"Doors","5220","AALA202509056807","door",0,"EMERGENCY EXITS"
31143,33,"Lights","3350","AALA202502119524","other",1,"EMERGENCY LIGHTING"
29560,32,"Landing Gear","3240","AALA202502135205","valve",3,"LANDING GEAR BRAKE SYSTEM"
33490,53,"Fuselage","5320","AALA202509122824","other",0,"FUSELAGE MISCELLANEOUS STRUCTURE"
33490,53,"Fuselage","5310","AALA202509143428","other",0,"FUSELAGE MAIN, STRUCTURE"
33338,56,"Windows","5610","AALA202508190359","window",3,"FLIGHT COMPARTMENT WINDOWS"
33214,33,"Lights","3350","AALA202508202442","other",1,"EMERGENCY LIGHTING"
30089,52,"Doors","5250","AALA202508226930","door",0,"FIXED INNER DOORS"
30099,52,"Doors","5220","AALA202509026732","door",0,"EMERGENCY EXITS"
30098,53,"Fuselage","5320","AALA202508183647","other",0,"FUSELAGE MISCELLANEOUS STRUCTURE"
33489,52,"Doors","5220","AALA202508056958","latch",0,"EMERGENCY EXITS"
33203,55,"Stabilizers","5510","AALA202512302207","other",0,"HORIZONTAL STABILIZER STRUCTURE"
31139,53,"Fuselage","5310","AALA202508129910","other",0,"FUSELAGE MAIN, STRUCTURE"
29514,33,"Lights","3350","AALA202508209706","other",1,"EMERGENCY LIGHTING"
31107,53,"Fuselage","5320","AALA202508205383","latch",0,"FUSELAGE MISCELLANEOUS STRUCTURE"
33213,33,"Lights","3350","AALA202508266056","other",1,"EMERGENCY LIGHTING"
44477,52,"Doors","5250","AALA202508252050","door",0,"FIXED INNER DOORS"
31111,22,"Auto Flight","2210","AALA202508259666","relay",3,"AUTOPILOT SYSTEM"
30098,33,"Lights","3350","AALA202508287460","other",1,"EMERGENCY LIGHTING"
30097,53,"Fuselage","5320","AALA202508045722","other",0,"FUSELAGE MISCELLANEOUS STRUCTURE"
29530,52,"Doors","5210","AALA202508128803","door",0,"PASSENGER/CREW DOORS"
68104,36,"Pneumatic","3610","AALA202508117452","engine",3,"PNEUMATIC DISTRIBUTION SYSTEM"
31139,53,"Fuselage","5310","AALA202508127278","other",0,"FUSELAGE MAIN, STRUCTURE"
68104,34,"Navigation","3440","AALA202508195512","other",3,"INDEPENDENT POS. DETERMINING SYSTEM"
29547,52,"Doors","5220","AALA202508196179","door",0,"EMERGENCY EXITS"
33231,52,"Doors","5220","AALA202508197772","door",0,"EMERGENCY EXITS"
30914,21,"Air Conditioning","2150","AALA202508195038","pack",3,"CABIN COOLING SYSTEM"
33341,52,"Doors","5220","AALA202508205326","door",0,"EMERGENCY EXITS"
29515,33,"Lights","3350","AALA202508209188","other",1,"EMERGENCY LIGHTING"
31149,25,"Equipment / Furnishings","2560","AALA202508201370","other",1,"EMERGENCY EQUIPMENT"
33341,53,"Fuselage","5310","AALA202508214977","other",0,"FUSELAGE MAIN, STRUCTURE"
31176,53,"Fuselage","5320","AALA202508273563","control rod",0,"FUSELAGE MISCELLANEOUS STRUCTURE"
33222,52,"Doors","5250","AALA202508271649","door",0,"FIXED INNER DOORS"
31176,56,"Windows","5620","AALA202508164942","window",0,"PASSENGER COMPARTMENT WINDOWS"
33342,27,"Flight Controls","2730","AALA202509250670","other",2,"ELEVATOR CONTROL SYSTEM"
29548,53,"Fuselage","5320","AALA202508189145","panel",0,"FUSELAGE MISCELLANEOUS STRUCTURE"
31176,53,"Fuselage","5320","AALA202508182878","other",0,"FUSELAGE MISCELLANEOUS STRUCTURE"
30908,52,"Doors","5250","AALA202508297859","door",0,"FIXED INNER DOORS"
30904,25,"Equipment / Furnishings","2560","AALA202508290913","door",1,"EMERGENCY EQUIPMENT"
33256,52,"Doors","5250","AALA202509022751","door",0,"FIXED INNER DOORS"
31226,29,"Hydraulic Power","2910","AALA202509029678","pump",3,"HYDRAULIC SYSTEM, MAIN"
33345,79,"Oil","7930","AALA202508058997","engine",3,"ENGINE OIL INDICATING SYSTEM"
30082,25,"Equipment / Furnishings","2560","AALA202508194274","door",1,"EMERGENCY EQUIPMENT"
31253,25,"Equipment / Furnishings","2560","AALA202508205498","other",1,"EMERGENCY EQUIPMENT"
31176,53,"Fuselage","5320","AALA202509157112","other",0,"FUSELAGE MISCELLANEOUS STRUCTURE"
31194,25,"Equipment / Furnishings","2560","AALA202508250635","door",3,"EMERGENCY EQUIPMENT"
31107,57,"Wings","5710","AALA202508180663","wheel",0,"WING, MAIN FRAME STRUCTURE"
29548,53,"Fuselage","5320","AALA202508186044","panel",0,"FUSELAGE MISCELLANEOUS STRUCTURE"
30080,52,"Doors","5250","AALA202508160405","hinge",0,"FIXED INNER DOORS"
29540,33,"Lights","3350","AALA202508299000","pack",3,"EMERGENCY LIGHTING"
31228,33,"Lights","3350","AALA202509021738","other",1,"EMERGENCY LIGHTING"
31103,53,"Fuselage","5310","AALA202505118923","wheel",0,"FUSELAGE MAIN, STRUCTURE"
31178,52,"Doors","5250","AALA202508068650","door",0,"FIXED INNER DOORS"
33488,52,"Doors","5250","AALA202508073026","latch",0,"FIXED INNER DOORS"
30912,28,"Fuel","2820","AALA202509208866","CND",3,"ACFT FUEL DISTRIB. SYSTEM"
29528,27,"Flight Controls","2780","AALA202508117635","sensor",3,"LE SLAT CONTROL SYSTEM"
30083,25,"Equipment / Furnishings","2530","AALA202508112442","other",1,"BUFFET/GALLEYS"
68103,33,"Lights","3350","AALA202508117453","other",1,"EMERGENCY LIGHTING"
31131,34,"Navigation","3440","AALA202508211540","other",3,"INDEPENDENT POS. DETERMINING SYSTEM"
31133,72,"Engine","7260","AALA202508210259","switch",3,"TURBINE ENGINE ACCESSORY DRIVE"
30098,33,"Lights","3350","AALA202508268967","panel",1,"EMERGENCY LIGHTING"
33227,25,"Equipment / Furnishings","2560","AALA202508259277","door",1,"EMERGENCY EQUIPMENT"
31172,53,"Fuselage","5320","AALA202505082705","other",0,"FUSELAGE MISCELLANEOUS STRUCTURE"
30908,52,"Doors","5250","AALA202509160542","door",0,"FIXED INNER DOORS"
44506,25,"Equipment / Furnishings","2530","AALA202508283445","oven",1,"BUFFET/GALLEYS"
31257,52,"Doors","5250","AALA202508223650","latch",0,"FIXED INNER DOORS"
33489,53,"Fuselage","5310","AALA202508250244","door",0,"FUSELAGE MAIN, STRUCTURE"
33231,53,"Fuselage","5320","AALA202508259528","other",0,"FUSELAGE MISCELLANEOUS STRUCTURE"
30080,52,"Doors","5250","AALA202508163934","hinge",0,"FIXED INNER DOORS"
31205,25,"Equipment / Furnishings","2560","AALA202410299345","pack",1,"EMERGENCY EQUIPMENT"
33225,28,"Fuel","2840","AALA202509021661","switch",3,"ACFT FUEL INDICATING SYSTEM"
33231,57,"Wings","5710","AALA202508055618","other",0,"WING, MAIN FRAME STRUCTURE"
30095,53,"Fuselage","5310","AALA202508111631","panel",0,"FUSELAGE MAIN, STRUCTURE"
29530,52,"Doors","5210","AALA202508198268","door",0,"PASSENGER/CREW DOORS"
29510,34,"Navigation","3440","AALA202508195088","other",3,"INDEPENDENT POS. DETERMINING SYSTEM"
44488,25,"Equipment / Furnishings","2560","AALA202508192436","door",1,"EMERGENCY EQUIPMENT"
31176,53,"Fuselage","5320","AALA202508201444","other",0,"FUSELAGE MISCELLANEOUS STRUCTURE"
31073,52,"Doors","5250","AALA202508212424","door",0,"FIXED INNER DOORS"
30087,25,"Equipment / Furnishings","2560","AALA202505167449","door",1,"EMERGENCY EQUIPMENT"
44451,25,"Equipment / Furnishings","2560","AALA202508253900","battery",1,"EMERGENCY EQUIPMENT"
44458,33,"Lights","3350","AALA202412291190","panel",1,"EMERGENCY LIGHTING"
33322,53,"Fuselage","5320","AALA202506029094","other",0,"FUSELAGE MISCELLANEOUS STRUCTURE"
29538,28,"Fuel","2820","AALA202508289524","module",1,"ACFT FUEL DISTRIB. SYSTEM"
31202,32,"Landing Gear","3230","AALA202508157903","CND",3,"LANDING GEAR RETRACT/EXTEND SYSTEM"
33231,53,"Fuselage","5320","AALA202508182229","other",0,"FUSELAGE MISCELLANEOUS STRUCTURE"
29548,52,"Doors","5210","AALA202508188799","door",0,"PASSENGER/CREW DOORS"
33490,53,"Fuselage","5320","AALA202509270655","panel",0,"FUSELAGE MISCELLANEOUS STRUCTURE"
31185,25,"Equipment / Furnishings","2560","AALA202508056127","pack",1,"EMERGENCY EQUIPMENT"
30082,25,"Equipment / Furnishings","2560","AALA202508058398","latch",1,"EMERGENCY EQUIPMENT"
31161,53,"Fuselage","5340","AALA202501020076","other",0,"FUSELAGE MAIN, ATTACH FITTINGS"
44479,49,"Airborne Auxiliary Power","4950","AALA202508056197","door",3,"APU BLEED AIR SYSTEM"
44473,25,"Equipment / Furnishings","2560","AALA202508052421","other",1,"EMERGENCY EQUIPMENT"
29548,53,"Fuselage","5320","AALA202508113294","other",0,"FUSELAGE MISCELLANEOUS STRUCTURE"
31139,53,"Fuselage","5330","AALA202508129424","other",0,"FUSELAGE MAIN, PLATE/SKIN"
30094,25,"Equipment / Furnishings","2560","AALA202508167461","door",1,"EMERGENCY EQUIPMENT"
31095,25,"Equipment / Furnishings","2560","AALA202508198280","door",1,"EMERGENCY EQUIPMENT"
31202,25,"Equipment / Furnishings","2560","AALA202508194559","door",1,"EMERGENCY EQUIPMENT"
31215,34,"Navigation","3450","AALA202508192006","control rod",3,"DEPENDENT POSITION DETERMINING SYS"
29508,25,"Equipment / Furnishings","2560","AALA202508267459","battery",1,"EMERGENCY EQUIPMENT"
30858,28,"Fuel","2820","AALA202508250416","pump",3,"ACFT FUEL DISTRIB. SYSTEM"
31172,53,"Fuselage","5320","AALA202505080440","other",0,"FUSELAGE MISCELLANEOUS STRUCTURE"
29548,53,"Fuselage","5310","AALA202508186215","other",0,"FUSELAGE MAIN, STRUCTURE"
33232,52,"Doors","5250","AALA202508062240","CND",0,"FIXED INNER DOORS"
29525,25,"Equipment / Furnishings","2560","AALA202508059692","battery",1,"EMERGENCY EQUIPMENT"
31176,25,"Equipment / Furnishings","2560","AALA202508182911","door",1,"EMERGENCY EQUIPMENT"
44472,25,"Equipment / Furnishings","2560","AALA202501023913","other",1,"EMERGENCY EQUIPMENT"
31178,53,"Fuselage","5320","AALA202509193659","panel",0,"FUSELAGE MISCELLANEOUS STRUCTURE"
33327,25,"Equipment / Furnishings","2560","AALA202508256396","other",1,"EMERGENCY EQUIPMENT"
31176,57,"Wings","5710","AALA202509094605","other",0,"WING, MAIN FRAME STRUCTURE"
29575,49,"Airborne Auxiliary Power","4990","AALA202508279305","generator",3,"APU OIL SYSTEM"
29527,53,"Fuselage","5330","AALA202508279624","other",0,"FUSELAGE MAIN, PLATE/SKIN"
30097,53,"Fuselage","5320","AALA202508276174","other",0,"FUSELAGE MISCELLANEOUS STRUCTURE"
33518,52,"Doors","5250","AALA202508225290","latch",0,"FIXED INNER DOORS"
29503,33,"Lights","3320","AALA202508158691","other",3,"PASSENGER COMPARTMENT LIGHTING"
30097,55,"Stabilizers","5540","AALA202508292222","other",0,"RUDDER STRUCTURE"
33488,53,"Fuselage","5310","AALA202508065312","door",0,"FUSELAGE MAIN, STRUCTURE"
40582,33,"Lights","3350","AALA202508054684","other",1,"EMERGENCY LIGHTING"
33490,52,"Doors","5220","AALA202509053749","door",0,"EMERGENCY EXITS"
44448,33,"Lights","3350","AALA202508121711","pack",1,"EMERGENCY LIGHTING"
31253,25,"Equipment / Furnishings","2560","AALA202508115201","door",1,"EMERGENCY EQUIPMENT"
44450,52,"Doors","5250","AALA202508117152","door",0,"FIXED INNER DOORS"
29559,25,"Equipment / Furnishings","2560","AALA202508193120","pack",1,"EMERGENCY EQUIPMENT"
44488,25,"Equipment / Furnishings","2560","AALA202508203648","other",1,"EMERGENCY EQUIPMENT"
44487,25,"Equipment / Furnishings","2560","AALA202508203598","door",1,"EMERGENCY EQUIPMENT"
31265,28,"Fuel","2820","AALA202508202898","switch",1,"ACFT FUEL DISTRIB. SYSTEM"
44450,24,"Electrical Power","2400","AALA202508206697","other",3,"ELECTRICAL POWER SYSTEM"
44450,24,"Electrical Power","2400","AALA202508204260","other",3,"ELECTRICAL POWER SYSTEM"
44450,52,"Doors","5250","AALA202508275446","door",0,"FIXED INNER DOORS"
33227,53,"Fuselage","5320","AALA202412189456","door",0,"FUSELAGE MISCELLANEOUS STRUCTURE"
30083,52,"Doors","5250","AALA202508161372","door",0,"FIXED INNER DOORS"
33248,52,"Doors","5210","AALA202508160939","door",3,"PASSENGER/CREW DOORS"
29565,28,"Fuel","2840","AALA202508295668","computer",3,"ACFT FUEL INDICATING SYSTEM"
31178,52,"Doors","5240","AALA202509263767","door",0,"SERVICE DOORS"
29575,25,"Equipment / Furnishings","2560","AALA202509020636","battery",1,"EMERGENCY EQUIPMENT"
33231,57,"Wings","5710","AALA202508058209","other",0,"WING, MAIN FRAME STRUCTURE"
33490,52,"Doors","5220","AALA202509055050","door",0,"EMERGENCY EXITS"
29548,55,"Stabilizers","5510","AALA202509085916","other",0,"HORIZONTAL STABILIZER STRUCTURE"
30598,32,"Landing Gear","3230","AALA202505231723","CND",2,"LANDING GEAR RETRACT/EXTEND SYSTEM"
44509,33,"Lights","3350","AALA202508057204","pack",1,"EMERGENCY LIGHTING"
30828,33,"Lights","3350","AALA202508059966","other",1,"EMERGENCY LIGHTING"
29548,57,"Wings","5710","AALA202508122688","other",0,"WING, MAIN FRAME STRUCTURE"
30087,27,"Flight Controls","2750","AALA202508196316","CND",3,"TE FLAP CONTROL SYSTEM"
31245,25,"Equipment / Furnishings","2560","AALA202508211081","other",1,"EMERGENCY EQUIPMENT"
31172,25,"Equipment / Furnishings","2560","AALA202508250026","door",3,"EMERGENCY EQUIPMENT"
30087,27,"Flight Controls","2780","AALA202508254942","sensor",3,"LE SLAT CONTROL SYSTEM"
33490,53,"Fuselage","5310","AALA202509250585","other",0,"FUSELAGE MAIN, STRUCTURE"
29515,25,"Equipment / Furnishings","2560","AALA202508163212","door",1,"EMERGENCY EQUIPMENT"
31075,52,"Doors","5250","AALA202508160396","door",0,"FIXED INNER DOORS"
30095,53,"Fuselage","5320","AALA202508183951","other",0,"FUSELAGE MISCELLANEOUS STRUCTURE"
31139,25,"Equipment / Furnishings","2560","AALA202508215207","other",1,"EMERGENCY EQUIPMENT"
68107,33,"Lights","3350","AALA202509023620","other",1,"EMERGENCY LIGHTING"
31176,53,"Fuselage","5320","AALA202508291773","other",0,"FUSELAGE MISCELLANEOUS STRUCTURE"
44471,25,"Equipment / Furnishings","2560","AALA202508065977","battery",1,"EMERGENCY EQUIPMENT"
30097,53,"Fuselage","5320","AALA202508042315","other",0,"FUSELAGE MISCELLANEOUS STRUCTURE"
33231,53,"Fuselage","5320","AALA202508041498","other",0,"FUSELAGE MISCELLANEOUS STRUCTURE"
33232,52,"Doors","5250","AALA202508072240","door",0,"FIXED INNER DOORS"
30090,32,"Landing Gear","3230","AALA202508120159","CND",3,"LANDING GEAR RETRACT/EXTEND SYSTEM"
30095,53,"Fuselage","5310","AALA202508114199","panel",0,"FUSELAGE MAIN, STRUCTURE"
30097,53,"Fuselage","5330","AALA202508269039","other",0,"FUSELAGE MAIN, PLATE/SKIN"
33208,32,"Landing Gear","3260","AALA202508110644","CND",3,"LANDING GEAR POSITION AND WARNING"
31145,52,"Doors","5250","AALA202508194578","CND",0,"FIXED INNER DOORS"
31178,52,"Doors","5240","AALA202509174985","door",0,"SERVICE DOORS"
29568,25,"Equipment / Furnishings","2560","AALA202508214668","other",1,"EMERGENCY EQUIPMENT"
31277,28,"Fuel","2820","AALA202508263981","switch",1,"ACFT FUEL DISTRIB. SYSTEM"
31176,53,"Fuselage","5320","AALA202509093761","other",0,"FUSELAGE MISCELLANEOUS STRUCTURE"
29540,33,"Lights","3350","AALA202508289000","CND",1,"EMERGENCY LIGHTING"
29530,25,"Equipment / Furnishings","2560","AALA202508284741","door",1,"EMERGENCY EQUIPMENT"
44466,56,"Windows","5610","AALA202509024967","window",3,"FLIGHT COMPARTMENT WINDOWS"
31215,38,"Water / Waste","3830","AALA202509025536","valve",3,"WASTE DISPOSAL SYSTEM"
29511,25,"Equipment / Furnishings","2560","AALA202508054668","pack",1,"EMERGENCY EQUIPMENT"
44446,33,"Lights","3350","AALA202508228689","other",1,"EMERGENCY LIGHTING"
44477,52,"Doors","5250","AALA202508058408","door",0,"FIXED INNER DOORS"
29548,55,"Stabilizers","5510","AALA202509088505","other",0,"HORIZONTAL STABILIZER STRUCTURE"
29527,33,"Lights","3350","AALA202508053568","other",1,"EMERGENCY LIGHTING"
29525,52,"Doors","5240","AALA202508084932","door",0,"SERVICE DOORS"
33208,32,"Landing Gear","3260","AALA202508120644","sensor",3,"LANDING GEAR POSITION AND WARNING"
29525,52,"Doors","5210","AALA202508084484","door",0,"PASSENGER/CREW DOORS"
33486,25,"Equipment / Furnishings","2560","AALA202508113602","door",1,"EMERGENCY EQUIPMENT"
29548,53,"Fuselage","5320","AALA202508190366","other",0,"FUSELAGE MISCELLANEOUS STRUCTURE"
31149,25,"Equipment / Furnishings","2560","AALA202508200939","other",1,"EMERGENCY EQUIPMENT"
31176,53,"Fuselage","5310","AALA202509116331","other",0,"FUSELAGE MAIN, STRUCTURE"
29512,52,"Doors","5250","AALA202505154996","latch",0,"FIXED INNER DOORS"
29548,55,"Stabilizers","5510","AALA202508281383","other",0,"HORIZONTAL STABILIZER STRUCTURE"
31176,53,"Fuselage","5320","AALA202508151690","other",0,"FUSELAGE MISCELLANEOUS STRUCTURE"
33328,52,"Doors","5250","AALA202508055175","door",0,"FIXED INNER DOORS"
31161,27,"Flight Controls","2750","AALA202508055588","sensor",3,"TE FLAP CONTROL SYSTEM"
29525,52,"Doors","5210","AALA202508087419","door",0,"PASSENGER/CREW DOORS"
31176,53,"Fuselage","5320","AALA202509146141","panel",0,"FUSELAGE MISCELLANEOUS STRUCTURE"
29548,53,"Fuselage","5320","AALA202508116266","other",0,"FUSELAGE MISCELLANEOUS STRUCTURE"
68115,25,"Equipment / Furnishings","2560","AALA202508116820","door",1,"EMERGENCY EQUIPMENT"
29554,52,"Doors","5250","AALA202508194810","door",0,"FIXED INNER DOORS"
31215,25,"Equipment / Furnishings","2560","AALA202508161571","door",1,"EMERGENCY EQUIPMENT"
30086,75,"Bleed Air","7540","AALA202508197007","engine",3,"BLEED AIR INDICATING SYSTEM"
44462,33,"Lights","3350","AALA202508229093","other",1,"EMERGENCY LIGHTING"
44462,33,"Lights","3350","AALA202508229392","other",1,"EMERGENCY LIGHTING"
30080,33,"Lights","3350","AALA202508258274","other",1,"EMERGENCY LIGHTING"
30098,33,"Lights","3350","AALA202508255830","other",1,"EMERGENCY LIGHTING"
30098,25,"Equipment / Furnishings","2560","AALA202508251945","latch",1,"EMERGENCY EQUIPMENT"
33490,53,"Fuselage","5320","AALA202509254420","other",0,"FUSELAGE MISCELLANEOUS STRUCTURE"
31075,73,"Engine - Fuel And Control","7320","AALA202508222533","engine",3,"FUEL CONTROLLING SYSTEM"
29548,53,"Fuselage","5320","AALA202508180993","panel",0,"FUSELAGE MISCELLANEOUS STRUCTURE"
29528,33,"Lights","3350","AALA202508292372","other",1,"EMERGENCY LIGHTING"
33318,73,"Engine - Fuel And Control","7330","AALA202509024877","engine",0,"ENGINE FUEL INDICATING SYSTEM"
30098,53,"Fuselage","5310","AALA202509033975","other",0,"FUSELAGE MAIN, STRUCTURE"
31176,53,"Fuselage","5320","AALA202508189457","other",0,"FUSELAGE MISCELLANEOUS STRUCTURE"
31089,33,"Lights","3350","AALA202508053196","other",1,"EMERGENCY LIGHTING"
33334,21,"Air Conditioning","2120","AALA202508215170","CND",3,"AIR DISTRIBUTION SYSTEM"
31196,33,"Lights","3350","AALA202508256856","other",1,"EMERGENCY LIGHTING"
33227,53,"Fuselage","5320","AALA202412180220","panel",0,"FUSELAGE MISCELLANEOUS STRUCTURE"
33348,52,"Doors","5250","AALA202508120888","door",0,"FIXED INNER DOORS"
29555,53,"Fuselage","5320","AALA202404020074","door",0,"FUSELAGE MISCELLANEOUS STRUCTURE"
29530,52,"Doors","5210","AALA202508134209","door",0,"PASSENGER/CREW DOORS"
29525,52,"Doors","5210","AALA202508111629","door",0,"PASSENGER/CREW DOORS"
31257,52,"Doors","5250","AALA202508111744","door",0,"FIXED INNER DOORS"
29530,25,"Equipment / Furnishings","2560","AALA202508193300","pack",1,"EMERGENCY EQUIPMENT"
31133,79,"Oil","7930","AALA202508200259","switch",3,"ENGINE OIL INDICATING SYSTEM"
31141,25,"Equipment / Furnishings","2520","AALA202508209791","other",3,"PASSENGER COMPARTMENT EQUIPMENT"
44488,33,"Lights","3350","AALA202508205835","other",1,"EMERGENCY LIGHTING"
31107,52,"Doors","5210","AALA202508257886","door",0,"PASSENGER/CREW DOORS"
29554,28,"Fuel","2820","AALA202509021869","pump",1,"ACFT FUEL DISTRIB. SYSTEM"
33490,52,"Doors","5220","AALA202509056177","door",0,"EMERGENCY EXITS"
30858,28,"Fuel","2820","AALA202508202320","switch",1,"ACFT FUEL DISTRIB. SYSTEM"
31157,53,"Fuselage","5320","AALA202410218886","other",0,"FUSELAGE MISCELLANEOUS STRUCTURE"
31233,52,"Doors","5250","AALA202410217907","CND",0,"FIXED INNER DOORS"
31103,25,"Equipment / Furnishings","2560","AALA202505129613","door",1,"EMERGENCY EQUIPMENT"
29509,80,"Starting","8010","AALA202410218421","engine",3,"ENGINE CRANKING"
29522,56,"Windows","5610","AALA202410257483","window",3,"FLIGHT COMPARTMENT WINDOWS"
29528,33,"Lights","3350","AALA202411015831","other",1,"EMERGENCY LIGHTING"
31155,53,"Fuselage","5320","AALA202410117093","panel",0,"FUSELAGE MISCELLANEOUS STRUCTURE"
29528,53,"Fuselage","5340","AALA202410254122","other",0,"FUSELAGE MAIN, ATTACH FITTINGS"
31105,25,"Equipment / Furnishings","2560","AALA202410303491","pack",1,"EMERGENCY EQUIPMENT"
31157,53,"Fuselage","5320","AALA202410169882","other",0,"FUSELAGE MISCELLANEOUS STRUCTURE"
30088,53,"Fuselage","5320","AALA202411086952","other",0,"FUSELAGE MISCELLANEOUS STRUCTURE"
31157,53,"Fuselage","5320","AALA202410165883","other",0,"FUSELAGE MISCELLANEOUS STRUCTURE"
31158,53,"Fuselage","5320","AALA202410153545","other",0,"FUSELAGE MISCELLANEOUS STRUCTURE"
31253,33,"Lights","3350","AALA202410160518","door",1,"EMERGENCY LIGHTING"
31159,53,"Fuselage","5320","AALA202411070075","panel",0,"FUSELAGE MISCELLANEOUS STRUCTURE"
30088,53,"Fuselage","5320","AALA202411079838","other",0,"FUSELAGE MISCELLANEOUS STRUCTURE"
31158,53,"Fuselage","5310","AALA202410214058","other",0,"FUSELAGE MAIN, STRUCTURE"
33319,72,"Engine","7200","AALA202410100075","engine",3,"ENGINE (TURBINE/TURBOPROP)"
29531,25,"Equipment / Furnishings","2560","AALA202410147317","other",1,"EMERGENCY EQUIPMENT"
29540,53,"Fuselage","5320","AALA202410150369","other",0,"FUSELAGE MISCELLANEOUS STRUCTURE"
29534,33,"Lights","3350","AALA202410301781","other",1,"EMERGENCY LIGHTING"
33224,29,"Hydraulic Power","2910","AALA202502139412","pump",3,"HYDRAULIC SYSTEM, MAIN"
30091,53,"Fuselage","5320","AALA202502147208","other",0,"FUSELAGE MISCELLANEOUS STRUCTURE"
31159,53,"Fuselage","5320","AALA202411269590","door",0,"FUSELAGE MISCELLANEOUS STRUCTURE"
29521,33,"Lights","3350","AALA202410162996","door",1,"EMERGENCY LIGHTING"
29518,32,"Landing Gear","3240","AALA202505219798","valve",3,"LANDING GEAR BRAKE SYSTEM"
29519,25,"Equipment / Furnishings","2560","AALA202509200381","door",1,"EMERGENCY EQUIPMENT"
29540,53,"Fuselage","5320","AALA202410217266","panel",0,"FUSELAGE MISCELLANEOUS STRUCTURE"
30090,33,"Lights","3320","AALA202505214389","other",3,"PASSENGER COMPARTMENT LIGHTING"
29567,21,"Air Conditioning","2130","AALA202410215476","controller",3,"CABIN PRESSURE CONTROL SYSTEM"
31233,52,"Doors","5250","AALA202410227907","door",0,"FIXED INNER DOORS"
31158,53,"Fuselage","5310","AALA202410156567","panel",0,"FUSELAGE MAIN, STRUCTURE"
29540,52,"Doors","5240","AALA202410158017","door",0,"SERVICE DOORS"
29540,53,"Fuselage","5320","AALA202410151043","panel",0,"FUSELAGE MISCELLANEOUS STRUCTURE"
30091,53,"Fuselage","5320","AALA202502198014","other",0,"FUSELAGE MISCELLANEOUS STRUCTURE"
29567,21,"Air Conditioning","2150","AALA202502143372","pack",3,"CABIN COOLING SYSTEM"
29507,33,"Lights","3350","AALA202410280265","door",1,"EMERGENCY LIGHTING"
29528,53,"Fuselage","5320","AALA202410256587","other",0,"FUSELAGE MISCELLANEOUS STRUCTURE"
44490,33,"Lights","3350","AALA202410292578","other",1,"EMERGENCY LIGHTING"
29528,53,"Fuselage","5320","AALA202410253227","other",0,"FUSELAGE MISCELLANEOUS STRUCTURE"
44477,21,"Air Conditioning","2120","AALA202410251364","CND",3,"AIR DISTRIBUTION SYSTEM"
44476,52,"Doors","5250","AALA202410256124","latch",0,"FIXED INNER DOORS"
31159,53,"Fuselage","5320","AALA202411050646","other",0,"FUSELAGE MISCELLANEOUS STRUCTURE"
31081,55,"Stabilizers","5510","AALA202411013646","other",0,"HORIZONTAL STABILIZER STRUCTURE"
29523,53,"Fuselage","5330","AALA202411066097","other",0,"FUSELAGE MAIN, PLATE/SKIN"
30088,53,"Fuselage","5320","AALA202411073355","other",0,"FUSELAGE MISCELLANEOUS STRUCTURE"
31155,53,"Fuselage","5320","AALA202410112249","other",0,"FUSELAGE MISCELLANEOUS STRUCTURE"
31200,52,"Doors","5250","AALA202410239874","CND",0,"FIXED INNER DOORS"
29512,25,"Equipment / Furnishings","2560","AALA202410238225","battery",1,"EMERGENCY EQUIPMENT"
31075,25,"Equipment / Furnishings","2560","AALA202410287880","door",1,"EMERGENCY EQUIPMENT"
31159,53,"Fuselage","5320","AALA202411041986","other",0,"FUSELAGE MISCELLANEOUS STRUCTURE"
29520,52,"Doors","5250","AALA202411055179","door",0,"FIXED INNER DOORS"
31157,53,"Fuselage","5310","AALA202411052319","other",0,"FUSELAGE MAIN, STRUCTURE"
31159,53,"Fuselage","5320","AALA202411079387","panel",0,"FUSELAGE MISCELLANEOUS STRUCTURE"
31159,53,"Fuselage","5320","AALA202411085910","panel",0,"FUSELAGE MISCELLANEOUS STRUCTURE"
30088,55,"Stabilizers","5510","AALA202411131689","other",0,"HORIZONTAL STABILIZER STRUCTURE"
33226,53,"Fuselage","5340","AALA202410144329","door",0,"FUSELAGE MAIN, ATTACH FITTINGS"
31205,24,"Electrical Power","2420","AALA202410159331","CND",3,"AC GENERATION SYSTEM"
29526,28,"Fuel","2820","AALA202505159763","switch",1,"ACFT FUEL DISTRIB. SYSTEM"
31159,53,"Fuselage","5320","AALA202411120865","other",0,"FUSELAGE MISCELLANEOUS STRUCTURE"
31155,53,"Fuselage","5320","AALA202410116534","other",0,"FUSELAGE MISCELLANEOUS STRUCTURE"
31156,55,"Stabilizers","5510","AALA202410299746","panel",0,"HORIZONTAL STABILIZER STRUCTURE"
31173,52,"Doors","5250","AALA202410237043","door",0,"FIXED INNER DOORS"
44455,32,"Landing Gear","3240","AALA202505207826","brake",2,"LANDING GEAR BRAKE SYSTEM"
33226,53,"Fuselage","5310","AALA202410253645","other",0,"FUSELAGE MAIN, STRUCTURE"
31159,53,"Fuselage","5330","AALA202411262163","other",0,"FUSELAGE MAIN, PLATE/SKIN"
29539,55,"Stabilizers","5510","AALA202410034069","apu component",0,"HORIZONTAL STABILIZER STRUCTURE"
30089,28,"Fuel","2820","AALA202410095014","switch",1,"ACFT FUEL DISTRIB. SYSTEM"
31225,53,"Fuselage","5310","AALA202410305079","latch",0,"FUSELAGE MAIN, STRUCTURE"
30920,32,"Landing Gear","3210","AALA202402151112","CND",2,"MAIN LANDING GEAR"
29520,52,"Doors","5250","AALA202410285179","CND",0,"FIXED INNER DOORS"
31157,53,"Fuselage","5320","AALA202411052043","other",0,"FUSELAGE MISCELLANEOUS STRUCTURE"
40579,25,"Equipment / Furnishings","2560","AALA202505226746","latch",1,"EMERGENCY EQUIPMENT"
33226,53,"Fuselage","5320","AALA202410148698","other",0,"FUSELAGE MISCELLANEOUS STRUCTURE"
29516,33,"Lights","3350","AALA202410105551","CND",1,"EMERGENCY LIGHTING"
31155,53,"Fuselage","5310","AALA202410116331","other",0,"FUSELAGE MAIN, STRUCTURE"
29528,53,"Fuselage","5320","AALA202410302236","brake",0,"FUSELAGE MISCELLANEOUS STRUCTURE"
44455,53,"Fuselage","5340","AALA202501063146","hinge",0,"FUSELAGE MAIN, ATTACH FITTINGS"
31095,21,"Air Conditioning","2120","AALA202410230789","CND",3,"AIR DISTRIBUTION SYSTEM"
30081,53,"Fuselage","5310","AALA202402151692","other",0,"FUSELAGE MAIN, STRUCTURE"
40581,28,"Fuel","2820","AALA202410316040","other",3,"ACFT FUEL DISTRIB. SYSTEM"
29528,53,"Fuselage","5320","AALA202410250197","other",0,"FUSELAGE MISCELLANEOUS STRUCTURE"
33331,33,"Lights","3350","AALA202410174258","door",1,"EMERGENCY LIGHTING"
31231,53,"Fuselage","5310","AALA202506233171","valve",3,"FUSELAGE MAIN, STRUCTURE"
33256,33,"Lights","3350","AALA202411012693","other",1,"EMERGENCY LIGHTING"
30088,53,"Fuselage","5320","AALA202411082104","other",0,"FUSELAGE MISCELLANEOUS STRUCTURE"
31226,28,"Fuel","2840","AALA202411132212","compensator",1,"ACFT FUEL INDICATING SYSTEM"
29505,25,"Equipment / Furnishings","2560","AALA202501219351","battery",1,"EMERGENCY EQUIPMENT"
29516,28,"Fuel","2810","AALA202410115760","door",3,"FUEL STORAGE"
29543,53,"Fuselage","5310","AALA202507216277","other",0,"FUSELAGE MAIN, STRUCTURE"
33323,49,"Airborne Auxiliary Power","4950","AALA202410221878","CND",3,"APU BLEED AIR SYSTEM"
29540,53,"Fuselage","5320","AALA202410153847","other",0,"FUSELAGE MISCELLANEOUS STRUCTURE"
29528,53,"Fuselage","5320","AALA202410252754","other",0,"FUSELAGE MISCELLANEOUS STRUCTURE"
31091,25,"Equipment / Furnishings","2560","AALA202410173681","door",1,"EMERGENCY EQUIPMENT"
31067,53,"Fuselage","5320","AALA202410185971","door",0,"FUSELAGE MISCELLANEOUS STRUCTURE"
31253,25,"Equipment / Furnishings","2560","AALA202410181558","door",1,"EMERGENCY EQUIPMENT"
33487,53,"Fuselage","5310","AALA202506242097","door",0,"FUSELAGE MAIN, STRUCTURE"
29523,53,"Fuselage","5320","AALA202411066217","other",0,"FUSELAGE MISCELLANEOUS STRUCTURE"
31159,53,"Fuselage","5310","AALA202411070724","other",0,"FUSELAGE MAIN, STRUCTURE"
30088,53,"Fuselage","5320","AALA202411134553","other",0,"FUSELAGE MISCELLANEOUS STRUCTURE"
29540,53,"Fuselage","5320","AALA202410215885","door",0,"FUSELAGE MISCELLANEOUS STRUCTURE"
29540,53,"Fuselage","5320","AALA202410219137","other",0,"FUSELAGE MISCELLANEOUS STRUCTURE"
31111,25,"Equipment / Furnishings","2560","AALA202410254231","battery",1,"EMERGENCY EQUIPMENT"
31200,52,"Doors","5250","AALA202410259874","door",0,"FIXED INNER DOORS"
29566,52,"Doors","5250","AALA202410259195","door",0,"FIXED INNER DOORS"
33243,53,"Fuselage","5320","AALA202410172740","panel",0,"FUSELAGE MISCELLANEOUS STRUCTURE"
31139,53,"Fuselage","5320","AALA202402210491","panel",0,"FUSELAGE MISCELLANEOUS STRUCTURE"
33348,52,"Doors","5250","AALA202402280232","door",0,"FIXED INNER DOORS"
31272,52,"Doors","5250","AALA202505281203","hinge",0,"FIXED INNER DOORS"
33337,52,"Doors","5250","AALA202402070942","hinge",0,"FIXED INNER DOORS"
29555,52,"Doors","5250","AALA202402094257","door",0,"FIXED INNER DOORS"
33210,56,"Windows","5610","AALA202402051825","window",3,"FLIGHT COMPARTMENT WINDOWS"
33329,52,"Doors","5250","AALA202402036923","hinge",0,"FIXED INNER DOORS"
31202,28,"Fuel","2840","AALA202402288523","compensator",3,"ACFT FUEL INDICATING SYSTEM"
30081,53,"Fuselage","5320","AALA202402075038","other",0,"FUSELAGE MISCELLANEOUS STRUCTURE"
33344,52,"Doors","5210","AALA202402125954","door",0,"PASSENGER/CREW DOORS"
31099,52,"Doors","5250","AALA202510230424","door",0,"FIXED INNER DOORS"
29554,25,"Equipment / Furnishings","2560","AALA202510207467","door",1,"EMERGENCY EQUIPMENT"
29509,53,"Fuselage","5320","AALA202601148116","panel",0,"FUSELAGE MISCELLANEOUS STRUCTURE"
29519,52,"Doors","5210","AALA202510302433","door",3,"PASSENGER/CREW DOORS"
40768,52,"Doors","5250","AALA202511032583","door",0,"FIXED INNER DOORS"
31258,52,"Doors","5220","AALA202511079996","door",0,"EMERGENCY EXITS"
31177,53,"Fuselage","5320","AALA202510139781","other",0,"FUSELAGE MISCELLANEOUS STRUCTURE"
29528,52,"Doors","5250","AALA202510033115","door",0,"FIXED INNER DOORS"
31185,33,"Lights","3350","AALA202510246084","other",1,"EMERGENCY LIGHTING"
40582,33,"Lights","3350","AALA202510088756","other",1,"EMERGENCY LIGHTING"
31177,53,"Fuselage","5320","AALA202510239005","panel",0,"FUSELAGE MISCELLANEOUS STRUCTURE"
29564,25,"Equipment / Furnishings","2560","AALA202403133032","CND",1,"EMERGENCY EQUIPMENT"
31203,33,"Lights","3350","AALA202403186803","CND",1,"EMERGENCY LIGHTING"
29542,52,"Doors","5250","AALA202403052719","door",0,"FIXED INNER DOORS"
31231,57,"Wings","5750","AALA202403277222","other",0,"WING, CONTROL SURFACES"
29537,25,"Equipment / Furnishings","2560","AALA202403189557","other",1,"EMERGENCY EQUIPMENT"
30084,52,"Doors","5250","AALA202403257444","CND",0,"FIXED INNER DOORS"
29534,53,"Fuselage","5320","AALA202403253201","other",0,"FUSELAGE MISCELLANEOUS STRUCTURE"
31093,52,"Doors","5250","AALA202406184430","hinge",0,"FIXED INNER DOORS"
29523,53,"Fuselage","5310","AALA202406030232","wheel",0,"FUSELAGE MAIN, STRUCTURE"
44456,52,"Doors","5250","AALA202407013941","door",0,"FIXED INNER DOORS"
44481,33,"Lights","3350","AALA202406047441","other",1,"EMERGENCY LIGHTING"
31273,33,"Lights","3350","AALA202405299684","other",1,"EMERGENCY LIGHTING"
33345,33,"Lights","3350","AALA202405303855","pack",1,"EMERGENCY LIGHTING"
40582,33,"Lights","3350","AALA202405069279","other",1,"EMERGENCY LIGHTING"
68099,52,"Doors","5250","AALA202405132637","door",0,"FIXED INNER DOORS"
31127,26,"Fire Protection","2610","AALA202405293249","CND",3,"DETECTION SYSTEM"
29563,52,"Doors","5210","AALA202405298381","CND",3,"PASSENGER/CREW DOORS"
68101,25,"Equipment / Furnishings","2560","AALA202405024901","other",1,"EMERGENCY EQUIPMENT"
31159,25,"Equipment / Furnishings","2560","AALA202405293424","door",1,"EMERGENCY EQUIPMENT"
29533,53,"Fuselage","5320","AALA202401174590","other",0,"FUSELAGE MISCELLANEOUS STRUCTURE"
29521,53,"Fuselage","5320","AALA202402023454","other",0,"FUSELAGE MISCELLANEOUS STRUCTURE"
30081,53,"Fuselage","5320","AALA202402077008","other",0,"FUSELAGE MISCELLANEOUS STRUCTURE"
30089,53,"Fuselage","5310","AALA202502101642","other",0,"FUSELAGE MAIN, STRUCTURE"
29515,25,"Equipment / Furnishings","2560","AALA202401087470","door",1,"EMERGENCY EQUIPMENT"
29521,53,"Fuselage","5320","AALA202401243265","panel",0,"FUSELAGE MISCELLANEOUS STRUCTURE"
29533,53,"Fuselage","5310","AALA202401177914","other",0,"FUSELAGE MAIN, STRUCTURE"
29573,53,"Fuselage","5320","AALA202502243089","other",0,"FUSELAGE MISCELLANEOUS STRUCTURE"
29519,28,"Fuel","2820","AALA202507227237","CND",1,"ACFT FUEL DISTRIB. SYSTEM"
33328,52,"Doors","5250","AALA202507280099","door",0,"FIXED INNER DOORS"
31233,33,"Lights","3350","AALA202507317695","door",1,"EMERGENCY LIGHTING"
30097,52,"Doors","5220","AALA202508089258","door",0,"EMERGENCY EXITS"
31190,52,"Doors","5250","AALA202507162470","latch",0,"FIXED INNER DOORS"
33228,25,"Equipment / Furnishings","2560","AALA202504029595","door",1,"EMERGENCY EQUIPMENT"
33248,52,"Doors","5250","AALA202504242308","CND",0,"FIXED INNER DOORS"
33338,52,"Doors","5250","AALA202504227048","CND",0,"FIXED INNER DOORS"
30093,53,"Fuselage","5310","AALA202505097825","other",0,"FUSELAGE MAIN, STRUCTURE"
29517,25,"Equipment / Furnishings","2560","AALA202504115294","other",1,"EMERGENCY EQUIPMENT"
29545,55,"Stabilizers","5510","AALA202504085401","other",0,"HORIZONTAL STABILIZER STRUCTURE"
29544,55,"Stabilizers","5510","AALA202505201319","other",0,"HORIZONTAL STABILIZER STRUCTURE"
31172,53,"Fuselage","5320","AALA202505206225","other",0,"FUSELAGE MISCELLANEOUS STRUCTURE"
33314,25,"Equipment / Furnishings","2560","AALA202504246448","door",1,"EMERGENCY EQUIPMENT"
33211,25,"Equipment / Furnishings","2560","AALA202504113045","battery",1,"EMERGENCY EQUIPMENT"
33346,53,"Fuselage","5320","AALA202504118723","door",0,"FUSELAGE MISCELLANEOUS STRUCTURE"
33222,33,"Lights","3350","AALA202512087622","pack",1,"EMERGENCY LIGHTING"
31261,53,"Fuselage","5310","AALA202601052692","other",0,"FUSELAGE MAIN, STRUCTURE"
31261,53,"Fuselage","5320","AALA202601154725","other",0,"FUSELAGE MISCELLANEOUS STRUCTURE"
31228,52,"Doors","5250","AALA202512162463","door",0,"FIXED INNER DOORS"
33488,53,"Fuselage","5340","AALA202507246882","door",0,"FUSELAGE MAIN, ATTACH FITTINGS"
31163,25,"Equipment / Furnishings","2560","AALA202506270478","door",1,"EMERGENCY EQUIPMENT"
31101,25,"Equipment / Furnishings","2560","AALA202506275900","door",1,"EMERGENCY EQUIPMENT"
33211,52,"Doors","5250","AALA202506037180","CND",0,"FIXED INNER DOORS"
29543,53,"Fuselage","5320","AALA202507218671","other",0,"FUSELAGE MISCELLANEOUS STRUCTURE"
29564,52,"Doors","5210","AALA202506040273","CND",3,"PASSENGER/CREW DOORS"
29560,25,"Equipment / Furnishings","2560","AALA202506035739","door",1,"EMERGENCY EQUIPMENT"
44478,52,"Doors","5250","AALA202506048604","hinge",0,"FIXED INNER DOORS"
33230,53,"Fuselage","5320","AALA202506231489","other",0,"FUSELAGE MISCELLANEOUS STRUCTURE"
29517,25,"Equipment / Furnishings","2560","AALA202506049065","CND",1,"EMERGENCY EQUIPMENT"
44486,25,"Equipment / Furnishings","2560","AALA202502138640","door",1,"EMERGENCY EQUIPMENT"
33226,53,"Fuselage","5320","AALA202409092105","other",0,"FUSELAGE MISCELLANEOUS STRUCTURE"
29572,28,"Fuel","2840","AALA202408088663","CND",3,"ACFT FUEL INDICATING SYSTEM"
31087,52,"Doors","5240","AALA202408202946","door",0,"SERVICE DOORS"
44462,25,"Equipment / Furnishings","2560","AALA202408077061","battery",1,"EMERGENCY EQUIPMENT"
29521,33,"Lights","3350","AALA202408211055","other",1,"EMERGENCY LIGHTING"
31165,25,"Equipment / Furnishings","2560","AALA202503037268","door",1,"EMERGENCY EQUIPMENT"
31228,52,"Doors","5250","AALA202411042313","door",0,"FIXED INNER DOORS"
31159,53,"Fuselage","5320","AALA202411041089","other",0,"FUSELAGE MISCELLANEOUS STRUCTURE"
29531,25,"Equipment / Furnishings","2560","AALA202411073379","other",1,"EMERGENCY EQUIPMENT"
30090,53,"Fuselage","5310","AALA202412017724","window",0,"FUSELAGE MAIN, STRUCTURE"
31139,33,"Lights","3350","AALA202407088867","other",1,"EMERGENCY LIGHTING"
31272,52,"Doors","5210","AALA202407167415","door",3,"PASSENGER/CREW DOORS"
29537,53,"Fuselage","5330","AALA202408122646","other",0,"FUSELAGE MAIN, PLATE/SKIN"
29528,52,"Doors","5250","AALA202407084822","latch",0,"FIXED INNER DOORS"
29524,33,"Lights","3350","AALA202407098045","CND",1,"EMERGENCY LIGHTING"
29514,33,"Lights","3350","AALA202508122663","panel",1,"EMERGENCY LIGHTING"
29521,33,"Lights","3350","AALA202502175017","other",1,"EMERGENCY LIGHTING"
44466,53,"Fuselage","5320","AALA202410231436","other",0,"FUSELAGE MISCELLANEOUS STRUCTURE"
31194,33,"Lights","3350","AALA202410071538","battery",1,"EMERGENCY LIGHTING"
33227,53,"Fuselage","5310","AALA202412182139","panel",0,"FUSELAGE MAIN, STRUCTURE"
44448,52,"Doors","5250","AALA202409261944","door",0,"FIXED INNER DOORS"
29574,25,"Equipment / Furnishings","2560","AALA202409173049","door",1,"EMERGENCY EQUIPMENT"
31111,25,"Equipment / Furnishings","2560","AALA202412168812","pack",1,"EMERGENCY EQUIPMENT"
29505,52,"Doors","5210","AALA202409098290","door",0,"PASSENGER/CREW DOORS"
29572,53,"Fuselage","5310","AALA202501221730","other",0,"FUSELAGE MAIN, STRUCTURE"
33227,53,"Fuselage","5320","AALA202412182203","other",0,"FUSELAGE MISCELLANEOUS STRUCTURE"
31194,33,"Lights","3350","AALA2024091680127","door",1,"EMERGENCY LIGHTING"
30828,52,"Doors","5250","AALA202409049819","CND",0,"FIXED INNER DOORS"
30081,25,"Equipment / Furnishings","2560","AALA202409191529","door",1,"EMERGENCY EQUIPMENT"
31089,33,"Lights","3350","AALA202412265333","switch",1,"EMERGENCY LIGHTING"
31275,25,"Equipment / Furnishings","2560","AALA202504014663","panel",1,"EMERGENCY EQUIPMENT"
31163,52,"Doors","5250","AALA202404088580","door",0,"FIXED INNER DOORS"
40584,52,"Doors","5250","AALA202502133180","CND",0,"FIXED INNER DOORS"
29542,53,"Fuselage","5320","AALA202412275904","other",0,"FUSELAGE MISCELLANEOUS STRUCTURE"
44461,33,"Lights","3350","AALA202412291961","pack",1,"EMERGENCY LIGHTING"
44471,25,"Equipment / Furnishings","2560","AALA202412165246","door",1,"EMERGENCY EQUIPMENT"
29509,21,"Air Conditioning","2120","AALA202410176015","CND",3,"AIR DISTRIBUTION SYSTEM"
31217,33,"Lights","3350","AALA202410182780","other",1,"EMERGENCY LIGHTING"
33314,25,"Equipment / Furnishings","2560","AALA202503149918","battery",1,"EMERGENCY EQUIPMENT"
29540,52,"Doors","5210","AALA202412294210","latch",3,"PASSENGER/CREW DOORS"
29571,33,"Lights","3350","AALA202412270290","other",1,"EMERGENCY LIGHTING"
29542,53,"Fuselage","5320","AALA202412279962","other",0,"FUSELAGE MISCELLANEOUS STRUCTURE"
31157,32,"Landing Gear","3240","AALA202404241324","brake",2,"LANDING GEAR BRAKE SYSTEM"
31277,33,"Lights","3350","AALA202412165467","other",1,"EMERGENCY LIGHTING"
31145,52,"Doors","5210","AALA202409067110","hinge",3,"PASSENGER/CREW DOORS"
44461,33,"Lights","3350","AALA202504013248","panel",1,"EMERGENCY LIGHTING"
29504,33,"Lights","3350","AALA202412268389","pack",1,"EMERGENCY LIGHTING"
31156,53,"Fuselage","5320","AALA202409164620","other",0,"FUSELAGE MISCELLANEOUS STRUCTURE"
29520,53,"Fuselage","5340","AALA202412167517","other",0,"FUSELAGE MAIN, ATTACH FITTINGS"
29539,55,"Stabilizers","5530","AALA202410037311","other",0,"VERTICAL STABILIZER STRUCTURE"
33342,52,"Doors","5250","AALA202501093404","door",0,"FIXED INNER DOORS"
29568,25,"Equipment / Furnishings","2560","AALA202501131533","other",1,"EMERGENCY EQUIPMENT"
29538,25,"Equipment / Furnishings","2560","AALA202412093208","latch",1,"EMERGENCY EQUIPMENT"
33227,53,"Fuselage","5320","AALA202412183113","other",0,"FUSELAGE MISCELLANEOUS STRUCTURE"
33227,53,"Fuselage","5320","AALA202412187607","door",0,"FUSELAGE MISCELLANEOUS STRUCTURE"
30090,25,"Equipment / Furnishings","2560","AALA202412279702","other",1,"EMERGENCY EQUIPMENT"
29566,53,"Fuselage","5340","AALA202412185640","hinge",0,"FUSELAGE MAIN, ATTACH FITTINGS"
29549,52,"Doors","5220","AALA202509260172","other",0,"EMERGENCY EXITS"
31161,53,"Fuselage","5310","AALA202501090938","other",0,"FUSELAGE MAIN, STRUCTURE"
31161,53,"Fuselage","5320","AALA202501096541","panel",0,"FUSELAGE MISCELLANEOUS STRUCTURE"
33314,25,"Equipment / Furnishings","2560","AALA202412249281","other",1,"EMERGENCY EQUIPMENT"
29523,53,"Fuselage","5330","AALA202411062265","other",0,"FUSELAGE MAIN, PLATE/SKIN"
29540,53,"Fuselage","5310","AALA202411065506","other",0,"FUSELAGE MAIN, STRUCTURE"
31158,53,"Fuselage","5310","AALA202410155674","other",0,"FUSELAGE MAIN, STRUCTURE"
29540,53,"Fuselage","5310","AALA202410151506","panel",0,"FUSELAGE MAIN, STRUCTURE"
33226,53,"Fuselage","5320","AALA202410147576","door",0,"FUSELAGE MISCELLANEOUS STRUCTURE"
33233,33,"Lights","3350","AALA202502145769","door",1,"EMERGENCY LIGHTING"
31155,53,"Fuselage","5320","AALA202410141126","panel",0,"FUSELAGE MISCELLANEOUS STRUCTURE"
30081,33,"Lights","3350","AALA202410299517","other",1,"EMERGENCY LIGHTING"
29540,53,"Fuselage","5320","AALA202410156578","other",0,"FUSELAGE MISCELLANEOUS STRUCTURE"
30099,29,"Hydraulic Power","2910","AALA202410236580","engine",3,"HYDRAULIC SYSTEM, MAIN"
31157,53,"Fuselage","5320","AALA202410166863","other",0,"FUSELAGE MISCELLANEOUS STRUCTURE"
30078,25,"Equipment / Furnishings","2560","AALA202505301666","CND",1,"EMERGENCY EQUIPMENT"
31158,53,"Fuselage","5320","AALA202410159440","panel",0,"FUSELAGE MISCELLANEOUS STRUCTURE"
44509,33,"Lights","3350","AALA202509222729","other",1,"EMERGENCY LIGHTING"
30906,21,"Air Conditioning","2120","AALA202410157619","CND",3,"AIR DISTRIBUTION SYSTEM"
29513,33,"Lights","3350","AALA202412235921","other",1,"EMERGENCY LIGHTING"
29512,33,"Lights","3350","AALA202410233331","door",1,"EMERGENCY LIGHTING"
31081,53,"Fuselage","5330","AALA202410240135","door",0,"FUSELAGE MAIN, PLATE/SKIN"
31205,24,"Electrical Power","2420","AALA202410169331","generator",3,"AC GENERATION SYSTEM"
31226,28,"Fuel","2810","AALA202410288686","CND",1,"FUEL STORAGE"
29557,55,"Stabilizers","5520","AALA202506035397","hinge",0,"ELEVATOR STRUCTURE"
29525,29,"Hydraulic Power","2910","AALA202410174239","CND",3,"HYDRAULIC SYSTEM, MAIN"
31157,53,"Fuselage","5320","AALA202411056043","panel",0,"FUSELAGE MISCELLANEOUS STRUCTURE"
31157,53,"Fuselage","5340","AALA202411056164","other",0,"FUSELAGE MAIN, ATTACH FITTINGS"
31155,53,"Fuselage","5320","AALA202410180711","panel",0,"FUSELAGE MISCELLANEOUS STRUCTURE"
31154,26,"Fire Protection","2610","AALA202410085745","CND",3,"DETECTION SYSTEM"
29507,53,"Fuselage","5310","AALA202410098108","other",0,"FUSELAGE MAIN, STRUCTURE"
44461,33,"Lights","3350","AALA202410090591","other",1,"EMERGENCY LIGHTING"
29516,33,"Lights","3350","AALA202410115551","other",1,"EMERGENCY LIGHTING"
31158,53,"Fuselage","5310","AALA202410152675","other",0,"FUSELAGE MAIN, STRUCTURE"
31257,33,"Lights","3350","AALA202410214426","other",1,"EMERGENCY LIGHTING"
68114,33,"Lights","3350","AALA202410211634","door",1,"EMERGENCY LIGHTING"
44477,21,"Air Conditioning","2120","AALA202410231364","CND",3,"AIR DISTRIBUTION SYSTEM"
31225,53,"Fuselage","5310","AALA202410306223","latch",0,"FUSELAGE MAIN, STRUCTURE"
33243,53,"Fuselage","5320","AALA202410300850","wheel",0,"FUSELAGE MISCELLANEOUS STRUCTURE"
29507,53,"Fuselage","5310","AALA202410256207","other",0,"FUSELAGE MAIN, STRUCTURE"
29528,53,"Fuselage","5320","AALA202410254037","other",0,"FUSELAGE MISCELLANEOUS STRUCTURE"
31230,52,"Doors","5210","AALA202506052830","latch",0,"PASSENGER/CREW DOORS"
29540,53,"Fuselage","5310","AALA202411050790","other",0,"FUSELAGE MAIN, STRUCTURE"
30088,53,"Fuselage","5320","AALA202411087869","panel",0,"FUSELAGE MISCELLANEOUS STRUCTURE"
30088,55,"Stabilizers","5510","AALA202411134809","other",0,"HORIZONTAL STABILIZER STRUCTURE"
31226,28,"Fuel","2840","AALA202411133366","compensator",1,"ACFT FUEL INDICATING SYSTEM"
30097,21,"Air Conditioning","2120","AALA202410020009","other",3,"AIR DISTRIBUTION SYSTEM"
29561,34,"Navigation","3430","AALA202410044170","other",3,"LANDING AND TAXI AIDS"
33348,33,"Lights","3350","AALA202410072715","battery",1,"EMERGENCY LIGHTING"
40584,55,"Stabilizers","5520","AALA202602236146","other",0,"ELEVATOR STRUCTURE"
31154,26,"Fire Protection","2610","AALA202410095745","other",3,"DETECTION SYSTEM"
29511,33,"Lights","3350","AALA202410100162","other",1,"EMERGENCY LIGHTING"
31099,25,"Equipment / Furnishings","2560","AALA202410228151","other",1,"EMERGENCY EQUIPMENT"
30088,53,"Fuselage","5320","AALA202411139483","door",0,"FUSELAGE MISCELLANEOUS STRUCTURE"
31073,21,"Air Conditioning","2130","AALA202410300912","controller",3,"CABIN PRESSURE CONTROL SYSTEM"
29531,33,"Lights","3350","AALA202410255339","other",1,"EMERGENCY LIGHTING"
33491,25,"Equipment / Furnishings","2560","AALA202410258035","battery",1,"EMERGENCY EQUIPMENT"
29540,53,"Fuselage","5320","AALA202410156195","other",0,"FUSELAGE MISCELLANEOUS STRUCTURE"
40768,33,"Lights","3350","AALA202410036923","relay",1,"EMERGENCY LIGHTING"
44466,25,"Equipment / Furnishings","2560","AALA202410289355","other",1,"EMERGENCY EQUIPMENT"
31219,52,"Doors","5250","AALA202404308353","CND",0,"FIXED INNER DOORS"
29528,33,"Lights","3350","AALA202411011694","other",1,"EMERGENCY LIGHTING"
29540,53,"Fuselage","5320","AALA202410158064","panel",0,"FUSELAGE MISCELLANEOUS STRUCTURE"
31159,53,"Fuselage","5310","AALA202411052362","other",0,"FUSELAGE MAIN, STRUCTURE"
29523,53,"Fuselage","5330","AALA202411069419","other",0,"FUSELAGE MAIN, PLATE/SKIN"
29540,53,"Fuselage","5320","AALA202411065525","other",0,"FUSELAGE MISCELLANEOUS STRUCTURE"
29540,53,"Fuselage","5310","AALA202410216390","other",0,"FUSELAGE MAIN, STRUCTURE"
30599,53,"Fuselage","5310","AALA202410165666","other",0,"FUSELAGE MAIN, STRUCTURE"
44448,33,"Lights","3350","AALA202412286305","door",1,"EMERGENCY LIGHTING"
33207,52,"Doors","5210","AALA202410101877","hinge",0,"PASSENGER/CREW DOORS"
30906,21,"Air Conditioning","2120","AALA202410147619","CND",3,"AIR DISTRIBUTION SYSTEM"
33322,77,"Engine Indicating","7700","AALA202410105300","probe",3,"ENGINE INDICATING SYSTEM"
31155,53,"Fuselage","5320","AALA202410112434","other",0,"FUSELAGE MISCELLANEOUS STRUCTURE"
29540,53,"Fuselage","5320","AALA202410211290","other",0,"FUSELAGE MISCELLANEOUS STRUCTURE"
44487,25,"Equipment / Furnishings","2560","AALA202410291306","other",1,"EMERGENCY EQUIPMENT"
33519,34,"Navigation","3460","AALA202410296827","CND",3,"FLT MANAGE. COMPUTING HARDWARE SYS"
31158,53,"Fuselage","5320","AALA202410154314","other",0,"FUSELAGE MISCELLANEOUS STRUCTURE"
29540,53,"Fuselage","5310","AALA202410150963","panel",0,"FUSELAGE MAIN, STRUCTURE"
29540,53,"Fuselage","5320","AALA202410151855","panel",0,"FUSELAGE MISCELLANEOUS STRUCTURE"
31159,53,"Fuselage","5320","AALA202411041648","other",0,"FUSELAGE MISCELLANEOUS STRUCTURE"
31158,53,"Fuselage","5320","AALA202410158623","panel",0,"FUSELAGE MISCELLANEOUS STRUCTURE"
31159,53,"Fuselage","5320","AALA202411052423","other",0,"FUSELAGE MISCELLANEOUS STRUCTURE"
31155,53,"Fuselage","5320","AALA202410140664","other",0,"FUSELAGE MISCELLANEOUS STRUCTURE"
40582,52,"Doors","5250","AALA202410149964","door",0,"FIXED INNER DOORS"
29577,33,"Lights","3350","AALA202410215843","other",1,"EMERGENCY LIGHTING"
29539,33,"Lights","3350","AALA202410095176","battery",1,"EMERGENCY LIGHTING"
29504,25,"Equipment / Furnishings","2560","AALA202410091547","other",1,"EMERGENCY EQUIPMENT"
30916,33,"Lights","3350","AALA202410046671","other",1,"EMERGENCY LIGHTING"
31158,53,"Fuselage","5310","AALA202410150408","panel",0,"FUSELAGE MAIN, STRUCTURE"
33323,21,"Air Conditioning","2120","AALA202410231878","other",3,"AIR DISTRIBUTION SYSTEM"
31248,36,"Pneumatic","3610","AALA202502193412","engine",3,"PNEUMATIC DISTRIBUTION SYSTEM"
29528,53,"Fuselage","5320","AALA202410250332","other",0,"FUSELAGE MISCELLANEOUS STRUCTURE"
29528,53,"Fuselage","5320","AALA202410259775","other",0,"FUSELAGE MISCELLANEOUS STRUCTURE"
31073,21,"Air Conditioning","2130","AALA202410280912","CND",3,"CABIN PRESSURE CONTROL SYSTEM"
44466,25,"Equipment / Furnishings","2560","AALA202410280318","other",1,"EMERGENCY EQUIPMENT"
40583,33,"Lights","3350","AALA202411042955","other",1,"EMERGENCY LIGHTING"
31158,53,"Fuselage","5320","AALA202410154796","other",0,"FUSELAGE MISCELLANEOUS STRUCTURE"
33345,52,"Doors","5250","AALA202410035505","door",0,"FIXED INNER DOORS"
31155,53,"Fuselage","5320","AALA202410141933","panel",0,"FUSELAGE MISCELLANEOUS STRUCTURE"
33226,53,"Fuselage","5320","AALA202410149365","other",0,"FUSELAGE MISCELLANEOUS STRUCTURE"
31158,53,"Fuselage","5320","AALA202410212534","other",0,"FUSELAGE MISCELLANEOUS STRUCTURE"
31157,53,"Fuselage","5320","AALA202410211157","other",0,"FUSELAGE MISCELLANEOUS STRUCTURE"
31257,52,"Doors","5250","AALA202410218997","door",0,"FIXED INNER DOORS"
31225,53,"Fuselage","5310","AALA202410302498","latch",0,"FUSELAGE MAIN, STRUCTURE"
29540,53,"Fuselage","5310","AALA202410256677","other",0,"FUSELAGE MAIN, STRUCTURE"
31219,33,"Lights","3350","AALA202410166417","other",1,"EMERGENCY LIGHTING"
29546,53,"Fuselage","5310","AALA202506137318","other",0,"FUSELAGE MAIN, STRUCTURE"
44466,56,"Windows","5610","AALA202505127744","window",0,"FLIGHT COMPARTMENT WINDOWS"
29503,53,"Fuselage","5310","AALA202505294704","panel",0,"FUSELAGE MAIN, STRUCTURE"
29513,33,"Lights","3350","AALA202411011156","other",1,"EMERGENCY LIGHTING"
29517,22,"Auto Flight","2210","AALA202502191511","computer",3,"AUTOPILOT SYSTEM"
31226,28,"Fuel","2840","AALA202411130531","compensator",1,"ACFT FUEL INDICATING SYSTEM"
29540,25,"Equipment / Furnishings","2560","AALA202410150485","door",1,"EMERGENCY EQUIPMENT"
29528,53,"Fuselage","5320","AALA202410250439","other",0,"FUSELAGE MISCELLANEOUS STRUCTURE"
30079,56,"Windows","5610","AALA202410071894","CND",3,"FLIGHT COMPARTMENT WINDOWS"
29540,53,"Fuselage","5310","AALA202410157129","panel",0,"FUSELAGE MAIN, STRUCTURE"
29540,25,"Equipment / Furnishings","2560","AALA202410156858","door",1,"EMERGENCY EQUIPMENT"
29542,53,"Fuselage","5320","AALA202412200352","panel",0,"FUSELAGE MISCELLANEOUS STRUCTURE"
30090,55,"Stabilizers","5510","AALA202412109639","other",0,"HORIZONTAL STABILIZER STRUCTURE"
44450,25,"Equipment / Furnishings","2560","AALA202412269574","pack",1,"EMERGENCY EQUIPMENT"
29542,53,"Fuselage","5320","AALA202412172887","other",0,"FUSELAGE MISCELLANEOUS STRUCTURE"
29508,25,"Equipment / Furnishings","2560","AALA202412030291","other",1,"EMERGENCY EQUIPMENT"
29538,53,"Fuselage","5320","AALA202412167910","other",0,"FUSELAGE MISCELLANEOUS STRUCTURE"
29511,32,"Landing Gear","3240","AALA202412163965","bleed air component",2,"LANDING GEAR BRAKE SYSTEM"
29546,25,"Equipment / Furnishings","2560","AALA202412163837","battery",1,"EMERGENCY EQUIPMENT"
29520,53,"Fuselage","5340","AALA202412164961","other",0,"FUSELAGE MAIN, ATTACH FITTINGS"
29572,53,"Fuselage","5320","AALA202501225927","other",0,"FUSELAGE MISCELLANEOUS STRUCTURE"
29511,33,"Lights","3350","AALA202412195160","other",1,"EMERGENCY LIGHTING"
29547,53,"Fuselage","5320","AALA202412206377","other",0,"FUSELAGE MISCELLANEOUS STRUCTURE"
29547,53,"Fuselage","5320","AALA202412205565","other",0,"FUSELAGE MISCELLANEOUS STRUCTURE"
31161,53,"Fuselage","5320","AALA202412200627","other",0,"FUSELAGE MISCELLANEOUS STRUCTURE"
30085,28,"Fuel","2840","AALA202506044314","compensator",3,"ACFT FUEL INDICATING SYSTEM"
44451,75,"Bleed Air","7510","AALA202412054178","CND",3,"ENGINE ANTI-ICING SYSTEM"
30828,53,"Fuselage","5320","AALA202503212765","door",0,"FUSELAGE MISCELLANEOUS STRUCTURE"
31141,33,"Lights","3310","AALA202412097330","circuit breaker",3,"FLIGHT COMPARTMENT LIGHTING"
30085,28,"Fuel","2820","AALA202412104314","CND",3,"ACFT FUEL DISTRIB. SYSTEM"
31161,53,"Fuselage","5310","AALA202412230485","panel",0,"FUSELAGE MAIN, STRUCTURE"
30910,33,"Lights","3350","AALA202501177278","door",1,"EMERGENCY LIGHTING"
29572,53,"Fuselage","5320","AALA202501228190","other",0,"FUSELAGE MISCELLANEOUS STRUCTURE"
29537,33,"Lights","3350","AALA202510246104","other",1,"EMERGENCY LIGHTING"
29538,53,"Fuselage","5310","AALA202412106076","other",0,"FUSELAGE MAIN, STRUCTURE"
29509,33,"Lights","3350","AALA202412111702","door",1,"EMERGENCY LIGHTING"
31161,53,"Fuselage","5320","AALA202412234575","other",0,"FUSELAGE MISCELLANEOUS STRUCTURE"
29529,33,"Lights","3350","AALA202412136609","pack",1,"EMERGENCY LIGHTING"
33209,21,"Air Conditioning","2120","AALA202412266856","duct",3,"AIR DISTRIBUTION SYSTEM"
33227,53,"Fuselage","5320","AALA202412186570","other",0,"FUSELAGE MISCELLANEOUS STRUCTURE"
33208,25,"Equipment / Furnishings","2560","AALA202412163204","pack",1,"EMERGENCY EQUIPMENT"
33231,52,"Doors","5250","AALA202412090414","door",0,"FIXED INNER DOORS"
29564,80,"Starting","8010","AALA202412094182","engine",3,"ENGINE CRANKING"
29571,53,"Fuselage","5320","AALA202412199921","other",0,"FUSELAGE MISCELLANEOUS STRUCTURE"
30087,53,"Fuselage","5320","AALA202412102636","other",0,"FUSELAGE MISCELLANEOUS STRUCTURE"
30087,53,"Fuselage","5310","AALA202412112568","panel",0,"FUSELAGE MAIN, STRUCTURE"
44475,21,"Air Conditioning","2120","AALA202412125555","CND",3,"AIR DISTRIBUTION SYSTEM"
31230,53,"Fuselage","5340","AALA202501060079","door",0,"FUSELAGE MAIN, ATTACH FITTINGS"
29572,53,"Fuselage","5320","AALA202501109693","other",0,"FUSELAGE MISCELLANEOUS STRUCTURE"
29520,53,"Fuselage","5340","AALA202412169226","other",0,"FUSELAGE MAIN, ATTACH FITTINGS"
29520,53,"Fuselage","5340","AALA202412164674","other",0,"FUSELAGE MAIN, ATTACH FITTINGS"
33344,33,"Lights","3320","AALA202412033115","other",3,"PASSENGER COMPARTMENT LIGHTING"
31245,52,"Doors","5250","AALA202412045834","door",0,"FIXED INNER DOORS"
29542,53,"Fuselage","5320","AALA202412184993","other",0,"FUSELAGE MISCELLANEOUS STRUCTURE"
33231,77,"Engine Indicating","7720","AALA202412240615","CND",3,"ENGINE TEMP. INDICATING SYSTEM"
29559,57,"Wings","5750","AALA202412246521","other",0,"WING, CONTROL SURFACES"
29538,53,"Fuselage","5320","AALA202412162238","other",0,"FUSELAGE MISCELLANEOUS STRUCTURE"
44451,75,"Bleed Air","7510","AALA202412064178","engine",3,"ENGINE ANTI-ICING SYSTEM"
29542,53,"Fuselage","5320","AALA202412180505","other",0,"FUSELAGE MISCELLANEOUS STRUCTURE"
33340,25,"Equipment / Furnishings","2560","AALA202412067262","door",1,"EMERGENCY EQUIPMENT"
33329,52,"Doors","5250","AALA202502149313","panel",0,"FIXED INNER DOORS"
29542,53,"Fuselage","5320","AALA202412277505","other",0,"FUSELAGE MISCELLANEOUS STRUCTURE"
31139,25,"Equipment / Furnishings","2560","AALA202412209326","door",1,"EMERGENCY EQUIPMENT"
33344,33,"Lights","3350","AALA202412232482","other",1,"EMERGENCY LIGHTING"
31161,53,"Fuselage","5320","AALA202412247148","other",0,"FUSELAGE MISCELLANEOUS STRUCTURE"
31147,33,"Lights","3350","AALA202412136323","other",1,"EMERGENCY LIGHTING"
31161,53,"Fuselage","5320","AALA202412301238","other",0,"FUSELAGE MISCELLANEOUS STRUCTURE"
31230,54,"Nacelles/Pylons","5410","AALA202501025363","panel",0,"NACELLE/PYLON, MAIN FRAME"
29548,25,"Equipment / Furnishings","2530","AALA202501035825","oven",1,"BUFFET/GALLEYS"
29558,53,"Fuselage","5310","AALA202501143372","latch",0,"FUSELAGE MAIN, STRUCTURE"
29542,53,"Fuselage","5320","AALA202412158383","other",0,"FUSELAGE MISCELLANEOUS STRUCTURE"
29520,53,"Fuselage","5340","AALA202412166132","other",0,"FUSELAGE MAIN, ATTACH FITTINGS"
29542,53,"Fuselage","5320","AALA202412176903","other",0,"FUSELAGE MISCELLANEOUS STRUCTURE"
29576,32,"Landing Gear","3200","AALA202412028214","door",3,"LANDING GEAR SYSTEM"
40766,21,"Air Conditioning","2150","AALA202412181208","CND",3,"CABIN COOLING SYSTEM"
30087,53,"Fuselage","5320","AALA202412108591","other",0,"FUSELAGE MISCELLANEOUS STRUCTURE"
31219,21,"Air Conditioning","2120","AALA202502149856","duct",3,"AIR DISTRIBUTION SYSTEM"
29562,21,"Air Conditioning","2100","AALA202412105894","panel",2,"AIR CONDITIONING SYSTEM"
31161,53,"Fuselage","5320","AALA202412232926","other",0,"FUSELAGE MISCELLANEOUS STRUCTURE"
31161,53,"Fuselage","5320","AALA202501094891","panel",0,"FUSELAGE MISCELLANEOUS STRUCTURE"
29572,53,"Fuselage","5320","AALA202501102493","panel",0,"FUSELAGE MISCELLANEOUS STRUCTURE"
31273,52,"Doors","5250","AALA202412231750","door",0,"FIXED INNER DOORS"
29547,53,"Fuselage","5320","AALA202412203586","other",0,"FUSELAGE MISCELLANEOUS STRUCTURE"
31093,33,"Lights","3350","AALA202412269791","other",1,"EMERGENCY LIGHTING"
33345,52,"Doors","5250","AALA202501025196","door",0,"FIXED INNER DOORS"
29538,53,"Fuselage","5320","AALA202412165376","other",0,"FUSELAGE MISCELLANEOUS STRUCTURE"
29520,53,"Fuselage","5340","AALA202412165382","other",0,"FUSELAGE MAIN, ATTACH FITTINGS"
29572,53,"Fuselage","5310","AALA202501224395","other",0,"FUSELAGE MAIN, STRUCTURE"
33490,25,"Equipment / Furnishings","2560","AALA202412199744","other",1,"EMERGENCY EQUIPMENT"
68099,25,"Equipment / Furnishings","2560","AALA202412198234","other",1,"EMERGENCY EQUIPMENT"
29572,53,"Fuselage","5320","AALA202412246951","other",0,"FUSELAGE MISCELLANEOUS STRUCTURE"
30077,33,"Lights","3350","AALA202412284124","other",1,"EMERGENCY LIGHTING"
31272,21,"Air Conditioning","2150","AALA202412301305","valve",2,"CABIN COOLING SYSTEM"
29572,53,"Fuselage","5320","AALA202412308208","other",0,"FUSELAGE MISCELLANEOUS STRUCTURE"
33321,38,"Water / Waste","3810","AALA202412312098","valve",3,"POTABLE WATER SYSTEM"
44472,25,"Equipment / Furnishings","2560","AALA202501024671","door",1,"EMERGENCY EQUIPMENT"
31163,28,"Fuel","2840","AALA202505059204","pump",3,"ACFT FUEL INDICATING SYSTEM"
30085,28,"Fuel","2840","AALA202506045050","compensator",3,"ACFT FUEL INDICATING SYSTEM"
33212,78,"Exhaust","7830","AALA202412049889","engine",3,"THRUST REVERSER"
30087,53,"Fuselage","5320","AALA202412101403","other",0,"FUSELAGE MISCELLANEOUS STRUCTURE"
33232,33,"Lights","3350","AALA202412295215","module",1,"EMERGENCY LIGHTING"
29504,53,"Fuselage","5310","AALA202412307954","other",0,"FUSELAGE MAIN, STRUCTURE"
29538,53,"Fuselage","5320","AALA202412163504","other",0,"FUSELAGE MISCELLANEOUS STRUCTURE"
29538,53,"Fuselage","5320","AALA202412165700","other",0,"FUSELAGE MISCELLANEOUS STRUCTURE"
29572,53,"Fuselage","5310","AALA202501227423","other",0,"FUSELAGE MAIN, STRUCTURE"
29572,53,"Fuselage","5320","AALA202501249357","other",0,"FUSELAGE MISCELLANEOUS STRUCTURE"
44447,57,"Wings","5730","AALA202412185761","other",0,"WING, PLATES/SKINS"
30087,53,"Fuselage","5320","AALA202412105787","other",0,"FUSELAGE MISCELLANEOUS STRUCTURE"
30087,53,"Fuselage","5320","AALA202412109003","other",0,"FUSELAGE MISCELLANEOUS STRUCTURE"
29547,53,"Fuselage","5320","AALA202412209681","other",0,"FUSELAGE MISCELLANEOUS STRUCTURE"
29572,53,"Fuselage","5320","AALA202501104119","panel",0,"FUSELAGE MISCELLANEOUS STRUCTURE"
29572,53,"Fuselage","5320","AALA202501273986","other",0,"FUSELAGE MISCELLANEOUS STRUCTURE"
29520,53,"Fuselage","5340","AALA202412160355","other",0,"FUSELAGE MAIN, ATTACH FITTINGS"
29507,25,"Equipment / Furnishings","2530","AALA202412098366","oven",1,"BUFFET/GALLEYS"
29528,33,"Lights","3350","AALA202512015549","other",1,"EMERGENCY LIGHTING"
31161,53,"Fuselage","5320","AALA202412184062","other",0,"FUSELAGE MISCELLANEOUS STRUCTURE"
31143,33,"Lights","3350","AALA202412099248","other",1,"EMERGENCY LIGHTING"
29546,53,"Fuselage","5310","AALA202506137083","other",0,"FUSELAGE MAIN, STRUCTURE"
30090,55,"Stabilizers","5510","AALA202412108278","other",0,"HORIZONTAL STABILIZER STRUCTURE"
29547,53,"Fuselage","5320","AALA202412205150","other",0,"FUSELAGE MISCELLANEOUS STRUCTURE"
33491,73,"Engine - Fuel And Control","7310","AALA202501026652","engine",3,"ENGINE FUEL DISTRIBUTION"
31161,53,"Fuselage","5320","AALA202501091160","panel",0,"FUSELAGE MISCELLANEOUS STRUCTURE"
29538,53,"Fuselage","5320","AALA202412165045","other",0,"FUSELAGE MISCELLANEOUS STRUCTURE"
29520,53,"Fuselage","5340","AALA202412164157","other",0,"FUSELAGE MAIN, ATTACH FITTINGS"
29520,53,"Fuselage","5340","AALA202412166393","other",0,"FUSELAGE MAIN, ATTACH FITTINGS"
29572,53,"Fuselage","5320","AALA202501224374","other",0,"FUSELAGE MISCELLANEOUS STRUCTURE"
29542,53,"Fuselage","5320","AALA202412178273","other",0,"FUSELAGE MISCELLANEOUS STRUCTURE"
29577,52,"Doors","5210","AALA202412022971","door",0,"PASSENGER/CREW DOORS"
30085,73,"Engine - Fuel And Control","7320","AALA202412053297","CND",3,"FUEL CONTROLLING SYSTEM"
30087,53,"Fuselage","5320","AALA202412053947","other",0,"FUSELAGE MISCELLANEOUS STRUCTURE"
30914,33,"Lights","3350","AALA202412067441","other",1,"EMERGENCY LIGHTING"
29538,53,"Fuselage","5320","AALA202412100823","other",0,"FUSELAGE MISCELLANEOUS STRUCTURE"
31161,53,"Fuselage","5320","AALA202412200449","other",0,"FUSELAGE MISCELLANEOUS STRUCTURE"
31161,53,"Fuselage","5310","AALA202412234864","panel",0,"FUSELAGE MAIN, STRUCTURE"
30908,28,"Fuel","2820","AALA202412134402","CND",1,"ACFT FUEL DISTRIB. SYSTEM"
68107,25,"Equipment / Furnishings","2530","AALA202412295455","other",3,"BUFFET/GALLEYS"
31226,25,"Equipment / Furnishings","2560","AALA202412295056","door",1,"EMERGENCY EQUIPMENT"
29504,53,"Fuselage","5320","AALA202412303262","other",0,"FUSELAGE MISCELLANEOUS STRUCTURE"
33206,52,"Doors","5210","AALA202412317244","door",0,"PASSENGER/CREW DOORS"
31245,52,"Doors","5250","AALA202412041928","latch",0,"FIXED INNER DOORS"
31230,57,"Wings","5750","AALA202501071118","CND",0,"WING, CONTROL SURFACES"
31161,53,"Fuselage","5320","AALA202412243078","panel",0,"FUSELAGE MISCELLANEOUS STRUCTURE"
33227,25,"Equipment / Furnishings","2560","AALA202412263696","pack",1,"EMERGENCY EQUIPMENT"
33345,52,"Doors","5250","AALA202501022256","door",0,"FIXED INNER DOORS"
30908,28,"Fuel","2820","AALA202412184402","CND",1,"ACFT FUEL DISTRIB. SYSTEM"
29538,57,"Wings","5710","AALA202412160940","other",0,"WING, MAIN FRAME STRUCTURE"
29520,53,"Fuselage","5340","AALA202412168031","other",0,"FUSELAGE MAIN, ATTACH FITTINGS"
29572,53,"Fuselage","5310","AALA202501223393","other",0,"FUSELAGE MAIN, STRUCTURE"
44486,33,"Lights","3350","AALA202412195835","other",1,"EMERGENCY LIGHTING"
30092,53,"Fuselage","5330","AALA202502285256","other",0,"FUSELAGE MAIN, PLATE/SKIN"
29538,53,"Fuselage","5320","AALA202412105380","panel",0,"FUSELAGE MISCELLANEOUS STRUCTURE"
29542,53,"Fuselage","5310","AALA202412237561","other",0,"FUSELAGE MAIN, STRUCTURE"
31161,53,"Fuselage","5320","AALA202412237541","other",0,"FUSELAGE MISCELLANEOUS STRUCTURE"
44456,24,"Electrical Power","2400","AALA202412233329","other",3,"ELECTRICAL POWER SYSTEM"
31275,25,"Equipment / Furnishings","2560","AALA202412234663","CND",1,"EMERGENCY EQUIPMENT"
29559,57,"Wings","5740","AALA202412244945","panel",0,"WING, ATTACH FITTINGS"
33321,38,"Water / Waste","3810","AALA202412308188","CND",3,"POTABLE WATER SYSTEM"
33321,38,"Water / Waste","3810","AALA202412318188","valve",3,"POTABLE WATER SYSTEM"
29572,53,"Fuselage","5320","AALA202501109525","other",0,"FUSELAGE MISCELLANEOUS STRUCTURE"
31089,21,"Air Conditioning","2120","AALA202412032693","fan",3,"AIR DISTRIBUTION SYSTEM"
31161,53,"Fuselage","5310","AALA202412189545","other",0,"FUSELAGE MAIN, STRUCTURE"
29531,21,"Air Conditioning","2120","AALA202412099450","CND",3,"AIR DISTRIBUTION SYSTEM"
30087,53,"Fuselage","5320","AALA202412103933","other",0,"FUSELAGE MISCELLANEOUS STRUCTURE"
29504,33,"Lights","3350","AALA202412242129","pack",1,"EMERGENCY LIGHTING"
29548,53,"Fuselage","5320","AALA202412240589","other",0,"FUSELAGE MISCELLANEOUS STRUCTURE"
29524,25,"Equipment / Furnishings","2560","AALA202412241406","other",1,"EMERGENCY EQUIPMENT"
31105,33,"Lights","3350","AALA202412242023","CND",1,"EMERGENCY LIGHTING"
29559,57,"Wings","5750","AALA202412278012","other",0,"WING, CONTROL SURFACES"
31161,53,"Fuselage","5320","AALA202501148151","panel",0,"FUSELAGE MISCELLANEOUS STRUCTURE"
44447,57,"Wings","5730","AALA202412144082","other",0,"WING, PLATES/SKINS"
44465,49,"Airborne Auxiliary Power","4990","AALA202412161594","CND",3,"APU OIL SYSTEM"
31229,57,"Wings","5750","AALA202412169904","other",0,"WING, CONTROL SURFACES"
33212,78,"Exhaust","7830","AALA202412029889","CND",3,"THRUST REVERSER"
30094,27,"Flight Controls","2730","AALA202412041566","actuator",3,"ELEVATOR CONTROL SYSTEM"
30094,29,"Hydraulic Power","2910","AALA202412021566","CND",3,"HYDRAULIC SYSTEM, MAIN"
29576,25,"Equipment / Furnishings","2560","AALA202412065800","door",1,"EMERGENCY EQUIPMENT"
31230,57,"Wings","5750","AALA202501091118","other",0,"WING, CONTROL SURFACES"
29525,52,"Doors","5250","AALA202412093102","door",0,"FIXED INNER DOORS"
29538,25,"Equipment / Furnishings","2560","AALA202412096278","latch",1,"EMERGENCY EQUIPMENT"
30086,52,"Doors","5250","AALA202412199009","door",0,"FIXED INNER DOORS"
29506,52,"Doors","5250","AALA202412208530","door",0,"FIXED INNER DOORS"
44466,33,"Lights","3350","AALA202505127851","pack",1,"EMERGENCY LIGHTING"
44465,49,"Airborne Auxiliary Power","4990","AALA202412191594","door",3,"APU OIL SYSTEM"
31161,53,"Fuselage","5320","AALA202412201743","panel",0,"FUSELAGE MISCELLANEOUS STRUCTURE"
29547,53,"Fuselage","5320","AALA202412200787","other",0,"FUSELAGE MISCELLANEOUS STRUCTURE"
29547,53,"Fuselage","5320","AALA202412201750","other",0,"FUSELAGE MISCELLANEOUS STRUCTURE"
31085,33,"Lights","3350","AALA202412230156","CND",1,"EMERGENCY LIGHTING"
31259,52,"Doors","5250","AALA202412233410","door",0,"FIXED INNER DOORS"
33247,25,"Equipment / Furnishings","2560","AALA202412243705","door",1,"EMERGENCY EQUIPMENT"
31161,53,"Fuselage","5320","AALA202412249042","other",0,"FUSELAGE MISCELLANEOUS STRUCTURE"
29572,53,"Fuselage","5320","AALA202412241282","panel",0,"FUSELAGE MISCELLANEOUS STRUCTURE"
29571,32,"Landing Gear","3240","AALA202412309507","brake",2,"LANDING GEAR BRAKE SYSTEM"
29512,52,"Doors","5250","AALA202412309455","switch",0,"FIXED INNER DOORS"
31236,52,"Doors","5250","AALA202501039035","latch",0,"FIXED INNER DOORS"
29538,53,"Fuselage","5320","AALA202412160221","other",0,"FUSELAGE MISCELLANEOUS STRUCTURE"
44447,57,"Wings","5730","AALA202412055761","CND",0,"WING, PLATES/SKINS"
29547,53,"Fuselage","5320","AALA202412202080","other",0,"FUSELAGE MISCELLANEOUS STRUCTURE"
29566,52,"Doors","5250","AALA202502036200","door",0,"FIXED INNER DOORS"
29522,33,"Lights","3350","AALA202412132549","window",1,"EMERGENCY LIGHTING"
29536,25,"Equipment / Furnishings","2560","AALA202404268445","CND",3,"EMERGENCY EQUIPMENT"
44475,21,"Air Conditioning","2120","AALA202412135555","CND",3,"AIR DISTRIBUTION SYSTEM"
44485,52,"Doors","5250","AALA202501021754","door",0,"FIXED INNER DOORS"
31133,52,"Doors","5250","AALA202502241327","door",0,"FIXED INNER DOORS"
40579,53,"Fuselage","5320","AALA202505138000","door",0,"FUSELAGE MISCELLANEOUS STRUCTURE"
29572,53,"Fuselage","5320","AALA202501107813","panel",0,"FUSELAGE MISCELLANEOUS STRUCTURE"
31089,21,"Air Conditioning","2120","AALA202412033548","fan",3,"AIR DISTRIBUTION SYSTEM"
29503,52,"Doors","5250","AALA202412028130","switch",0,"FIXED INNER DOORS"
33239,32,"Landing Gear","3240","AALA202412055572","tire",3,"LANDING GEAR BRAKE SYSTEM"
31105,33,"Lights","3350","AALA202412090483","door",1,"EMERGENCY LIGHTING"
33227,53,"Fuselage","5320","AALA202412188219","other",0,"FUSELAGE MISCELLANEOUS STRUCTURE"
30082,56,"Windows","5610","AALA202412308459","window",3,"FLIGHT COMPARTMENT WINDOWS"
31229,33,"Lights","3350","AALA202412206970","other",1,"EMERGENCY LIGHTING"
29547,53,"Fuselage","5320","AALA202412206718","other",0,"FUSELAGE MISCELLANEOUS STRUCTURE"
31105,33,"Lights","3350","AALA202412114313","door",1,"EMERGENCY LIGHTING"
30918,25,"Equipment / Furnishings","2530","AALA202412233849","CND",3,"BUFFET/GALLEYS"
44482,33,"Lights","3350","AALA202412239260","other",1,"EMERGENCY LIGHTING"
31161,53,"Fuselage","5320","AALA202412240369","other",0,"FUSELAGE MISCELLANEOUS STRUCTURE"
31139,38,"Water / Waste","3810","AALA202502249867","other",3,"POTABLE WATER SYSTEM"
31161,53,"Fuselage","5310","AALA202501095108","other",0,"FUSELAGE MAIN, STRUCTURE"
31089,21,"Air Conditioning","2120","AALA202412039697","fan",3,"AIR DISTRIBUTION SYSTEM"
29520,53,"Fuselage","5310","AALA202412189703","other",0,"FUSELAGE MAIN, STRUCTURE"
31161,53,"Fuselage","5320","AALA202412192345","other",0,"FUSELAGE MISCELLANEOUS STRUCTURE"
33227,53,"Fuselage","5310","AALA202412105558","panel",0,"FUSELAGE MAIN, STRUCTURE"
31229,53,"Fuselage","5330","AALA202412110729","panel",0,"FUSELAGE MAIN, PLATE/SKIN"
31161,53,"Fuselage","5320","AALA202412235491","other",0,"FUSELAGE MISCELLANEOUS STRUCTURE"
31143,34,"Navigation","3410","AALA202412235125","other",3,"FLIGHT ENVIRONMENT DATA"
33321,38,"Water / Waste","3810","AALA202412313972","valve",3,"POTABLE WATER SYSTEM"
29538,53,"Fuselage","5320","AALA202412161866","other",0,"FUSELAGE MISCELLANEOUS STRUCTURE"
29574,25,"Equipment / Furnishings","2560","AALA202412284314","pack",1,"EMERGENCY EQUIPMENT"
29572,53,"Fuselage","5320","AALA202412300474","panel",0,"FUSELAGE MISCELLANEOUS STRUCTURE"
40584,52,"Doors","5210","AALA202412293097","hinge",3,"PASSENGER/CREW DOORS"
33491,73,"Engine - Fuel And Control","7310","AALA202501024023","engine",3,"ENGINE FUEL DISTRIBUTION"
31156,53,"Fuselage","5320","AALA202409197168","other",0,"FUSELAGE MISCELLANEOUS STRUCTURE"
33317,53,"Fuselage","5320","AALA202409125926","other",0,"FUSELAGE MISCELLANEOUS STRUCTURE"
31156,53,"Fuselage","5320","AALA202409163174","other",0,"FUSELAGE MISCELLANEOUS STRUCTURE"
29507,53,"Fuselage","5320","AALA202409164643","other",0,"FUSELAGE MISCELLANEOUS STRUCTURE"
29539,53,"Fuselage","5320","AALA202409160566","other",0,"FUSELAGE MISCELLANEOUS STRUCTURE"
31156,53,"Fuselage","5320","AALA202409164207","panel",0,"FUSELAGE MISCELLANEOUS STRUCTURE"
29524,53,"Fuselage","5320","AALA202409176384","other",0,"FUSELAGE MISCELLANEOUS STRUCTURE"
30918,52,"Doors","5250","AALA202409166964","door",0,"FIXED INNER DOORS"
33520,28,"Fuel","2820","AALA202409179441","switch",1,"ACFT FUEL DISTRIB. SYSTEM"
29570,33,"Lights","3350","AALA202409176358","other",1,"EMERGENCY LIGHTING"
33226,53,"Fuselage","5310","AALA202409255236","other",0,"FUSELAGE MAIN, STRUCTURE"
29534,53,"Fuselage","5320","AALA202409123451","other",0,"FUSELAGE MISCELLANEOUS STRUCTURE"
31153,53,"Fuselage","5320","AALA202409301884","other",0,"FUSELAGE MISCELLANEOUS STRUCTURE"
31215,56,"Windows","5610","AALA202409290327","window",0,"FLIGHT COMPARTMENT WINDOWS"
31154,53,"Fuselage","5310","AALA202409305721","other",0,"FUSELAGE MAIN, STRUCTURE"
29541,56,"Windows","5610","AALA202409105710","window",0,"FLIGHT COMPARTMENT WINDOWS"
33220,25,"Equipment / Furnishings","2560","AALA202409161037","battery",1,"EMERGENCY EQUIPMENT"
44449,27,"Flight Controls","2780","AALA202409271594","sensor",3,"LE SLAT CONTROL SYSTEM"
31156,53,"Fuselage","5310","AALA202409206768","other",0,"FUSELAGE MAIN, STRUCTURE"
29507,53,"Fuselage","5320","AALA202409168385","other",0,"FUSELAGE MISCELLANEOUS STRUCTURE"
29539,55,"Stabilizers","5530","AALA202409165562","other",0,"VERTICAL STABILIZER STRUCTURE"
31099,25,"Equipment / Furnishings","2560","AALA202409234073","door",1,"EMERGENCY EQUIPMENT"
29534,53,"Fuselage","5320","AALA202409176059","other",0,"FUSELAGE MISCELLANEOUS STRUCTURE"
30084,33,"Lights","3350","AALA202409257788","other",1,"EMERGENCY LIGHTING"
44469,53,"Fuselage","5320","AALA202409096821","panel",0,"FUSELAGE MISCELLANEOUS STRUCTURE"
31275,21,"Air Conditioning","2150","AALA202409272289","acm",3,"CABIN COOLING SYSTEM"
31075,53,"Fuselage","5320","AALA202409270998","other",0,"FUSELAGE MISCELLANEOUS STRUCTURE"
29543,53,"Fuselage","5320","AALA202506205899","panel",0,"FUSELAGE MISCELLANEOUS STRUCTURE"
31153,53,"Fuselage","5320","AALA202409207815","other",0,"FUSELAGE MISCELLANEOUS STRUCTURE"
29507,53,"Fuselage","5320","AALA202409167469","other",0,"FUSELAGE MISCELLANEOUS STRUCTURE"
29538,29,"Hydraulic Power","2930","AALA202409099466","other",3,"HYDRAULIC INDICATING SYSTEM"
30077,33,"Lights","3350","AALA202409161668","other",1,"EMERGENCY LIGHTING"
29539,55,"Stabilizers","5510","AALA202409230862","other",0,"HORIZONTAL STABILIZER STRUCTURE"
44462,53,"Fuselage","5320","AALA202409235453","panel",0,"FUSELAGE MISCELLANEOUS STRUCTURE"
31095,52,"Doors","5250","AALA202409176795","door",0,"FIXED INNER DOORS"
29539,53,"Fuselage","5320","AALA202409114626","panel",0,"FUSELAGE MISCELLANEOUS STRUCTURE"
31190,28,"Fuel","2840","AALA202409110665","compensator",3,"ACFT FUEL INDICATING SYSTEM"
29503,33,"Lights","3350","AALA202409110305","other",1,"EMERGENCY LIGHTING"
30828,52,"Doors","5250","AALA202409059819","controller",0,"FIXED INNER DOORS"
29534,53,"Fuselage","5320","AALA202409120403","other",0,"FUSELAGE MISCELLANEOUS STRUCTURE"
29570,33,"Lights","3350","AALA202409129001","pack",1,"EMERGENCY LIGHTING"
29523,53,"Fuselage","5330","AALA202409060337","other",0,"FUSELAGE MAIN, PLATE/SKIN"
31156,25,"Equipment / Furnishings","2560","AALA202409274648","door",1,"EMERGENCY EQUIPMENT"
31219,28,"Fuel","2820","AALA202410026885","valve",1,"ACFT FUEL DISTRIB. SYSTEM"
29527,25,"Equipment / Furnishings","2560","AALA202409175379","door",1,"EMERGENCY EQUIPMENT"
29538,29,"Hydraulic Power","2910","AALA202409043270","CND",3,"HYDRAULIC SYSTEM, MAIN"
30903,28,"Fuel","2820","AALA202409047441","valve",3,"ACFT FUEL DISTRIB. SYSTEM"
31275,27,"Flight Controls","2740","AALA202505190533","other",3,"STABILIZER CONTROL SYSTEM"
29570,33,"Lights","3350","AALA202409129220","pack",1,"EMERGENCY LIGHTING"
31153,53,"Fuselage","5320","AALA202409207365","other",0,"FUSELAGE MISCELLANEOUS STRUCTURE"
29507,53,"Fuselage","5320","AALA202409168350","other",0,"FUSELAGE MISCELLANEOUS STRUCTURE"
31156,53,"Fuselage","5320","AALA202409231516","other",0,"FUSELAGE MISCELLANEOUS STRUCTURE"
31135,32,"Landing Gear","3240","AALA202505199344","wheel",3,"LANDING GEAR BRAKE SYSTEM"
30098,25,"Equipment / Furnishings","2560","AALA202409194801","door",1,"EMERGENCY EQUIPMENT"
29539,53,"Fuselage","5310","AALA202409194282","brake",0,"FUSELAGE MAIN, STRUCTURE"
29534,53,"Fuselage","5320","AALA202409129450","other",0,"FUSELAGE MISCELLANEOUS STRUCTURE"
31156,25,"Equipment / Furnishings","2560","AALA202409169828","door",1,"EMERGENCY EQUIPMENT"
29570,25,"Equipment / Furnishings","2560","AALA202409257223","door",1,"EMERGENCY EQUIPMENT"
44462,80,"Starting","8010","AALA202410023727","starter",3,"ENGINE CRANKING"
31153,53,"Fuselage","5320","AALA202409205577","other",0,"FUSELAGE MISCELLANEOUS STRUCTURE"
30096,25,"Equipment / Furnishings","2560","AALA202409161853","door",1,"EMERGENCY EQUIPMENT"
30905,25,"Equipment / Furnishings","2560","AALA202409172332","battery",1,"EMERGENCY EQUIPMENT"
29527,28,"Fuel","2820","AALA202409177868","switch",3,"ACFT FUEL DISTRIB. SYSTEM"
31236,33,"Lights","3350","AALA202409066150","other",1,"EMERGENCY LIGHTING"
31153,53,"Fuselage","5320","AALA202409300093","door",0,"FUSELAGE MISCELLANEOUS STRUCTURE"
31270,72,"Engine","7260","AALA202409298341","other",3,"TURBINE ENGINE ACCESSORY DRIVE"
31190,53,"Fuselage","5320","AALA202409308636","panel",0,"FUSELAGE MISCELLANEOUS STRUCTURE"
31173,33,"Lights","3350","AALA202409303182","door",1,"EMERGENCY LIGHTING"
33211,52,"Doors","5210","AALA202409092342","CND",0,"PASSENGER/CREW DOORS"
31156,53,"Fuselage","5320","AALA202409162063","other",0,"FUSELAGE MISCELLANEOUS STRUCTURE"
40580,52,"Doors","5250","AALA202403115046","door",0,"FIXED INNER DOORS"
29539,53,"Fuselage","5320","AALA202409112470","panel",0,"FUSELAGE MISCELLANEOUS STRUCTURE"
29539,53,"Fuselage","5330","AALA202409112650","door",0,"FUSELAGE MAIN, PLATE/SKIN"
31156,53,"Fuselage","5310","AALA202409191365","other",0,"FUSELAGE MAIN, STRUCTURE"
31085,21,"Air Conditioning","2120","AALA202409055815","fan",3,"AIR DISTRIBUTION SYSTEM"
31145,53,"Fuselage","5340","AALA202409131832","switch",0,"FUSELAGE MAIN, ATTACH FITTINGS"
33330,25,"Equipment / Furnishings","2560","AALA202409131063","door",3,"EMERGENCY EQUIPMENT"
31153,53,"Fuselage","5340","AALA202409302369","other",0,"FUSELAGE MAIN, ATTACH FITTINGS"
30077,33,"Lights","3350","AALA202409161266","door",1,"EMERGENCY LIGHTING"
31095,52,"Doors","5210","AALA202409173412","door",0,"PASSENGER/CREW DOORS"
31095,52,"Doors","5210","AALA202409178956","door",0,"PASSENGER/CREW DOORS"
29568,25,"Equipment / Furnishings","2560","AALA202409243314","pack",1,"EMERGENCY EQUIPMENT"
31154,53,"Fuselage","5320","AALA202409117818","door",0,"FUSELAGE MISCELLANEOUS STRUCTURE"
44462,34,"Navigation","3440","AALA202410013727","CND",3,"INDEPENDENT POS. DETERMINING SYSTEM"
30089,21,"Air Conditioning","2120","AALA202409290652","acm",2,"AIR DISTRIBUTION SYSTEM"
29507,53,"Fuselage","5320","AALA202409166359","other",0,"FUSELAGE MISCELLANEOUS STRUCTURE"
33317,53,"Fuselage","5320","AALA202409162041","other",0,"FUSELAGE MISCELLANEOUS STRUCTURE"
31156,53,"Fuselage","5320","AALA202409166016","other",0,"FUSELAGE MISCELLANEOUS STRUCTURE"
31147,25,"Equipment / Furnishings","2560","AALA202409100568","door",3,"EMERGENCY EQUIPMENT"
31067,52,"Doors","5250","AALA202409045283","CND",0,"FIXED INNER DOORS"
31067,52,"Doors","5250","AALA202409115283","door",0,"FIXED INNER DOORS"
31236,53,"Fuselage","5320","AALA202409112301","door",0,"FUSELAGE MISCELLANEOUS STRUCTURE"
29534,53,"Fuselage","5320","AALA202409123489","other",0,"FUSELAGE MISCELLANEOUS STRUCTURE"
33317,53,"Fuselage","5320","AALA202409113291","other",0,"FUSELAGE MISCELLANEOUS STRUCTURE"
29538,29,"Hydraulic Power","2910","AALA202409063270","engine",3,"HYDRAULIC SYSTEM, MAIN"
44460,33,"Lights","3350","AALA202409061225","other",1,"EMERGENCY LIGHTING"
31156,25,"Equipment / Furnishings","2560","AALA202409299427","pack",1,"EMERGENCY EQUIPMENT"
44464,33,"Lights","3350","AALA202409307866","other",1,"EMERGENCY LIGHTING"
31153,53,"Fuselage","5320","AALA202410141078","door",0,"FUSELAGE MISCELLANEOUS STRUCTURE"
29539,53,"Fuselage","5320","AALA202409109528","other",0,"FUSELAGE MISCELLANEOUS STRUCTURE"
31169,33,"Lights","3350","AALA202409042723","other",1,"EMERGENCY LIGHTING"
31189,33,"Lights","3350","AALA202410075660","other",1,"EMERGENCY LIGHTING"
44464,53,"Fuselage","5320","AALA202409204792","panel",0,"FUSELAGE MISCELLANEOUS STRUCTURE"
29507,53,"Fuselage","5320","AALA202409165908","other",0,"FUSELAGE MISCELLANEOUS STRUCTURE"
31154,55,"Stabilizers","5510","AALA202409163527","panel",0,"HORIZONTAL STABILIZER STRUCTURE"
31219,28,"Fuel","2820","AALA202409176885","CND",1,"ACFT FUEL DISTRIB. SYSTEM"
29539,53,"Fuselage","5320","AALA202409195667","panel",0,"FUSELAGE MISCELLANEOUS STRUCTURE"
29534,53,"Fuselage","5320","AALA202409121646","other",0,"FUSELAGE MISCELLANEOUS STRUCTURE"
31149,34,"Navigation","3400","AALA202409131342","antenna",3,"NAVIGATION SYSTEM"
29539,53,"Fuselage","5320","AALA202409117580","panel",0,"FUSELAGE MISCELLANEOUS STRUCTURE"
33211,53,"Fuselage","5320","AALA202409255965","window",0,"FUSELAGE MISCELLANEOUS STRUCTURE"
31154,53,"Fuselage","5320","AALA202409263974","other",0,"FUSELAGE MISCELLANEOUS STRUCTURE"
29570,52,"Doors","5210","AALA202409295860","door",0,"PASSENGER/CREW DOORS"
30089,34,"Navigation","3440","AALA202409302327","computer",3,"INDEPENDENT POS. DETERMINING SYSTEM"
31156,53,"Fuselage","5340","AALA202410034387","door",0,"FUSELAGE MAIN, ATTACH FITTINGS"
31154,53,"Fuselage","5320","AALA202409111659","other",0,"FUSELAGE MISCELLANEOUS STRUCTURE"
31156,53,"Fuselage","5320","AALA202409201685","other",0,"FUSELAGE MISCELLANEOUS STRUCTURE"
31156,53,"Fuselage","5320","AALA202409164694","other",0,"FUSELAGE MISCELLANEOUS STRUCTURE"
29539,55,"Stabilizers","5510","AALA202409239945","other",0,"HORIZONTAL STABILIZER STRUCTURE"
29509,33,"Lights","3350","AALA202409164196","other",1,"EMERGENCY LIGHTING"
40765,25,"Equipment / Furnishings","2560","AALA202409170997","battery",1,"EMERGENCY EQUIPMENT"
33226,53,"Fuselage","5310","AALA202409251916","other",0,"FUSELAGE MAIN, STRUCTURE"
29567,53,"Fuselage","5310","AALA202409129002","other",0,"FUSELAGE MAIN, STRUCTURE"
33317,53,"Fuselage","5320","AALA202409125498","other",0,"FUSELAGE MISCELLANEOUS STRUCTURE"
33317,53,"Fuselage","5320","AALA202409123568","other",0,"FUSELAGE MISCELLANEOUS STRUCTURE"
31157,33,"Lights","3350","AALA202409255431","other",1,"EMERGENCY LIGHTING"
31156,53,"Fuselage","5320","AALA202409162935","panel",0,"FUSELAGE MISCELLANEOUS STRUCTURE"
29523,53,"Fuselage","5330","AALA202411060337","other",0,"FUSELAGE MAIN, PLATE/SKIN"
31153,53,"Fuselage","5310","AALA202409306349","other",0,"FUSELAGE MAIN, STRUCTURE"
31153,53,"Fuselage","5320","AALA202409306103","panel",0,"FUSELAGE MISCELLANEOUS STRUCTURE"
31129,53,"Fuselage","5310","AALA202410018571","door",0,"FUSELAGE MAIN, STRUCTURE"
31153,53,"Fuselage","5320","AALA202409201780","door",0,"FUSELAGE MISCELLANEOUS STRUCTURE"
40768,52,"Doors","5270","AALA202409226101","CND",3,"DOOR WARNING SYSTEM"
44455,33,"Lights","3350","AALA202409094747","pack",1,"EMERGENCY LIGHTING"
31095,52,"Doors","5210","AALA202409179431","door",0,"PASSENGER/CREW DOORS"
33226,25,"Equipment / Furnishings","2560","AALA202409046212","other",1,"EMERGENCY EQUIPMENT"
31234,33,"Lights","3350","AALA202409197763","other",1,"EMERGENCY LIGHTING"
30085,56,"Windows","5610","AALA202409124044","window",3,"FLIGHT COMPARTMENT WINDOWS"
31149,34,"Navigation","3400","AALA202409130510","antenna",3,"NAVIGATION SYSTEM"
31154,53,"Fuselage","5310","AALA202409068566","other",0,"FUSELAGE MAIN, STRUCTURE"
31127,49,"Airborne Auxiliary Power","4990","AALA202410018971","CND",3,"APU OIL SYSTEM"
33226,55,"Stabilizers","5510","AALA202410163735","other",0,"HORIZONTAL STABILIZER STRUCTURE"
31215,56,"Windows","5610","AALA202409276609","window",0,"FLIGHT COMPARTMENT WINDOWS"
29507,53,"Fuselage","5320","AALA202409167527","other",0,"FUSELAGE MISCELLANEOUS STRUCTURE"
29507,53,"Fuselage","5320","AALA202409160297","other",0,"FUSELAGE MISCELLANEOUS STRUCTURE"
33317,53,"Fuselage","5320","AALA202409161528","other",0,"FUSELAGE MISCELLANEOUS STRUCTURE"
40768,52,"Doors","5270","AALA202409236101","relay",3,"DOOR WARNING SYSTEM"
31236,52,"Doors","5250","AALA202409102301","door",0,"FIXED INNER DOORS"
44462,53,"Fuselage","5320","AALA202409237707","panel",0,"FUSELAGE MISCELLANEOUS STRUCTURE"
33203,33,"Lights","3350","AALA202409102942","other",1,"EMERGENCY LIGHTING"
29539,53,"Fuselage","5320","AALA202409112676","other",0,"FUSELAGE MISCELLANEOUS STRUCTURE"
31154,57,"Wings","5750","AALA202409241287","other",0,"WING, CONTROL SURFACES"
29534,53,"Fuselage","5320","AALA202409122942","other",0,"FUSELAGE MISCELLANEOUS STRUCTURE"
29534,53,"Fuselage","5320","AALA202409120126","other",0,"FUSELAGE MISCELLANEOUS STRUCTURE"
44466,52,"Doors","5250","AALA202409060096","hinge",0,"FIXED INNER DOORS"
29529,33,"Lights","3350","AALA202409068208","other",1,"EMERGENCY LIGHTING"
31269,27,"Flight Controls","2780","AALA202409271408","CND",3,"LE SLAT CONTROL SYSTEM"
31131,21,"Air Conditioning","2120","AALA202409296341","other",3,"AIR DISTRIBUTION SYSTEM"
31189,33,"Lights","3350","AALA202410015660","CND",1,"EMERGENCY LIGHTING"
29545,38,"Water / Waste","3830","AALA202410015707","valve",1,"WASTE DISPOSAL SYSTEM"
29538,29,"Hydraulic Power","2930","AALA202409094041","other",3,"HYDRAULIC INDICATING SYSTEM"
33489,52,"Doors","5250","AALA202409095367","door",0,"FIXED INNER DOORS"
29539,53,"Fuselage","5310","AALA202409237157","other",0,"FUSELAGE MAIN, STRUCTURE"
29539,53,"Fuselage","5320","AALA202409197670","other",0,"FUSELAGE MISCELLANEOUS STRUCTURE"
33256,33,"Lights","3350","AALA202404178226","other",1,"EMERGENCY LIGHTING"
29573,53,"Fuselage","5310","AALA202502282082","panel",0,"FUSELAGE MAIN, STRUCTURE"
29508,53,"Fuselage","5310","AALA202409096093","other",0,"FUSELAGE MAIN, STRUCTURE"
31156,53,"Fuselage","5320","AALA202409164394","panel",0,"FUSELAGE MISCELLANEOUS STRUCTURE"
29575,25,"Equipment / Furnishings","2560","AALA202409231633","door",1,"EMERGENCY EQUIPMENT"
29531,27,"Flight Controls","2750","AALA202409094146","other",3,"TE FLAP CONTROL SYSTEM"
31215,27,"Flight Controls","2750","AALA202409175367","CND",3,"TE FLAP CONTROL SYSTEM"
33211,52,"Doors","5210","AALA202409232342","door",0,"PASSENGER/CREW DOORS"
29539,53,"Fuselage","5320","AALA202409111333","other",0,"FUSELAGE MISCELLANEOUS STRUCTURE"
29517,52,"Doors","5250","AALA202409124799","hinge",0,"FIXED INNER DOORS"
33317,53,"Fuselage","5320","AALA202409126009","panel",0,"FUSELAGE MISCELLANEOUS STRUCTURE"
33321,53,"Fuselage","5320","AALA202502256706","other",0,"FUSELAGE MISCELLANEOUS STRUCTURE"
44449,25,"Equipment / Furnishings","2560","AALA202511120008","other",1,"EMERGENCY EQUIPMENT"
33224,52,"Doors","5250","AALA202409292950","latch",0,"FIXED INNER DOORS"
29576,27,"Flight Controls","2750","AALA202409299362","switch",3,"TE FLAP CONTROL SYSTEM"
31095,52,"Doors","5210","AALA202409173326","door",0,"PASSENGER/CREW DOORS"
44464,33,"Lights","3350","AALA202409308983","other",1,"EMERGENCY LIGHTING"
31154,33,"Lights","3350","AALA202410018557","door",1,"EMERGENCY LIGHTING"
29512,32,"Landing Gear","3260","AALA202409170669","sensor",3,"LANDING GEAR POSITION AND WARNING"
30096,25,"Equipment / Furnishings","2560","AALA202409165197","door",1,"EMERGENCY EQUIPMENT"
29513,25,"Equipment / Furnishings","2560","AALA202409231241","door",1,"EMERGENCY EQUIPMENT"
29513,25,"Equipment / Furnishings","2560","AALA202409230897","door",1,"EMERGENCY EQUIPMENT"
30099,28,"Fuel","2810","AALA202511124351","CND",3,"FUEL STORAGE"
33518,49,"Airborne Auxiliary Power","4920","AALA202409136642","bleed air component",3,"APU CORE ENGINE"
44469,53,"Fuselage","5320","AALA202409095496","panel",0,"FUSELAGE MISCELLANEOUS STRUCTURE"
33240,52,"Doors","5250","AALA202502122616","door",0,"FIXED INNER DOORS"
29507,53,"Fuselage","5320","AALA202409163220","other",0,"FUSELAGE MISCELLANEOUS STRUCTURE"
33349,33,"Lights","3350","AALA202409125440","other",1,"EMERGENCY LIGHTING"
31153,53,"Fuselage","5320","AALA202409208695","door",0,"FUSELAGE MISCELLANEOUS STRUCTURE"
31156,53,"Fuselage","5320","AALA202409168493","panel",0,"FUSELAGE MISCELLANEOUS STRUCTURE"
33243,25,"Equipment / Furnishings","2560","AALA202409221549","door",1,"EMERGENCY EQUIPMENT"
31203,52,"Doors","5250","AALA202409160312","door",0,"FIXED INNER DOORS"
31095,52,"Doors","5210","AALA202409176174","door",0,"PASSENGER/CREW DOORS"
68099,33,"Lights","3350","AALA202409040493","other",1,"EMERGENCY LIGHTING"
44469,53,"Fuselage","5320","AALA202409094844","other",0,"FUSELAGE MISCELLANEOUS STRUCTURE"
44455,52,"Doors","5250","AALA202410016851","latch",0,"FIXED INNER DOORS"
29507,53,"Fuselage","5320","AALA202409168360","other",0,"FUSELAGE MISCELLANEOUS STRUCTURE"
29539,53,"Fuselage","5320","AALA202409166720","door",0,"FUSELAGE MISCELLANEOUS STRUCTURE"
31156,53,"Fuselage","5320","AALA202409192678","door",0,"FUSELAGE MISCELLANEOUS STRUCTURE"
31153,53,"Fuselage","5320","AALA202409239880","other",0,"FUSELAGE MISCELLANEOUS STRUCTURE"
31190,28,"Fuel","2820","AALA202409108830","CND",3,"ACFT FUEL DISTRIB. SYSTEM"
33518,49,"Airborne Auxiliary Power","4920","AALA202409046642","CND",3,"APU CORE ENGINE"
30918,52,"Doors","5250","AALA202409049768","door",0,"FIXED INNER DOORS"
31208,25,"Equipment / Furnishings","2560","AALA202409042232","door",1,"EMERGENCY EQUIPMENT"
31190,28,"Fuel","2840","AALA202409117224","compensator",3,"ACFT FUEL INDICATING SYSTEM"
31190,28,"Fuel","2840","AALA202409118830","compensator",3,"ACFT FUEL INDICATING SYSTEM"
30081,25,"Equipment / Furnishings","2560","AALA202409195521","door",1,"EMERGENCY EQUIPMENT"
29534,53,"Fuselage","5320","AALA202409120616","other",0,"FUSELAGE MISCELLANEOUS STRUCTURE"
29534,53,"Fuselage","5320","AALA202409124616","other",0,"FUSELAGE MISCELLANEOUS STRUCTURE"
33520,28,"Fuel","2820","AALA202409129441","CND",1,"ACFT FUEL DISTRIB. SYSTEM"
31154,53,"Fuselage","5310","AALA202409064650","other",0,"FUSELAGE MAIN, STRUCTURE"
29538,29,"Hydraulic Power","2910","AALA202409069372","engine",3,"HYDRAULIC SYSTEM, MAIN"
31154,53,"Fuselage","5310","AALA202409069871","other",0,"FUSELAGE MAIN, STRUCTURE"
29549,25,"Equipment / Furnishings","2560","AALA202409296873","latch",1,"EMERGENCY EQUIPMENT"
44464,33,"Lights","3350","AALA202409302730","other",1,"EMERGENCY LIGHTING"
29539,53,"Fuselage","5320","AALA202409301029","panel",0,"FUSELAGE MISCELLANEOUS STRUCTURE"
29539,55,"Stabilizers","5510","AALA202409306060","other",0,"HORIZONTAL STABILIZER STRUCTURE"
33211,56,"Windows","5610","AALA202409235965","window",0,"FLIGHT COMPARTMENT WINDOWS"
44480,25,"Equipment / Furnishings","2560","AALA202409178250","pack",1,"EMERGENCY EQUIPMENT"
33226,53,"Fuselage","5320","AALA202410164368","other",0,"FUSELAGE MISCELLANEOUS STRUCTURE"
33318,52,"Doors","5210","AALA202409272687","door",3,"PASSENGER/CREW DOORS"
33233,53,"Fuselage","5320","AALA202511255750","other",0,"FUSELAGE MISCELLANEOUS STRUCTURE"
29523,53,"Fuselage","5330","AALA202511252221","panel",0,"FUSELAGE MAIN, PLATE/SKIN"
33233,53,"Fuselage","5310","AALA202601155449","other",0,"FUSELAGE MAIN, STRUCTURE"
30085,52,"Doors","5210","AALA202512095404","door",0,"PASSENGER/CREW DOORS"
31259,25,"Equipment / Furnishings","2560","AALA202511138336","pack",1,"EMERGENCY EQUIPMENT"
30598,52,"Doors","5250","AALA202511131110","door",0,"FIXED INNER DOORS"
29510,53,"Fuselage","5340","AALA202511245267","hinge",0,"FUSELAGE MAIN, ATTACH FITTINGS"
33233,53,"Fuselage","5320","AALA202601152549","panel",0,"FUSELAGE MISCELLANEOUS STRUCTURE"
31185,53,"Fuselage","5320","AALA202601151916","other",0,"FUSELAGE MISCELLANEOUS STRUCTURE"
33233,53,"Fuselage","5320","AALA202601154566","other",0,"FUSELAGE MISCELLANEOUS STRUCTURE"
33233,53,"Fuselage","5310","AALA202601152298","other",0,"FUSELAGE MAIN, STRUCTURE"
29545,33,"Lights","3350","AALA202511038553","other",1,"EMERGENCY LIGHTING"
29549,33,"Lights","3350","AALA202511051441","other",1,"EMERGENCY LIGHTING"
30093,32,"Landing Gear","3240","AALA202512029170","transducer",3,"LANDING GEAR BRAKE SYSTEM"
30093,32,"Landing Gear","3240","AALA202512025545","transducer",3,"LANDING GEAR BRAKE SYSTEM"
30905,21,"Air Conditioning","2130","AALA202512021304","switch",3,"CABIN PRESSURE CONTROL SYSTEM"
30905,21,"Air Conditioning","2130","AALA202512028692","switch",3,"CABIN PRESSURE CONTROL SYSTEM"
44462,25,"Equipment / Furnishings","2530","AALA202511103104","oven",1,"BUFFET/GALLEYS"
33234,53,"Fuselage","5320","AALA202511217807","other",0,"FUSELAGE MISCELLANEOUS STRUCTURE"
44488,25,"Equipment / Furnishings","2560","AALA202511176095","other",1,"EMERGENCY EQUIPMENT"
30082,33,"Lights","3350","AALA202511208651","door",1,"EMERGENCY LIGHTING"
31255,25,"Equipment / Furnishings","2560","AALA202511196146","other",1,"EMERGENCY EQUIPMENT"
30096,52,"Doors","5250","AALA202511265114","door",0,"FIXED INNER DOORS"
31185,53,"Fuselage","5310","AALA202601151606","other",0,"FUSELAGE MAIN, STRUCTURE"
31085,32,"Landing Gear","3260","AALA202512016724","sensor",3,"LANDING GEAR POSITION AND WARNING"
44471,52,"Doors","5250","AALA202511067939","door",0,"FIXED INNER DOORS"
31107,25,"Equipment / Furnishings","2560","AALA202511064652","door",1,"EMERGENCY EQUIPMENT"
30083,28,"Fuel","2810","AALA202511123979","valve",3,"FUEL STORAGE"
30906,34,"Navigation","3440","AALA202511176584","antenna",0,"INDEPENDENT POS. DETERMINING SYSTEM"
29517,27,"Flight Controls","2730","AALA202511181845","actuator",2,"ELEVATOR CONTROL SYSTEM"
31273,25,"Equipment / Furnishings","2560","AALA202511197246","other",1,"EMERGENCY EQUIPMENT"
33343,33,"Lights","3350","AALA202511216451","other",1,"EMERGENCY LIGHTING"
31255,56,"Windows","5630","AALA202511245594","window",0,"DOOR WINDOWS"
29537,52,"Doors","5250","AALA202505213966","door",0,"FIXED INNER DOORS"
31257,53,"Fuselage","5310","AALA202512011282","panel",0,"FUSELAGE MAIN, STRUCTURE"
44472,33,"Lights","3350","AALA202511031724","pack",1,"EMERGENCY LIGHTING"
29539,25,"Equipment / Furnishings","2530","AALA202511047047","other",1,"BUFFET/GALLEYS"
29505,55,"Stabilizers","5510","AALA202512035003","other",0,"HORIZONTAL STABILIZER STRUCTURE"
33520,32,"Landing Gear","3260","AALA202511105158","sensor",3,"LANDING GEAR POSITION AND WARNING"
31163,25,"Equipment / Furnishings","2560","AALA202511100132","door",1,"EMERGENCY EQUIPMENT"
33329,53,"Fuselage","5330","AALA202511107503","door",0,"FUSELAGE MAIN, PLATE/SKIN"
40763,52,"Doors","5250","AALA202511124811","hinge",0,"FIXED INNER DOORS"
33343,25,"Equipment / Furnishings","2560","AALA202511120259","latch",1,"EMERGENCY EQUIPMENT"
33327,33,"Lights","3350","AALA202511156906","other",1,"EMERGENCY LIGHTING"
31135,52,"Doors","5210","AALA202511175620","door",3,"PASSENGER/CREW DOORS"
31255,25,"Equipment / Furnishings","2560","AALA202511197380","other",1,"EMERGENCY EQUIPMENT"
33247,34,"Navigation","3440","AALA202511246336","antenna",3,"INDEPENDENT POS. DETERMINING SYSTEM"
31234,33,"Lights","3350","AALA202511245820","door",1,"EMERGENCY LIGHTING"
31277,33,"Lights","3350","AALA202511173892","other",1,"EMERGENCY LIGHTING"
33338,52,"Doors","5250","AALA202511262185","hinge",0,"FIXED INNER DOORS"
31185,53,"Fuselage","5320","AALA202511266094","other",0,"FUSELAGE MISCELLANEOUS STRUCTURE"
31185,25,"Equipment / Furnishings","2560","AALA202601155605","door",1,"EMERGENCY EQUIPMENT"
31185,53,"Fuselage","5320","AALA202601152366","panel",0,"FUSELAGE MISCELLANEOUS STRUCTURE"
68102,33,"Lights","3350","AALA202512011796","panel",1,"EMERGENCY LIGHTING"
31135,33,"Lights","3350","AALA202511047059","other",1,"EMERGENCY LIGHTING"
30080,25,"Equipment / Furnishings","2560","AALA202511059813","door",3,"EMERGENCY EQUIPMENT"
40764,29,"Hydraulic Power","2910","AALA202512023813","pump",3,"HYDRAULIC SYSTEM, MAIN"
29507,25,"Equipment / Furnishings","2560","AALA202512046800","door",1,"EMERGENCY EQUIPMENT"
44512,34,"Navigation","3440","AALA202511177653","other",3,"INDEPENDENT POS. DETERMINING SYSTEM"
68228,25,"Equipment / Furnishings","2560","AALA202511189942","other",1,"EMERGENCY EQUIPMENT"
29505,53,"Fuselage","5320","AALA202511193627","panel",0,"FUSELAGE MISCELLANEOUS STRUCTURE"
31219,52,"Doors","5250","AALA202511198217","door",0,"FIXED INNER DOORS"
29518,33,"Lights","3350","AALA202511209262","panel",1,"EMERGENCY LIGHTING"
29573,25,"Equipment / Furnishings","2560","AALA202511207585","door",1,"EMERGENCY EQUIPMENT"
33233,53,"Fuselage","5340","AALA202511217847","other",0,"FUSELAGE MAIN, ATTACH FITTINGS"
33234,53,"Fuselage","5320","AALA202511218562","other",0,"FUSELAGE MISCELLANEOUS STRUCTURE"
29538,24,"Electrical Power","2420","AALA202512017733","engine",3,"AC GENERATION SYSTEM"
33222,52,"Doors","5250","AALA202512017620","door",0,"FIXED INNER DOORS"
40764,52,"Doors","5250","AALA202512012291","door",0,"FIXED INNER DOORS"
30093,32,"Landing Gear","3240","AALA202511260404","switch",3,"LANDING GEAR BRAKE SYSTEM"
31185,53,"Fuselage","5310","AALA202511268678","panel",0,"FUSELAGE MAIN, STRUCTURE"
31258,25,"Equipment / Furnishings","2560","AALA202512016024","door",1,"EMERGENCY EQUIPMENT"
31253,33,"Lights","3350","AALA202512019597","other",1,"EMERGENCY LIGHTING"
31141,25,"Equipment / Furnishings","2560","AALA202512016671","battery",1,"EMERGENCY EQUIPMENT"
29535,21,"Air Conditioning","2120","AALA202512024089","fan",3,"AIR DISTRIBUTION SYSTEM"
30081,52,"Doors","5210","AALA202511127803","door",3,"PASSENGER/CREW DOORS"
31257,25,"Equipment / Furnishings","2560","AALA202512082698","latch",1,"EMERGENCY EQUIPMENT"
31202,52,"Doors","5250","AALA202511186143","door",0,"FIXED INNER DOORS"
33210,33,"Lights","3350","AALA202511183048","door",1,"EMERGENCY LIGHTING"
31255,53,"Fuselage","5310","AALA202511243955","other",0,"FUSELAGE MAIN, STRUCTURE"
31161,57,"Wings","5750","AALA202511249876","CND",3,"WING, CONTROL SURFACES"
29507,55,"Stabilizers","5510","AALA202512238128","panel",0,"HORIZONTAL STABILIZER STRUCTURE"
33247,34,"Navigation","3440","AALA202511246100","antenna",3,"INDEPENDENT POS. DETERMINING SYSTEM"
29527,28,"Fuel","2820","AALA202511245375","CND",1,"ACFT FUEL DISTRIB. SYSTEM"
44458,32,"Landing Gear","3240","AALA202511242727","brake",2,"LANDING GEAR BRAKE SYSTEM"
31185,53,"Fuselage","5310","AALA202601157557","other",0,"FUSELAGE MAIN, STRUCTURE"
31185,53,"Fuselage","5320","AALA202601154291","panel",0,"FUSELAGE MISCELLANEOUS STRUCTURE"
31185,53,"Fuselage","5320","AALA202601152811","panel",0,"FUSELAGE MISCELLANEOUS STRUCTURE"
30908,33,"Lights","3350","AALA202511287744","other",1,"EMERGENCY LIGHTING"
40581,52,"Doors","5250","AALA202512019052","door",0,"FIXED INNER DOORS"
31155,33,"Lights","3350","AALA202512012020","other",1,"EMERGENCY LIGHTING"
40582,33,"Lights","3350","AALA202511035458","other",1,"EMERGENCY LIGHTING"
30091,25,"Equipment / Furnishings","2560","AALA202511035678","door",1,"EMERGENCY EQUIPMENT"
33492,25,"Equipment / Furnishings","2560","AALA202511041333","other",1,"EMERGENCY EQUIPMENT"
68105,33,"Lights","3350","AALA202511057544","pack",1,"EMERGENCY LIGHTING"
44486,27,"Flight Controls","2720","AALA202512028370","module",3,"RUDDER CONTROL SYSTEM"
33234,25,"Equipment / Furnishings","2560","AALA202512034539","door",1,"EMERGENCY EQUIPMENT"
29523,53,"Fuselage","5310","AALA202511245251","latch",0,"FUSELAGE MAIN, STRUCTURE"
30905,21,"Air Conditioning","2130","AALA202512027046","switch",3,"CABIN PRESSURE CONTROL SYSTEM"
31190,52,"Doors","5250","AALA202511102526","door",0,"FIXED INNER DOORS"
33228,33,"Lights","3350","AALA202511072778","other",1,"EMERGENCY LIGHTING"
33227,28,"Fuel","2820","AALA202511122465","pump",1,"ACFT FUEL DISTRIB. SYSTEM"
29507,25,"Equipment / Furnishings","2560","AALA202512083436","door",1,"EMERGENCY EQUIPMENT"
31196,33,"Lights","3350","AALA202511121538","panel",1,"EMERGENCY LIGHTING"
33327,33,"Lights","3350","AALA202511151327","pack",1,"EMERGENCY LIGHTING"
29509,53,"Fuselage","5320","AALA202511253569","other",0,"FUSELAGE MISCELLANEOUS STRUCTURE"
33233,53,"Fuselage","5320","AALA202601150764","other",0,"FUSELAGE MISCELLANEOUS STRUCTURE"
33233,53,"Fuselage","5320","AALA202601155831","panel",0,"FUSELAGE MISCELLANEOUS STRUCTURE"
33233,53,"Fuselage","5320","AALA202601157803","other",0,"FUSELAGE MISCELLANEOUS STRUCTURE"
29515,33,"Lights","3350","AALA202512015127","other",1,"EMERGENCY LIGHTING"
30088,33,"Lights","3350","AALA202511285018","other",1,"EMERGENCY LIGHTING"
31185,53,"Fuselage","5320","AALA202512026178","other",0,"FUSELAGE MISCELLANEOUS STRUCTURE"
30085,52,"Doors","5210","AALA202512094157","latch",0,"PASSENGER/CREW DOORS"
33233,53,"Fuselage","5320","AALA202511130073","other",0,"FUSELAGE MISCELLANEOUS STRUCTURE"
31185,52,"Doors","5210","AALA202511136166","other",0,"PASSENGER/CREW DOORS"
31255,25,"Equipment / Furnishings","2560","AALA202511191530","latch",1,"EMERGENCY EQUIPMENT"
29544,21,"Air Conditioning","2130","AALA202502176857","CND",3,"CABIN PRESSURE CONTROL SYSTEM"
44466,53,"Fuselage","5340","AALA202511101467","hinge",0,"FUSELAGE MAIN, ATTACH FITTINGS"
44459,53,"Fuselage","5340","AALA202511173355","hinge",0,"FUSELAGE MAIN, ATTACH FITTINGS"
30906,34,"Navigation","3440","AALA202511170938","antenna",0,"INDEPENDENT POS. DETERMINING SYSTEM"
30078,33,"Lights","3350","AALA202512016630","panel",1,"EMERGENCY LIGHTING"
44454,52,"Doors","5250","AALA202511263222","latch",0,"FIXED INNER DOORS"
31250,25,"Equipment / Furnishings","2560","AALA202511269960","latch",1,"EMERGENCY EQUIPMENT"
31185,53,"Fuselage","5310","AALA202601153880","other",0,"FUSELAGE MAIN, STRUCTURE"
29509,53,"Fuselage","5310","AALA202512200913","other",0,"FUSELAGE MAIN, STRUCTURE"
40763,28,"Fuel","2820","AALA202511040417","CND",1,"ACFT FUEL DISTRIB. SYSTEM"
29505,55,"Stabilizers","5510","AALA202512032731","control rod",0,"HORIZONTAL STABILIZER STRUCTURE"
30083,28,"Fuel","2800","AALA202511063979","CND",3,"AIRCRAFT FUEL SYSTEM"
29509,53,"Fuselage","5310","AALA202512048811","panel",0,"FUSELAGE MAIN, STRUCTURE"
31177,25,"Equipment / Furnishings","2560","AALA202511122901","door",1,"EMERGENCY EQUIPMENT"
30095,28,"Fuel","2810","AALA202511124332","CND",3,"FUEL STORAGE"
30089,52,"Doors","5250","AALA202511127791","door",0,"FIXED INNER DOORS"
30089,53,"Fuselage","5320","AALA202502173288","panel",0,"FUSELAGE MISCELLANEOUS STRUCTURE"
30081,22,"Auto Flight","2210","AALA202511129711","control unit",3,"AUTOPILOT SYSTEM"
29538,25,"Equipment / Furnishings","2560","AALA202511156561","door",1,"EMERGENCY EQUIPMENT"
29562,53,"Fuselage","5330","AALA202511176812","other",0,"FUSELAGE MAIN, PLATE/SKIN"
30082,33,"Lights","3350","AALA202511192311","door",1,"EMERGENCY LIGHTING"
30905,21,"Air Conditioning","2130","AALA202511258692","CND",3,"CABIN PRESSURE CONTROL SYSTEM"
31155,33,"Lights","3350","AALA202511280393","other",1,"EMERGENCY LIGHTING"
40762,25,"Equipment / Furnishings","2560","AALA202511102591","battery",1,"EMERGENCY EQUIPMENT"
31085,32,"Landing Gear","3260","AALA202512017826","sensor",3,"LANDING GEAR POSITION AND WARNING"
33214,25,"Equipment / Furnishings","2560","AALA202512018167","battery",1,"EMERGENCY EQUIPMENT"
31189,56,"Windows","5610","AALA202512011254","window",0,"FLIGHT COMPARTMENT WINDOWS"
31101,33,"Lights","3350","AALA202512015369","other",1,"EMERGENCY LIGHTING"
33233,33,"Lights","3350","AALA202512034461","other",1,"EMERGENCY LIGHTING"
30096,52,"Doors","5250","AALA202511106887","door",0,"FIXED INNER DOORS"
33234,55,"Stabilizers","5510","AALA202512091819","panel",0,"HORIZONTAL STABILIZER STRUCTURE"
33208,52,"Doors","5250","AALA202511132337","door",0,"FIXED INNER DOORS"
33327,33,"Lights","3350","AALA202511158299","other",1,"EMERGENCY LIGHTING"
31109,28,"Fuel","2840","AALA202511244166","CND",1,"ACFT FUEL INDICATING SYSTEM"
33250,52,"Doors","5250","AALA202511073656","latch",0,"FIXED INNER DOORS"
33247,34,"Navigation","3440","AALA202511244860","antenna",3,"INDEPENDENT POS. DETERMINING SYSTEM"
29572,52,"Doors","5250","AALA202511242633","door",0,"FIXED INNER DOORS"
29568,52,"Doors","5250","AALA202511264002","hinge",0,"FIXED INNER DOORS"
33227,28,"Fuel","2820","AALA202511052465","CND",1,"ACFT FUEL DISTRIB. SYSTEM"
30093,32,"Landing Gear","3240","AALA202512022205","transducer",3,"LANDING GEAR BRAKE SYSTEM"
33343,57,"Wings","5750","AALA202512037600","other",0,"WING, CONTROL SURFACES"
33343,25,"Equipment / Furnishings","2560","AALA202511129464","door",1,"EMERGENCY EQUIPMENT"
33233,53,"Fuselage","5340","AALA202511211529","other",0,"FUSELAGE MAIN, ATTACH FITTINGS"
33343,33,"Lights","3350","AALA202511212919","other",1,"EMERGENCY LIGHTING"
29523,53,"Fuselage","5330","AALA202511248424","other",0,"FUSELAGE MAIN, PLATE/SKIN"
31185,53,"Fuselage","5320","AALA202511263399","other",0,"FUSELAGE MISCELLANEOUS STRUCTURE"
31185,53,"Fuselage","5320","AALA202511265319","panel",0,"FUSELAGE MISCELLANEOUS STRUCTURE"
33234,53,"Fuselage","5320","AALA202601145241","other",0,"FUSELAGE MISCELLANEOUS STRUCTURE"
31185,25,"Equipment / Furnishings","2560","AALA202601151926","door",1,"EMERGENCY EQUIPMENT"
31185,53,"Fuselage","5320","AALA202601150821","panel",0,"FUSELAGE MISCELLANEOUS STRUCTURE"
33233,53,"Fuselage","5320","AALA202601150200","other",0,"FUSELAGE MISCELLANEOUS STRUCTURE"
31185,53,"Fuselage","5320","AALA202601152965","other",0,"FUSELAGE MISCELLANEOUS STRUCTURE"
31280,53,"Fuselage","5330","AALA202512010896","other",0,"FUSELAGE MAIN, PLATE/SKIN"
31171,52,"Doors","5240","AALA202511287407","door",0,"SERVICE DOORS"
29507,53,"Fuselage","5310","AALA202512233095","other",0,"FUSELAGE MAIN, STRUCTURE"
30093,29,"Hydraulic Power","2910","AALA202512023881","transducer",3,"HYDRAULIC SYSTEM, MAIN"
30905,21,"Air Conditioning","2130","AALA202512023183","switch",3,"CABIN PRESSURE CONTROL SYSTEM"
29508,57,"Wings","5740","AALA202512030634","other",0,"WING, ATTACH FITTINGS"
33227,25,"Equipment / Furnishings","2560","AALA202511105061","door",1,"EMERGENCY EQUIPMENT"
29507,25,"Equipment / Furnishings","2560","AALA202512085552","door",1,"EMERGENCY EQUIPMENT"
30094,33,"Lights","3350","AALA202511126591","other",1,"EMERGENCY LIGHTING"
30093,32,"Landing Gear","3240","AALA202511172205","CND",3,"LANDING GEAR BRAKE SYSTEM"
31273,25,"Equipment / Furnishings","2560","AALA202511194260","other",1,"EMERGENCY EQUIPMENT"
33330,33,"Lights","3350","AALA202511101481","door",1,"EMERGENCY LIGHTING"
40762,25,"Equipment / Furnishings","2560","AALA202511105700","battery",1,"EMERGENCY EQUIPMENT"
33247,34,"Navigation","3440","AALA202511246778","antenna",3,"INDEPENDENT POS. DETERMINING SYSTEM"
29509,53,"Fuselage","5320","AALA202511256907","other",0,"FUSELAGE MISCELLANEOUS STRUCTURE"
33233,53,"Fuselage","5310","AALA202601156784","other",0,"FUSELAGE MAIN, STRUCTURE"
30085,53,"Fuselage","5310","AALA202511268050","latch",0,"FUSELAGE MAIN, STRUCTURE"
31185,53,"Fuselage","5320","AALA202511260523","other",0,"FUSELAGE MISCELLANEOUS STRUCTURE"
33234,53,"Fuselage","5320","AALA202601142634","panel",0,"FUSELAGE MISCELLANEOUS STRUCTURE"
31203,52,"Doors","5250","AALA202511035115","door",0,"FIXED INNER DOORS"
31259,24,"Electrical Power","2420","AALA202512025106","generator",3,"AC GENERATION SYSTEM"
44452,52,"Doors","5250","AALA202511060497","CND",0,"FIXED INNER DOORS"
44454,33,"Lights","3350","AALA202511104132","circuit breaker",1,"EMERGENCY LIGHTING"
40580,52,"Doors","5250","AALA202511132591","door",0,"FIXED INNER DOORS"
29523,55,"Stabilizers","5520","AALA202512034562","other",0,"ELEVATOR STRUCTURE"
44478,33,"Lights","3350","AALA202511154931","other",1,"EMERGENCY LIGHTING"
33327,33,"Lights","3350","AALA202511156131","pack",1,"EMERGENCY LIGHTING"
30082,33,"Lights","3350","AALA202511153982","door",1,"EMERGENCY LIGHTING"
44488,25,"Equipment / Furnishings","2560","AALA202511173480","door",1,"EMERGENCY EQUIPMENT"
29565,52,"Doors","5250","AALA202511190644","door",0,"FIXED INNER DOORS"
33233,53,"Fuselage","5340","AALA202511212014","other",0,"FUSELAGE MAIN, ATTACH FITTINGS"
31203,57,"Wings","5750","AALA202511195255","other",0,"WING, CONTROL SURFACES"
31258,53,"Fuselage","5340","AALA202511039391","other",0,"FUSELAGE MAIN, ATTACH FITTINGS"
31257,53,"Fuselage","5310","AALA202512014818","panel",0,"FUSELAGE MAIN, STRUCTURE"
33234,53,"Fuselage","5320","AALA202601148998","door",0,"FUSELAGE MISCELLANEOUS STRUCTURE"
29511,34,"Navigation","3410","AALA202511261115","other",3,"FLIGHT ENVIRONMENT DATA"
31159,25,"Equipment / Furnishings","2560","AALA202511036223","door",1,"EMERGENCY EQUIPMENT"
31185,53,"Fuselage","5310","AALA202601154980","other",0,"FUSELAGE MAIN, STRUCTURE"
33233,53,"Fuselage","5320","AALA202601156914","panel",0,"FUSELAGE MISCELLANEOUS STRUCTURE"
29521,33,"Lights","3350","AALA202511281293","other",1,"EMERGENCY LIGHTING"
31085,32,"Landing Gear","3260","AALA202512013139","sensor",3,"LANDING GEAR POSITION AND WARNING"
31154,75,"Bleed Air","7510","AALA202512024203","engine",3,"ENGINE ANTI-ICING SYSTEM"
29527,28,"Fuel","2820","AALA202512025375","switch",1,"ACFT FUEL DISTRIB. SYSTEM"
29520,52,"Doors","5250","AALA202511103376","door",0,"FIXED INNER DOORS"
29504,34,"Navigation","3410","AALA202511106585","other",3,"FLIGHT ENVIRONMENT DATA"
31259,53,"Fuselage","5320","AALA202511118451","other",0,"FUSELAGE MISCELLANEOUS STRUCTURE"
30083,28,"Fuel","2820","AALA202511128991","pump",3,"ACFT FUEL DISTRIB. SYSTEM"
33327,33,"Lights","3350","AALA202511153658","other",1,"EMERGENCY LIGHTING"
33327,33,"Lights","3350","AALA202511154552","battery",1,"EMERGENCY LIGHTING"
29528,25,"Equipment / Furnishings","2560","AALA202511175088","other",1,"EMERGENCY EQUIPMENT"
29528,33,"Lights","3350","AALA202511283255","other",1,"EMERGENCY LIGHTING"
44486,27,"Flight Controls","2720","AALA202511187613","other",3,"RUDDER CONTROL SYSTEM"
40763,28,"Fuel","2820","AALA202511190417","pump",1,"ACFT FUEL DISTRIB. SYSTEM"
29577,21,"Air Conditioning","2150","AALA202511194401","pack",3,"CABIN COOLING SYSTEM"
31255,53,"Fuselage","5340","AALA202511246893","other",0,"FUSELAGE MAIN, ATTACH FITTINGS"
31154,75,"Bleed Air","7510","AALA202511254203","CND",3,"ENGINE ANTI-ICING SYSTEM"
31185,53,"Fuselage","5320","AALA202511263673","other",0,"FUSELAGE MISCELLANEOUS STRUCTURE"
31101,33,"Lights","3350","AALA202512012116","other",1,"EMERGENCY LIGHTING"
29505,53,"Fuselage","5330","AALA202512012602","other",0,"FUSELAGE MAIN, PLATE/SKIN"
33256,25,"Equipment / Furnishings","2560","AALA202512019372","other",1,"EMERGENCY EQUIPMENT"
30081,52,"Doors","5210","AALA202511077803","CND",0,"PASSENGER/CREW DOORS"
44454,33,"Lights","3350","AALA202511124246","other",1,"EMERGENCY LIGHTING"
29536,52,"Doors","5250","AALA202511126686","door",0,"FIXED INNER DOORS"
30095,28,"Fuel","2820","AALA202511134332","CND",3,"ACFT FUEL DISTRIB. SYSTEM"
30858,33,"Lights","3350","AALA202511136382","other",1,"EMERGENCY LIGHTING"
29523,52,"Doors","5210","AALA202511244623","door",0,"PASSENGER/CREW DOORS"
31172,25,"Equipment / Furnishings","2560","AALA202511245682","door",1,"EMERGENCY EQUIPMENT"
30093,32,"Landing Gear","3240","AALA202511244327","control unit",3,"LANDING GEAR BRAKE SYSTEM"
31185,53,"Fuselage","5310","AALA202601156486","other",0,"FUSELAGE MAIN, STRUCTURE"
33492,25,"Equipment / Furnishings","2560","AALA202511041627","other",1,"EMERGENCY EQUIPMENT"
31185,53,"Fuselage","5320","AALA202512021106","other",0,"FUSELAGE MISCELLANEOUS STRUCTURE"
44486,27,"Flight Controls","2730","AALA202512027613","module",3,"ELEVATOR CONTROL SYSTEM"
30093,32,"Landing Gear","3240","AALA202512028486","transducer",3,"LANDING GEAR BRAKE SYSTEM"
30093,32,"Landing Gear","3210","AALA202512022587","transducer",3,"MAIN LANDING GEAR"
31161,27,"Flight Controls","2750","AALA202511066130","CND",3,"TE FLAP CONTROL SYSTEM"
44454,33,"Lights","3350","AALA202511105684","circuit breaker",1,"EMERGENCY LIGHTING"
44475,52,"Doors","5250","AALA202511187087","door",0,"FIXED INNER DOORS"
31135,33,"Lights","3350","AALA202511188886","door",1,"EMERGENCY LIGHTING"
29517,27,"Flight Controls","2730","AALA202511188320","actuator",2,"ELEVATOR CONTROL SYSTEM"
30099,25,"Equipment / Furnishings","2560","AALA202511208783","door",1,"EMERGENCY EQUIPMENT"
33233,53,"Fuselage","5340","AALA202511210899","other",0,"FUSELAGE MAIN, ATTACH FITTINGS"
44494,21,"Air Conditioning","2160","AALA202511197470","probe",3,"CABIN TEMPERATURE CONTROL SYSTEM"
33343,53,"Fuselage","5340","AALA202511244438","other",0,"FUSELAGE MAIN, ATTACH FITTINGS"
29508,53,"Fuselage","5330","AALA202511240406","other",0,"FUSELAGE MAIN, PLATE/SKIN"
30905,52,"Doors","5210","AALA202511249722","door",0,"PASSENGER/CREW DOORS"
31234,33,"Lights","3350","AALA202511248015","other",1,"EMERGENCY LIGHTING"
31185,53,"Fuselage","5320","AALA202601151327","other",0,"FUSELAGE MISCELLANEOUS STRUCTURE"
31273,33,"Lights","3350","AALA202511054144","other",1,"EMERGENCY LIGHTING"
33321,25,"Equipment / Furnishings","2560","AALA202511078517","other",1,"EMERGENCY EQUIPMENT"
29508,53,"Fuselage","5320","AALA202512096434","other",0,"FUSELAGE MISCELLANEOUS STRUCTURE"
40580,25,"Equipment / Furnishings","2560","AALA202511173972","other",1,"EMERGENCY EQUIPMENT"
33519,52,"Doors","5210","AALA202511202177","latch",0,"PASSENGER/CREW DOORS"
33234,53,"Fuselage","5320","AALA202511214931","other",0,"FUSELAGE MISCELLANEOUS STRUCTURE"
29523,52,"Doors","5210","AALA202511245665","door",0,"PASSENGER/CREW DOORS"
33345,28,"Fuel","2840","AALA202511240492","other",3,"ACFT FUEL INDICATING SYSTEM"
29538,33,"Lights","3350","AALA202511262617","other",1,"EMERGENCY LIGHTING"
33234,25,"Equipment / Furnishings","2560","AALA202511268745","door",1,"EMERGENCY EQUIPMENT"
31185,53,"Fuselage","5310","AALA202512223252","other",0,"FUSELAGE MAIN, STRUCTURE"
33240,52,"Doors","5250","AALA202511037617","door",0,"FIXED INNER DOORS"
44472,33,"Lights","3350","AALA202511048793","pack",1,"EMERGENCY LIGHTING"
31280,33,"Lights","3350","AALA202511041624","other",1,"EMERGENCY LIGHTING"
30905,21,"Air Conditioning","2130","AALA202512026742","switch",3,"CABIN PRESSURE CONTROL SYSTEM"
29505,55,"Stabilizers","5510","AALA202512038349","control rod",0,"HORIZONTAL STABILIZER STRUCTURE"
29523,53,"Fuselage","5320","AALA202512034133","door",0,"FUSELAGE MISCELLANEOUS STRUCTURE"
29565,52,"Doors","5250","AALA202511100644","CND",0,"FIXED INNER DOORS"
29536,52,"Doors","5250","AALA202511106686","CND",0,"FIXED INNER DOORS"
33343,25,"Equipment / Furnishings","2560","AALA202511122748","latch",1,"EMERGENCY EQUIPMENT"
31185,52,"Doors","5210","AALA202511131286","other",0,"PASSENGER/CREW DOORS"
33327,33,"Lights","3350","AALA202511155108","other",1,"EMERGENCY LIGHTING"
33327,33,"Lights","3350","AALA202511158788","pack",1,"EMERGENCY LIGHTING"
33239,52,"Doors","5250","AALA202511172904","door",0,"FIXED INNER DOORS"
30906,34,"Navigation","3440","AALA202511170218","antenna",0,"INDEPENDENT POS. DETERMINING SYSTEM"
30906,34,"Navigation","3440","AALA202511179177","antenna",0,"INDEPENDENT POS. DETERMINING SYSTEM"
40767,72,"Engine","7260","AALA202511255348","engine",3,"TURBINE ENGINE ACCESSORY DRIVE"
31185,53,"Fuselage","5310","AALA202601154039","other",0,"FUSELAGE MAIN, STRUCTURE"
31185,53,"Fuselage","5320","AALA202601154732","panel",0,"FUSELAGE MISCELLANEOUS STRUCTURE"
33344,52,"Doors","5210","AALA202512055002","door",0,"PASSENGER/CREW DOORS"
44488,25,"Equipment / Furnishings","2560","AALA202511079371","door",1,"EMERGENCY EQUIPMENT"
30079,25,"Equipment / Furnishings","2560","AALA202501215272","door",1,"EMERGENCY EQUIPMENT"
30083,28,"Fuel","2820","AALA202511128743","pump",3,"ACFT FUEL DISTRIB. SYSTEM"
29523,52,"Doors","5210","AALA202511133883","door",0,"PASSENGER/CREW DOORS"
40580,25,"Equipment / Furnishings","2560","AALA202511176533","other",1,"EMERGENCY EQUIPMENT"
33234,53,"Fuselage","5310","AALA202511219112","other",0,"FUSELAGE MAIN, STRUCTURE"
33234,53,"Fuselage","5310","AALA202511214980","other",0,"FUSELAGE MAIN, STRUCTURE"
29505,53,"Fuselage","5340","AALA202511246187","other",0,"FUSELAGE MAIN, ATTACH FITTINGS"
29535,21,"Air Conditioning","2120","AALA202512022695","fan",3,"AIR DISTRIBUTION SYSTEM"
29509,52,"Doors","5210","AALA202404104022","door",0,"PASSENGER/CREW DOORS"
29508,52,"Doors","5210","AALA202511181446","door",0,"PASSENGER/CREW DOORS"
29505,53,"Fuselage","5320","AALA202404160568","other",0,"FUSELAGE MISCELLANEOUS STRUCTURE"
29566,33,"Lights","3350","AALA202404295900","pack",1,"EMERGENCY LIGHTING"
31208,33,"Lights","3350","AALA202404226884","door",1,"EMERGENCY LIGHTING"
30083,53,"Fuselage","5340","AALA202404180117","other",0,"FUSELAGE MAIN, ATTACH FITTINGS"
30599,53,"Fuselage","5320","AALA202404183916","other",0,"FUSELAGE MISCELLANEOUS STRUCTURE"
33212,33,"Lights","3350","AALA202404309267","other",1,"EMERGENCY LIGHTING"
40764,28,"Fuel","2840","AALA202405062973","compensator",3,"ACFT FUEL INDICATING SYSTEM"
30599,53,"Fuselage","5320","AALA202404196346","panel",0,"FUSELAGE MISCELLANEOUS STRUCTURE"
29506,28,"Fuel","2820","AALA202404084023","CND",1,"ACFT FUEL DISTRIB. SYSTEM"
31155,33,"Lights","3350","AALA202404082176","other",1,"EMERGENCY LIGHTING"
44481,33,"Lights","3350","AALA202404085234","CND",1,"EMERGENCY LIGHTING"
31225,52,"Doors","5250","AALA202404152783","latch",0,"FIXED INNER DOORS"
30599,53,"Fuselage","5320","AALA202404157404","panel",0,"FUSELAGE MISCELLANEOUS STRUCTURE"
30096,33,"Lights","3350","AALA202404245163","other",1,"EMERGENCY LIGHTING"
29506,28,"Fuel","2840","AALA202404167484","valve",1,"ACFT FUEL INDICATING SYSTEM"
33239,33,"Lights","3350","AALA202404164129","other",1,"EMERGENCY LIGHTING"
30599,55,"Stabilizers","5510","AALA202404196716","other",0,"HORIZONTAL STABILIZER STRUCTURE"
30083,53,"Fuselage","5320","AALA202404260865","other",0,"FUSELAGE MISCELLANEOUS STRUCTURE"
29517,22,"Auto Flight","2210","AALA202502191349","computer",3,"AUTOPILOT SYSTEM"
44456,21,"Air Conditioning","2120","AALA202502193343","CND",3,"AIR DISTRIBUTION SYSTEM"
30083,53,"Fuselage","5320","AALA202404095316","panel",0,"FUSELAGE MISCELLANEOUS STRUCTURE"
31163,53,"Fuselage","5320","AALA202502061552","other",0,"FUSELAGE MISCELLANEOUS STRUCTURE"
33521,28,"Fuel","2820","AALA202404092322","probe",3,"ACFT FUEL DISTRIB. SYSTEM"
29513,25,"Equipment / Furnishings","2560","AALA202404108198","other",1,"EMERGENCY EQUIPMENT"
31257,33,"Lights","3350","AALA202404105338","other",1,"EMERGENCY LIGHTING"
30916,33,"Lights","3350","AALA202404103288","battery",1,"EMERGENCY LIGHTING"
29577,33,"Lights","3350","AALA202404108653","other",1,"EMERGENCY LIGHTING"
44462,52,"Doors","5240","AALA202404120461","door",3,"SERVICE DOORS"
33205,52,"Doors","5250","AALA202404155779","CND",0,"FIXED INNER DOORS"
30083,25,"Equipment / Furnishings","2560","AALA202404157491","door",1,"EMERGENCY EQUIPMENT"
31241,53,"Fuselage","5310","AALA202404225076","panel",0,"FUSELAGE MAIN, STRUCTURE"
30914,57,"Wings","5730","AALA202404221811","panel",0,"WING, PLATES/SKINS"
40764,28,"Fuel","2800","AALA202404166125","CND",3,"AIRCRAFT FUEL SYSTEM"
31173,52,"Doors","5250","AALA202404163369","hinge",0,"FIXED INNER DOORS"
29522,53,"Fuselage","5320","AALA202404291082","fan",0,"FUSELAGE MISCELLANEOUS STRUCTURE"
29521,32,"Landing Gear","3260","AALA202404293042","CND",3,"LANDING GEAR POSITION AND WARNING"
30096,53,"Fuselage","5320","AALA202404306876","other",0,"FUSELAGE MISCELLANEOUS STRUCTURE"
30096,53,"Fuselage","5320","AALA202404302072","other",0,"FUSELAGE MISCELLANEOUS STRUCTURE"
29577,57,"Wings","5730","AALA202404114077","panel",0,"WING, PLATES/SKINS"
44482,33,"Lights","3350","AALA202404305859","other",3,"EMERGENCY LIGHTING"
30914,33,"Lights","3350","AALA202405017365","other",1,"EMERGENCY LIGHTING"
31163,52,"Doors","5250","AALA202405016668","hinge",0,"FIXED INNER DOORS"
31250,28,"Fuel","2840","AALA202405019070","CND",3,"ACFT FUEL INDICATING SYSTEM"
33316,32,"Landing Gear","3230","AALA202502044551","CND",3,"LANDING GEAR RETRACT/EXTEND SYSTEM"
40764,28,"Fuel","2840","AALA202405066964","compensator",3,"ACFT FUEL INDICATING SYSTEM"
40764,28,"Fuel","2840","AALA202405060858","compensator",3,"ACFT FUEL INDICATING SYSTEM"
29571,57,"Wings","5750","AALA202404224178","other",0,"WING, CONTROL SURFACES"
30599,53,"Fuselage","5320","AALA202404248324","other",0,"FUSELAGE MISCELLANEOUS STRUCTURE"
30096,52,"Doors","5250","AALA202404165204","CND",0,"FIXED INNER DOORS"
29555,25,"Equipment / Furnishings","2560","AALA202404169574","other",1,"EMERGENCY EQUIPMENT"
31241,53,"Fuselage","5310","AALA202404251311","other",0,"FUSELAGE MAIN, STRUCTURE"
31178,25,"Equipment / Furnishings","2560","AALA202404173139","door",1,"EMERGENCY EQUIPMENT"
33224,25,"Equipment / Furnishings","2560","AALA202404181120","door",3,"EMERGENCY EQUIPMENT"
30083,53,"Fuselage","5320","AALA202404260143","other",0,"FUSELAGE MISCELLANEOUS STRUCTURE"
44483,33,"Lights","3350","AALA202404294472","other",1,"EMERGENCY LIGHTING"
29534,49,"Airborne Auxiliary Power","4910","AALA202404057469","apu component",0,"APU COWLING/CONTAINMENT"
29574,52,"Doors","5250","AALA202404309915","door",0,"FIXED INNER DOORS"
31111,25,"Equipment / Furnishings","2560","AALA202404029940","battery",1,"EMERGENCY EQUIPMENT"
40764,28,"Fuel","2840","AALA202405065125","compensator",3,"ACFT FUEL INDICATING SYSTEM"
40762,52,"Doors","5250","AALA202404099025","door",0,"FIXED INNER DOORS"
29533,33,"Lights","3350","AALA202404092836","other",3,"EMERGENCY LIGHTING"
29513,25,"Equipment / Furnishings","2560","AALA202404098198","CND",1,"EMERGENCY EQUIPMENT"
30083,53,"Fuselage","5320","AALA202404105536","door",0,"FUSELAGE MISCELLANEOUS STRUCTURE"
31145,55,"Stabilizers","5510","AALA202405130531","other",0,"HORIZONTAL STABILIZER STRUCTURE"
29513,21,"Air Conditioning","2120","AALA202404127263","panel",3,"AIR DISTRIBUTION SYSTEM"
30598,25,"Equipment / Furnishings","2560","AALA202404226379","other",1,"EMERGENCY EQUIPMENT"
31270,52,"Doors","5210","AALA202404224931","door",3,"PASSENGER/CREW DOORS"
29572,52,"Doors","5210","AALA202404241192","door",0,"PASSENGER/CREW DOORS"
33224,25,"Equipment / Furnishings","2560","AALA202404171120","CND",3,"EMERGENCY EQUIPMENT"
30083,53,"Fuselage","5310","AALA202404186575","other",0,"FUSELAGE MAIN, STRUCTURE"
44460,29,"Hydraulic Power","2930","AALA202404300256","other",3,"HYDRAULIC INDICATING SYSTEM"
31205,52,"Doors","5250","AALA202404032300","door",0,"FIXED INNER DOORS"
40764,28,"Fuel","2840","AALA202405063702","compensator",3,"ACFT FUEL INDICATING SYSTEM"
44465,25,"Equipment / Furnishings","2560","AALA202502190158","door",1,"EMERGENCY EQUIPMENT"
33211,33,"Lights","3350","AALA202404084020","other",1,"EMERGENCY LIGHTING"
30080,33,"Lights","3350","AALA202404082131","other",1,"EMERGENCY LIGHTING"
29529,33,"Lights","3350","AALA202404098209","other",1,"EMERGENCY LIGHTING"
44466,21,"Air Conditioning","2120","AALA202404107715","panel",3,"AIR DISTRIBUTION SYSTEM"
30599,53,"Fuselage","5310","AALA202404309502","panel",0,"FUSELAGE MAIN, STRUCTURE"
30906,33,"Lights","3350","AALA202405025146","other",1,"EMERGENCY LIGHTING"
29573,53,"Fuselage","5320","AALA202503115456","panel",0,"FUSELAGE MISCELLANEOUS STRUCTURE"
31218,52,"Doors","5250","AALA202404120162","door",0,"FIXED INNER DOORS"
33206,52,"Doors","5250","AALA202404082993","latch",0,"FIXED INNER DOORS"
30083,53,"Fuselage","5310","AALA202404107568","other",0,"FUSELAGE MAIN, STRUCTURE"
29532,53,"Fuselage","5320","AALA202404228211","door",0,"FUSELAGE MISCELLANEOUS STRUCTURE"
30094,21,"Air Conditioning","2120","AALA202505281108","sensor",3,"AIR DISTRIBUTION SYSTEM"
30599,25,"Equipment / Furnishings","2560","AALA202404243898","door",1,"EMERGENCY EQUIPMENT"
30599,53,"Fuselage","5320","AALA202404185354","other",0,"FUSELAGE MISCELLANEOUS STRUCTURE"
29522,38,"Water / Waste","3830","AALA202404294749","fan",1,"WASTE DISPOSAL SYSTEM"
31217,25,"Equipment / Furnishings","2560","AALA202404082024","door",1,"EMERGENCY EQUIPMENT"
29573,53,"Fuselage","5320","AALA202502245777","other",0,"FUSELAGE MISCELLANEOUS STRUCTURE"
40764,28,"Fuel","2840","AALA202405066125","compensator",3,"ACFT FUEL INDICATING SYSTEM"
31257,33,"Lights","3350","AALA202404052635","other",1,"EMERGENCY LIGHTING"
44466,38,"Water / Waste","3830","AALA202404103689","panel",3,"WASTE DISPOSAL SYSTEM"
29534,52,"Doors","5250","AALA202404220367","door",0,"FIXED INNER DOORS"
29521,25,"Equipment / Furnishings","2530","AALA202404249531","CND",1,"BUFFET/GALLEYS"
29505,54,"Nacelles/Pylons","5410","AALA202404176083","panel",0,"NACELLE/PYLON, MAIN FRAME"
31241,53,"Fuselage","5340","AALA202404263953","other",0,"FUSELAGE MAIN, ATTACH FITTINGS"
31147,21,"Air Conditioning","2120","AALA202404194757","fan",3,"AIR DISTRIBUTION SYSTEM"
31205,52,"Doors","5250","AALA202404022300","CND",0,"FIXED INNER DOORS"
44467,52,"Doors","5250","AALA202404021049","panel",0,"FIXED INNER DOORS"
33243,25,"Equipment / Furnishings","2560","AALA202404029754","pack",3,"EMERGENCY EQUIPMENT"
44477,52,"Doors","5250","AALA202405017716","door",0,"FIXED INNER DOORS"
29555,52,"Doors","5250","AALA202404034284","door",0,"FIXED INNER DOORS"
29505,33,"Lights","3350","AALA202404032454","door",1,"EMERGENCY LIGHTING"
30083,53,"Fuselage","5320","AALA202404097899","door",0,"FUSELAGE MISCELLANEOUS STRUCTURE"
29507,52,"Doors","5250","AALA202404098022","hinge",3,"FIXED INNER DOORS"
29577,57,"Wings","5730","AALA202404114285","panel",0,"WING, PLATES/SKINS"
68115,52,"Doors","5250","AALA202404150217","door",0,"FIXED INNER DOORS"
30599,53,"Fuselage","5320","AALA202404159896","panel",0,"FUSELAGE MISCELLANEOUS STRUCTURE"
29505,53,"Fuselage","5320","AALA202404161230","other",0,"FUSELAGE MISCELLANEOUS STRUCTURE"
29506,28,"Fuel","2820","AALA202404164023","valve",1,"ACFT FUEL DISTRIB. SYSTEM"
33521,28,"Fuel","2800","AALA202404167325","CND",3,"AIRCRAFT FUEL SYSTEM"
29571,57,"Wings","5750","AALA202404164178","CND",0,"WING, CONTROL SURFACES"
30599,53,"Fuselage","5310","AALA202404191117","other",0,"FUSELAGE MAIN, STRUCTURE"
29521,32,"Landing Gear","3230","AALA202404189097","module",3,"LANDING GEAR RETRACT/EXTEND SYSTEM"
30096,53,"Fuselage","5320","AALA202404303413","other",0,"FUSELAGE MISCELLANEOUS STRUCTURE"
33348,33,"Lights","3350","AALA202404309542","CND",1,"EMERGENCY LIGHTING"
29536,25,"Equipment / Furnishings","2560","AALA202404308445","door",1,"EMERGENCY EQUIPMENT"
30908,55,"Stabilizers","5510","AALA202405017992","other",0,"HORIZONTAL STABILIZER STRUCTURE"
31111,25,"Equipment / Furnishings","2560","AALA202404029281","door",1,"EMERGENCY EQUIPMENT"
33234,25,"Equipment / Furnishings","2560","AALA202505197222","door",3,"EMERGENCY EQUIPMENT"
40764,28,"Fuel","2840","AALA202405061475","compensator",3,"ACFT FUEL INDICATING SYSTEM"
31269,52,"Doors","5210","AALA202404049604","CND",3,"PASSENGER/CREW DOORS"
30914,57,"Wings","5730","AALA202404254293","panel",0,"WING, PLATES/SKINS"
30599,53,"Fuselage","5320","AALA202404245448","other",0,"FUSELAGE MISCELLANEOUS STRUCTURE"
31145,53,"Fuselage","5310","AALA202404291912","other",0,"FUSELAGE MAIN, STRUCTURE"
29519,29,"Hydraulic Power","2910","AALA202404095208","CND",3,"HYDRAULIC SYSTEM, MAIN"
31190,52,"Doors","5250","AALA202404156975","door",0,"FIXED INNER DOORS"
33315,55,"Stabilizers","5510","AALA202404160266","other",0,"HORIZONTAL STABILIZER STRUCTURE"
30083,53,"Fuselage","5320","AALA202404100637","other",0,"FUSELAGE MISCELLANEOUS STRUCTURE"
44454,25,"Equipment / Furnishings","2560","AALA202404114537","door",1,"EMERGENCY EQUIPMENT"
44481,33,"Lights","3350","AALA202404115234","other",1,"EMERGENCY LIGHTING"
30599,53,"Fuselage","5320","AALA202404226901","other",0,"FUSELAGE MISCELLANEOUS STRUCTURE"
31145,53,"Fuselage","5320","AALA202405175498","control rod",0,"FUSELAGE MISCELLANEOUS STRUCTURE"
33213,33,"Lights","3350","AALA202404223261","other",1,"EMERGENCY LIGHTING"
33521,28,"Fuel","2820","AALA202404238037","other",3,"ACFT FUEL DISTRIB. SYSTEM"
29505,53,"Fuselage","5320","AALA202404163457","other",0,"FUSELAGE MISCELLANEOUS STRUCTURE"
29505,53,"Fuselage","5320","AALA202404165047","other",0,"FUSELAGE MISCELLANEOUS STRUCTURE"
33241,28,"Fuel","2840","AALA202404253737","other",3,"ACFT FUEL INDICATING SYSTEM"
29534,53,"Fuselage","5310","AALA202404167935","other",0,"FUSELAGE MAIN, STRUCTURE"
30599,53,"Fuselage","5320","AALA202404265765","other",0,"FUSELAGE MISCELLANEOUS STRUCTURE"
31145,53,"Fuselage","5320","AALA202406263008","other",0,"FUSELAGE MISCELLANEOUS STRUCTURE"
29573,52,"Doors","5250","AALA202404294821","door",0,"FIXED INNER DOORS"
29577,55,"Stabilizers","5510","AALA202404029941","other",0,"HORIZONTAL STABILIZER STRUCTURE"
29506,32,"Landing Gear","3220","AALA202404306693","other",3,"NOSE/TAIL LANDING GEAR"
29515,52,"Doors","5250","AALA202405014284","door",0,"FIXED INNER DOORS"
33348,33,"Lights","3350","AALA202405019956","other",1,"EMERGENCY LIGHTING"
31229,33,"Lights","3350","AALA202502106308","CND",1,"EMERGENCY LIGHTING"
31145,53,"Fuselage","5320","AALA202405083011","other",0,"FUSELAGE MISCELLANEOUS STRUCTURE"
33489,72,"Engine","7260","AALA202404080100","filter",3,"TURBINE ENGINE ACCESSORY DRIVE"
33203,33,"Lights","3350","AALA202404097530","door",3,"EMERGENCY LIGHTING"
29562,33,"Lights","3350","AALA202404102825","other",1,"EMERGENCY LIGHTING"
44469,52,"Doors","5250","AALA202404121456","door",0,"FIXED INNER DOORS"
31242,57,"Wings","5750","AALA202404308860","other",0,"WING, CONTROL SURFACES"
44456,52,"Doors","5250","AALA202404054868","door",0,"FIXED INNER DOORS"
30083,53,"Fuselage","5310","AALA202404107299","wheel",0,"FUSELAGE MAIN, STRUCTURE"
30599,53,"Fuselage","5320","AALA202404228536","door",0,"FUSELAGE MISCELLANEOUS STRUCTURE"
31097,28,"Fuel","2820","AALA202404226674","switch",3,"ACFT FUEL DISTRIB. SYSTEM"
31073,52,"Doors","5250","AALA202404237882","door",0,"FIXED INNER DOORS"
30599,53,"Fuselage","5320","AALA202404242636","other",0,"FUSELAGE MISCELLANEOUS STRUCTURE"
29534,53,"Fuselage","5320","AALA202404165962","other",0,"FUSELAGE MISCELLANEOUS STRUCTURE"
44464,25,"Equipment / Furnishings","2560","AALA202404240850","door",1,"EMERGENCY EQUIPMENT"
33318,52,"Doors","5250","AALA202404268467","CND",0,"FIXED INNER DOORS"
30083,53,"Fuselage","5320","AALA202404188522","panel",0,"FUSELAGE MISCELLANEOUS STRUCTURE"
30083,53,"Fuselage","5320","AALA202404260437","other",0,"FUSELAGE MISCELLANEOUS STRUCTURE"
31083,52,"Doors","5250","AALA202404264647","door",0,"FIXED INNER DOORS"
29509,33,"Lights","3350","AALA202404083764","other",1,"EMERGENCY LIGHTING"
29512,33,"Lights","3350","AALA202404081476","CND",1,"EMERGENCY LIGHTING"
30916,33,"Lights","3350","AALA202404083288","CND",1,"EMERGENCY LIGHTING"
29535,52,"Doors","5250","AALA202404080460","door",0,"FIXED INNER DOORS"
29524,53,"Fuselage","5330","AALA202404103340","other",0,"FUSELAGE MAIN, PLATE/SKIN"
31158,52,"Doors","5250","AALA202404129762","door",0,"FIXED INNER DOORS"
33316,25,"Equipment / Furnishings","2560","AALA202404299629","door",1,"EMERGENCY EQUIPMENT"
29505,53,"Fuselage","5320","AALA202404167180","other",0,"FUSELAGE MISCELLANEOUS STRUCTURE"
31242,33,"Lights","3350","AALA202404242946","other",1,"EMERGENCY LIGHTING"
30599,53,"Fuselage","5320","AALA202404244244","other",0,"FUSELAGE MISCELLANEOUS STRUCTURE"
29521,25,"Equipment / Furnishings","2530","AALA202404259531","oven",1,"BUFFET/GALLEYS"
31275,52,"Doors","5250","AALA202404169775","door",0,"FIXED INNER DOORS"
31228,52,"Doors","5250","AALA202404259178","latch",0,"FIXED INNER DOORS"
68115,25,"Equipment / Furnishings","2560","AALA202404290023","door",1,"EMERGENCY EQUIPMENT"
30091,25,"Equipment / Furnishings","2560","AALA202404306249","other",1,"EMERGENCY EQUIPMENT"
29525,33,"Lights","3350","AALA202404302403","other",1,"EMERGENCY LIGHTING"
31091,33,"Lights","3350","AALA202404022944","other",1,"EMERGENCY LIGHTING"
33521,28,"Fuel","2810","AALA202405018037","other",3,"FUEL STORAGE"
33348,33,"Lights","3350","AALA202405019542","other",1,"EMERGENCY LIGHTING"
31071,25,"Equipment / Furnishings","2560","AALA202404038799","other",1,"EMERGENCY EQUIPMENT"
29540,33,"Lights","3350","AALA202404034217","other",1,"EMERGENCY LIGHTING"
31137,27,"Flight Controls","2750","AALA202505283224","CND",3,"TE FLAP CONTROL SYSTEM"
40764,28,"Fuel","2840","AALA202405069053","compensator",3,"ACFT FUEL INDICATING SYSTEM"
40764,28,"Fuel","2840","AALA202405060021","compensator",3,"ACFT FUEL INDICATING SYSTEM"
33319,52,"Doors","5250","AALA202405066717","door",0,"FIXED INNER DOORS"
33210,25,"Equipment / Furnishings","2560","AALA202404047507","battery",1,"EMERGENCY EQUIPMENT"
33521,28,"Fuel","2820","AALA202404095725","probe",3,"ACFT FUEL DISTRIB. SYSTEM"
44466,21,"Air Conditioning","2120","AALA202404097715","CND",3,"AIR DISTRIBUTION SYSTEM"
31075,25,"Equipment / Furnishings","2560","AALA202404121034","pack",1,"EMERGENCY EQUIPMENT"
29544,32,"Landing Gear","3230","AALA202404157127","valve",2,"LANDING GEAR RETRACT/EXTEND SYSTEM"
33521,28,"Fuel","2820","AALA202404157452","valve",1,"ACFT FUEL DISTRIB. SYSTEM"
31261,25,"Equipment / Furnishings","2560","AALA202404157124","battery",1,"EMERGENCY EQUIPMENT"
30600,33,"Lights","3350","AALA202404159641","other",1,"EMERGENCY LIGHTING"
30599,53,"Fuselage","5320","AALA202404157247","panel",0,"FUSELAGE MISCELLANEOUS STRUCTURE"
33225,25,"Equipment / Furnishings","2560","AALA202404191972","battery",1,"EMERGENCY EQUIPMENT"
31103,52,"Doors","5250","AALA202404235868","CND",0,"FIXED INNER DOORS"
30599,53,"Fuselage","5320","AALA202404165473","other",0,"FUSELAGE MISCELLANEOUS STRUCTURE"
30903,52,"Doors","5250","AALA202404241448","door",0,"FIXED INNER DOORS"
31229,33,"Lights","3350","AALA202502104415","CND",1,"EMERGENCY LIGHTING"
31091,52,"Doors","5250","AALA202502053872","door",0,"FIXED INNER DOORS"
31173,52,"Doors","5250","AALA202404173369","hinge",0,"FIXED INNER DOORS"
29520,73,"Engine - Fuel And Control","7310","AALA202404261990","engine",3,"ENGINE FUEL DISTRIBUTION"
33521,28,"Fuel","2810","AALA202406127325","other",3,"FUEL STORAGE"
30092,53,"Fuselage","5330","AALA202502249221","other",0,"FUSELAGE MAIN, PLATE/SKIN"
29504,52,"Doors","5210","AALA202404303142","CND",3,"PASSENGER/CREW DOORS"
31145,53,"Fuselage","5320","AALA202405132357","panel",0,"FUSELAGE MISCELLANEOUS STRUCTURE"
31111,25,"Equipment / Furnishings","2560","AALA202404028188","battery",1,"EMERGENCY EQUIPMENT"
29574,52,"Doors","5250","AALA202404094048","door",0,"FIXED INNER DOORS"
33203,25,"Equipment / Furnishings","2560","AALA202404106440","door",1,"EMERGENCY EQUIPMENT"
30905,52,"Doors","5210","AALA202404121087","CND",0,"PASSENGER/CREW DOORS"
29505,53,"Fuselage","5320","AALA202404164248","other",0,"FUSELAGE MISCELLANEOUS STRUCTURE"
29522,21,"Air Conditioning","2120","AALA202404293290","fan",3,"AIR DISTRIBUTION SYSTEM"
29515,52,"Doors","5210","AALA202404299488","door",0,"PASSENGER/CREW DOORS"
31169,25,"Equipment / Furnishings","2560","AALA202404294295","other",1,"EMERGENCY EQUIPMENT"
29574,52,"Doors","5250","AALA202404299915","CND",0,"FIXED INNER DOORS"
30096,53,"Fuselage","5320","AALA202404307459","other",0,"FUSELAGE MISCELLANEOUS STRUCTURE"
30096,53,"Fuselage","5320","AALA202404305823","other",0,"FUSELAGE MISCELLANEOUS STRUCTURE"
33340,52,"Doors","5250","AALA202404290987","door",0,"FIXED INNER DOORS"
33315,55,"Stabilizers","5510","AALA202404161206","other",0,"HORIZONTAL STABILIZER STRUCTURE"
33229,33,"Lights","3350","AALA202404171135","other",1,"EMERGENCY LIGHTING"
30096,53,"Fuselage","5320","AALA202404301199","other",0,"FUSELAGE MISCELLANEOUS STRUCTURE"
30096,53,"Fuselage","5320","AALA202404302130","other",0,"FUSELAGE MISCELLANEOUS STRUCTURE"
30908,55,"Stabilizers","5510","AALA202405015908","other",0,"HORIZONTAL STABILIZER STRUCTURE"
29574,52,"Doors","5250","AALA202405012108","latch",0,"FIXED INNER DOORS"
40583,25,"Equipment / Furnishings","2560","AALA202404082792","door",1,"EMERGENCY EQUIPMENT"
40764,28,"Fuel","2840","AALA202405067118","compensator",3,"ACFT FUEL INDICATING SYSTEM"
29529,33,"Lights","3350","AALA202404090498","other",1,"EMERGENCY LIGHTING"
31218,29,"Hydraulic Power","2910","AALA202404083414","CND",3,"HYDRAULIC SYSTEM, MAIN"
30089,33,"Lights","3350","AALA202404081799","other",1,"EMERGENCY LIGHTING"
30083,53,"Fuselage","5310","AALA202404092803","other",0,"FUSELAGE MAIN, STRUCTURE"
31145,53,"Fuselage","5310","AALA202405095153","other",0,"FUSELAGE MAIN, STRUCTURE"
29512,33,"Lights","3350","AALA202404101476","other",1,"EMERGENCY LIGHTING"
33205,52,"Doors","5250","AALA202404105779","CND",0,"FIXED INNER DOORS"
44464,25,"Equipment / Furnishings","2560","AALA202404111117","door",1,"EMERGENCY EQUIPMENT"
29505,53,"Fuselage","5320","AALA202404169123","other",0,"FUSELAGE MISCELLANEOUS STRUCTURE"
29522,38,"Water / Waste","3830","AALA202404297526","fan",1,"WASTE DISPOSAL SYSTEM"
31192,25,"Equipment / Furnishings","2560","AALA202404297942","other",1,"EMERGENCY EQUIPMENT"
31210,57,"Wings","5750","AALA202404302126","other",0,"WING, CONTROL SURFACES"
29506,32,"Landing Gear","3200","AALA202404266693","CND",3,"LANDING GEAR SYSTEM"
30091,53,"Fuselage","5330","AALA202502251010","other",0,"FUSELAGE MAIN, PLATE/SKIN"
30599,53,"Fuselage","5320","AALA202404184929","other",0,"FUSELAGE MISCELLANEOUS STRUCTURE"
29562,33,"Lights","3350","AALA202404052825","CND",1,"EMERGENCY LIGHTING"
44456,53,"Fuselage","5340","AALA202404080871","hinge",0,"FUSELAGE MAIN, ATTACH FITTINGS"
31097,28,"Fuel","2820","AALA202404223677","switch",3,"ACFT FUEL DISTRIB. SYSTEM"
29505,53,"Fuselage","5320","AALA202404168000","other",0,"FUSELAGE MISCELLANEOUS STRUCTURE"
33207,33,"Lights","3350","AALA202404231454","other",3,"EMERGENCY LIGHTING"
33241,28,"Fuel","2810","AALA202404243737","CND",3,"FUEL STORAGE"
30599,53,"Fuselage","5320","AALA202404248829","other",0,"FUSELAGE MISCELLANEOUS STRUCTURE"
30904,33,"Lights","3350","AALA202404162498","panel",1,"EMERGENCY LIGHTING"
31085,34,"Navigation","3440","AALA202404172128","other",3,"INDEPENDENT POS. DETERMINING SYSTEM"
30096,52,"Doors","5250","AALA202404175204","door",0,"FIXED INNER DOORS"
30599,53,"Fuselage","5310","AALA202404181554","wheel",0,"FUSELAGE MAIN, STRUCTURE"
33521,28,"Fuel","2820","AALA202404090996","probe",3,"ACFT FUEL DISTRIB. SYSTEM"
29522,38,"Water / Waste","3830","AALA202404299498","fan",3,"WASTE DISPOSAL SYSTEM"
30085,53,"Fuselage","5340","AALA202404296897","other",0,"FUSELAGE MAIN, ATTACH FITTINGS"
31156,52,"Doors","5250","AALA202404300725","door",0,"FIXED INNER DOORS"
31218,33,"Lights","3350","AALA202502125654","battery",1,"EMERGENCY LIGHTING"
31103,52,"Doors","5250","AALA202404305868","latch",0,"FIXED INNER DOORS"
33208,27,"Flight Controls","2700","AALA202404308556","control unit",3,"FLIGHT CONTROL SYSTEM"
29543,53,"Fuselage","5320","AALA202505290583","panel",0,"FUSELAGE MISCELLANEOUS STRUCTURE"
44469,52,"Doors","5250","AALA202404091456","CND",0,"FIXED INNER DOORS"
40762,52,"Doors","5250","AALA202404039025","CND",0,"FIXED INNER DOORS"
40764,28,"Fuel","2840","AALA202405063642","compensator",3,"ACFT FUEL INDICATING SYSTEM"
33319,52,"Doors","5250","AALA202405065353","door",0,"FIXED INNER DOORS"
29505,33,"Lights","3350","AALA202404080068","door",1,"EMERGENCY LIGHTING"
31163,52,"Doors","5250","AALA202404083434","door",0,"FIXED INNER DOORS"
33521,28,"Fuel","2820","AALA202404099508","probe",3,"ACFT FUEL DISTRIB. SYSTEM"
29577,33,"Lights","3350","AALA202404098001","other",1,"EMERGENCY LIGHTING"
30916,33,"Lights","3350","AALA202404108036","pack",1,"EMERGENCY LIGHTING"
30083,53,"Fuselage","5340","AALA202404157817","other",0,"FUSELAGE MAIN, ATTACH FITTINGS"
31073,52,"Doors","5250","AALA202404157882","CND",0,"FIXED INNER DOORS"
33229,53,"Fuselage","5320","AALA202503138239","other",0,"FUSELAGE MISCELLANEOUS STRUCTURE"
30828,53,"Fuselage","5320","AALA202503262596","other",0,"FUSELAGE MISCELLANEOUS STRUCTURE"
29534,52,"Doors","5250","AALA202404220832","latch",0,"FIXED INNER DOORS"
31097,28,"Fuel","2820","AALA202404220659","switch",3,"ACFT FUEL DISTRIB. SYSTEM"
30599,53,"Fuselage","5320","AALA202404240399","other",0,"FUSELAGE MISCELLANEOUS STRUCTURE"
30599,53,"Fuselage","5320","AALA202404248722","other",0,"FUSELAGE MISCELLANEOUS STRUCTURE"
44478,52,"Doors","5250","AALA202503148896","door",0,"FIXED INNER DOORS"
33239,28,"Fuel","2810","AALA202404159714","CND",3,"FUEL STORAGE"
30599,25,"Equipment / Furnishings","2560","AALA202404245208","door",1,"EMERGENCY EQUIPMENT"
40764,28,"Fuel","2840","AALA202405069350","compensator",3,"ACFT FUEL INDICATING SYSTEM"
29534,33,"Lights","3350","AALA202404082076","pack",1,"EMERGENCY LIGHTING"
68115,52,"Doors","5250","AALA202404080217","CND",0,"FIXED INNER DOORS"
29519,29,"Hydraulic Power","2910","AALA202404105208","control unit",3,"HYDRAULIC SYSTEM, MAIN"
31261,25,"Equipment / Furnishings","2560","AALA202404157693","battery",1,"EMERGENCY EQUIPMENT"
29505,53,"Fuselage","5320","AALA202404167393","other",0,"FUSELAGE MISCELLANEOUS STRUCTURE"
30083,53,"Fuselage","5320","AALA202404163000","other",0,"FUSELAGE MISCELLANEOUS STRUCTURE"
29534,53,"Fuselage","5320","AALA202404167459","other",0,"FUSELAGE MISCELLANEOUS STRUCTURE"
31219,52,"Doors","5250","AALA202404248353","CND",0,"FIXED INNER DOORS"
29534,51,"Standard Practices And Structures - General","5100","AALA202404177077","other",0,"STANDARD PRACTICES/STRUCTURES"
29505,54,"Nacelles/Pylons","5410","AALA202404178451","panel",0,"NACELLE/PYLON, MAIN FRAME"
33521,28,"Fuel","2800","AALA202404042322","CND",1,"AIRCRAFT FUEL SYSTEM"
29520,73,"Engine - Fuel And Control","7310","AALA202404263232","engine",3,"ENGINE FUEL DISTRIBUTION"
30083,53,"Fuselage","5310","AALA202404267287","other",0,"FUSELAGE MAIN, STRUCTURE"
29546,25,"Equipment / Furnishings","2530","AALA202404261223","oven",1,"BUFFET/GALLEYS"
33318,52,"Doors","5250","AALA202404308467","CND",0,"FIXED INNER DOORS"
30599,53,"Fuselage","5310","AALA202405016985","other",0,"FUSELAGE MAIN, STRUCTURE"
30905,52,"Doors","5210","AALA202404021087","CND",0,"PASSENGER/CREW DOORS"
29518,54,"Nacelles/Pylons","5410","AALA202404100149","engine",0,"NACELLE/PYLON, MAIN FRAME"
31189,52,"Doors","5250","AALA202404159920","door",0,"FIXED INNER DOORS"
29508,33,"Lights","3350","AALA202404222291","other",1,"EMERGENCY LIGHTING"
29521,52,"Doors","5250","AALA202404235200","door",0,"FIXED INNER DOORS"
29505,53,"Fuselage","5320","AALA202404167390","other",0,"FUSELAGE MISCELLANEOUS STRUCTURE"
29534,53,"Fuselage","5330","AALA202404259249","door",0,"FUSELAGE MAIN, PLATE/SKIN"
29522,21,"Air Conditioning","2120","AALA202404296275","fan",3,"AIR DISTRIBUTION SYSTEM"
29521,32,"Landing Gear","3230","AALA202404298576","module",3,"LANDING GEAR RETRACT/EXTEND SYSTEM"
31171,52,"Doors","5250","AALA202404297560","door",0,"FIXED INNER DOORS"
30096,53,"Fuselage","5320","AALA202404300275","other",0,"FUSELAGE MISCELLANEOUS STRUCTURE"
30905,52,"Doors","5250","AALA202405019888","door",0,"FIXED INNER DOORS"
29521,32,"Landing Gear","3230","AALA202405017998","module",3,"LANDING GEAR RETRACT/EXTEND SYSTEM"
33256,52,"Doors","5250","AALA202405010267","door",0,"FIXED INNER DOORS"
30599,53,"Fuselage","5320","AALA202405035374","other",0,"FUSELAGE MISCELLANEOUS STRUCTURE"
31171,53,"Fuselage","5340","AALA202504143451","door",0,"FUSELAGE MAIN, ATTACH FITTINGS"
29558,21,"Air Conditioning","2120","AALA202404083874","CND",3,"AIR DISTRIBUTION SYSTEM"
29513,33,"Lights","3350","AALA202404090145","other",1,"EMERGENCY LIGHTING"
31273,53,"Fuselage","5330","AALA202404102305","door",0,"FUSELAGE MAIN, PLATE/SKIN"
30912,27,"Flight Controls","2750","AALA202404118976","CND",3,"TE FLAP CONTROL SYSTEM"
30912,27,"Flight Controls","2750","AALA202404128976","other",3,"TE FLAP CONTROL SYSTEM"
31145,53,"Fuselage","5320","AALA202405176664","control rod",0,"FUSELAGE MISCELLANEOUS STRUCTURE"
31219,52,"Doors","5250","AALA202404246767","door",0,"FIXED INNER DOORS"
31145,53,"Fuselage","5310","AALA202405061874","other",0,"FUSELAGE MAIN, STRUCTURE"
30096,53,"Fuselage","5320","AALA202404302856","other",0,"FUSELAGE MISCELLANEOUS STRUCTURE"
30096,53,"Fuselage","5320","AALA202404302395","other",0,"FUSELAGE MISCELLANEOUS STRUCTURE"
30599,57,"Wings","5710","AALA202405035918","wheel",0,"WING, MAIN FRAME STRUCTURE"
30599,53,"Fuselage","5310","AALA202405039172","other",0,"FUSELAGE MAIN, STRUCTURE"
40764,28,"Fuel","2840","AALA202405062924","compensator",3,"ACFT FUEL INDICATING SYSTEM"
33319,52,"Doors","5250","AALA202405067451","door",0,"FIXED INNER DOORS"
29519,33,"Lights","3350","AALA202404054398","door",1,"EMERGENCY LIGHTING"
31145,53,"Fuselage","5320","AALA202405083008","other",0,"FUSELAGE MISCELLANEOUS STRUCTURE"
30908,55,"Stabilizers","5510","AALA202405086147","other",0,"HORIZONTAL STABILIZER STRUCTURE"
31145,53,"Fuselage","5310","AALA202405096102","other",0,"FUSELAGE MAIN, STRUCTURE"
29577,33,"Lights","3350","AALA202404102737","other",1,"EMERGENCY LIGHTING"
29549,25,"Equipment / Furnishings","2560","AALA202503069958","pack",1,"EMERGENCY EQUIPMENT"
31171,53,"Fuselage","5320","AALA202504141216","panel",0,"FUSELAGE MISCELLANEOUS STRUCTURE"
31151,52,"Doors","5250","AALA202504017877","door",0,"FIXED INNER DOORS"
29515,52,"Doors","5250","AALA202504015498","door",0,"FIXED INNER DOORS"
31167,53,"Fuselage","5320","AALA202504037405","panel",0,"FUSELAGE MISCELLANEOUS STRUCTURE"
44473,25,"Equipment / Furnishings","2560","AALA202503100463","door",1,"EMERGENCY EQUIPMENT"
29545,53,"Fuselage","5310","AALA202504073887","other",0,"FUSELAGE MAIN, STRUCTURE"
29545,53,"Fuselage","5310","AALA202504070058","other",0,"FUSELAGE MAIN, STRUCTURE"
44454,52,"Doors","5250","AALA202503187448","latch",0,"FIXED INNER DOORS"
29547,33,"Lights","3350","AALA202503188640","other",1,"EMERGENCY LIGHTING"
31145,33,"Lights","3350","AALA202503038217","other",1,"EMERGENCY LIGHTING"
33210,55,"Stabilizers","5520","AALA202503289112","other",0,"ELEVATOR STRUCTURE"
31167,53,"Fuselage","5320","AALA202504158323","panel",0,"FUSELAGE MISCELLANEOUS STRUCTURE"
31167,53,"Fuselage","5320","AALA202504157511","panel",0,"FUSELAGE MISCELLANEOUS STRUCTURE"
31167,53,"Fuselage","5320","AALA202504153946","panel",0,"FUSELAGE MISCELLANEOUS STRUCTURE"
30084,25,"Equipment / Furnishings","2560","AALA202503044083","door",1,"EMERGENCY EQUIPMENT"
40764,52,"Doors","5250","AALA202504026325","door",0,"FIXED INNER DOORS"
31139,25,"Equipment / Furnishings","2560","AALA202505292883","door",1,"EMERGENCY EQUIPMENT"
33521,57,"Wings","5720","AALA202504049776","panel",0,"WING MISCELLANEOUS STRUCTURE"
33521,53,"Fuselage","5310","AALA202504040156","duct",0,"FUSELAGE MAIN, STRUCTURE"
30828,53,"Fuselage","5320","AALA202503172447","panel",0,"FUSELAGE MISCELLANEOUS STRUCTURE"
33210,53,"Fuselage","5310","AALA202503170936","other",0,"FUSELAGE MAIN, STRUCTURE"
31172,21,"Air Conditioning","2120","AALA202503172294","pack",3,"AIR DISTRIBUTION SYSTEM"
31171,53,"Fuselage","5320","AALA202505013646","panel",0,"FUSELAGE MISCELLANEOUS STRUCTURE"
29573,25,"Equipment / Furnishings","2560","AALA202503251917","other",1,"EMERGENCY EQUIPMENT"
31167,25,"Equipment / Furnishings","2560","AALA202504014883","door",1,"EMERGENCY EQUIPMENT"
31167,53,"Fuselage","5320","AALA202504015612","other",0,"FUSELAGE MISCELLANEOUS STRUCTURE"
40764,52,"Doors","5250","AALA202504016325","CND",0,"FIXED INNER DOORS"
33212,57,"Wings","5710","AALA202504018797","control rod",0,"WING, MAIN FRAME STRUCTURE"
31167,53,"Fuselage","5320","AALA202504020999","other",0,"FUSELAGE MISCELLANEOUS STRUCTURE"
44506,21,"Air Conditioning","2130","AALA202503089000","valve",3,"CABIN PRESSURE CONTROL SYSTEM"
33205,32,"Landing Gear","3230","AALA202503100706","actuator",3,"LANDING GEAR RETRACT/EXTEND SYSTEM"
29518,56,"Windows","5620","AALA202504090535","window",0,"PASSENGER COMPARTMENT WINDOWS"
31241,52,"Doors","5250","AALA202503117525","door",0,"FIXED INNER DOORS"
31127,21,"Air Conditioning","2120","AALA202503242799","other",3,"AIR DISTRIBUTION SYSTEM"
29569,55,"Stabilizers","5510","AALA202503049293","other",0,"HORIZONTAL STABILIZER STRUCTURE"
30091,53,"Fuselage","5310","AALA202503186242","other",0,"FUSELAGE MAIN, STRUCTURE"
30906,33,"Lights","3350","AALA202503197636","other",1,"EMERGENCY LIGHTING"
31218,72,"Engine","7200","AALA202503240627","CND",3,"ENGINE (TURBINE/TURBOPROP)"
31163,53,"Fuselage","5320","AALA202502065569","other",0,"FUSELAGE MISCELLANEOUS STRUCTURE"
31081,52,"Doors","5250","AALA202503252995","latch",0,"FIXED INNER DOORS"
29541,32,"Landing Gear","3260","AALA202503262956","CND",3,"LANDING GEAR POSITION AND WARNING"
30092,55,"Stabilizers","5510","AALA202502247127","other",0,"HORIZONTAL STABILIZER STRUCTURE"
33211,52,"Doors","5250","AALA202503062249","latch",0,"FIXED INNER DOORS"
31269,21,"Air Conditioning","2150","AALA202502192721","duct",3,"CABIN COOLING SYSTEM"
33521,52,"Doors","5210","AALA202504031979","control rod",0,"PASSENGER/CREW DOORS"
29521,53,"Fuselage","5320","AALA202503071170","other",0,"FUSELAGE MISCELLANEOUS STRUCTURE"
29567,52,"Doors","5250","AALA202503109229","door",0,"FIXED INNER DOORS"
30091,55,"Stabilizers","5510","AALA202502241440","other",0,"HORIZONTAL STABILIZER STRUCTURE"
33486,53,"Fuselage","5320","AALA202504074644","other",0,"FUSELAGE MISCELLANEOUS STRUCTURE"
29509,32,"Landing Gear","3240","AALA202503127543","CND",3,"LANDING GEAR BRAKE SYSTEM"
30828,25,"Equipment / Furnishings","2560","AALA202504102846","control rod",1,"EMERGENCY EQUIPMENT"
31091,52,"Doors","5250","AALA202503185932","door",0,"FIXED INNER DOORS"
29573,25,"Equipment / Furnishings","2560","AALA202503170420","other",1,"EMERGENCY EQUIPMENT"
44448,25,"Equipment / Furnishings","2560","AALA202503207592","door",1,"EMERGENCY EQUIPMENT"
31171,53,"Fuselage","5340","AALA202504142620","door",0,"FUSELAGE MAIN, ATTACH FITTINGS"
29518,56,"Windows","5630","AALA202504142804","window",0,"DOOR WINDOWS"
33210,33,"Lights","3350","AALA202503255658","door",1,"EMERGENCY LIGHTING"
31167,53,"Fuselage","5320","AALA202504151502","panel",0,"FUSELAGE MISCELLANEOUS STRUCTURE"
29532,33,"Lights","3350","AALA202503032521","other",1,"EMERGENCY LIGHTING"
31151,52,"Doors","5250","AALA202503287877","CND",0,"FIXED INNER DOORS"
33210,57,"Wings","5750","AALA202503285532","other",0,"WING, CONTROL SURFACES"
33248,53,"Fuselage","5310","AALA202503313870","panel",0,"FUSELAGE MAIN, STRUCTURE"
40583,27,"Flight Controls","2750","AALA202503058255","sensor",3,"TE FLAP CONTROL SYSTEM"
40583,27,"Flight Controls","2750","AALA202503056812","sensor",3,"TE FLAP CONTROL SYSTEM"
31127,72,"Engine","7210","AALA202504029093","other",3,"TURBINE ENGINE REDUCTION GEAR"
33321,53,"Fuselage","5320","AALA202503055493","other",0,"FUSELAGE MISCELLANEOUS STRUCTURE"
33220,33,"Lights","3350","AALA202503068533","other",1,"EMERGENCY LIGHTING"
30828,53,"Fuselage","5320","AALA202503069673","panel",0,"FUSELAGE MISCELLANEOUS STRUCTURE"
29521,53,"Fuselage","5320","AALA202503078947","other",0,"FUSELAGE MISCELLANEOUS STRUCTURE"
30081,28,"Fuel","2820","AALA202503100580","filter",1,"ACFT FUEL DISTRIB. SYSTEM"
29507,32,"Landing Gear","3240","AALA202503118282","CND",2,"LANDING GEAR BRAKE SYSTEM"
33521,53,"Fuselage","5330","AALA202504042393","panel",0,"FUSELAGE MAIN, PLATE/SKIN"
33323,52,"Doors","5250","AALA202503126031","latch",0,"FIXED INNER DOORS"
29541,25,"Equipment / Furnishings","2560","AALA202503125936","door",1,"EMERGENCY EQUIPMENT"
29573,53,"Fuselage","5320","AALA202503139394","other",0,"FUSELAGE MISCELLANEOUS STRUCTURE"
30599,33,"Lights","3350","AALA202502261817","other",1,"EMERGENCY LIGHTING"
31158,32,"Landing Gear","3260","AALA202503132003","CND",2,"LANDING GEAR POSITION AND WARNING"
44478,25,"Equipment / Furnishings","2560","AALA202503136480","door",1,"EMERGENCY EQUIPMENT"
29547,21,"Air Conditioning","2160","AALA202502137679","pack",3,"CABIN TEMPERATURE CONTROL SYSTEM"
29573,53,"Fuselage","5320","AALA202503051297","other",0,"FUSELAGE MISCELLANEOUS STRUCTURE"
40762,32,"Landing Gear","3230","AALA202503174907","switch",3,"LANDING GEAR RETRACT/EXTEND SYSTEM"
31171,53,"Fuselage","5320","AALA202505011542","panel",0,"FUSELAGE MISCELLANEOUS STRUCTURE"
31171,53,"Fuselage","5320","AALA202505019189","panel",0,"FUSELAGE MISCELLANEOUS STRUCTURE"
33340,24,"Electrical Power","2400","AALA202503202911","control unit",3,"ELECTRICAL POWER SYSTEM"
31099,28,"Fuel","2820","AALA202503140268","CND",1,"ACFT FUEL DISTRIB. SYSTEM"
31127,21,"Air Conditioning","2120","AALA202503240076","CND",3,"AIR DISTRIBUTION SYSTEM"
31167,53,"Fuselage","5310","AALA202503248633","panel",0,"FUSELAGE MAIN, STRUCTURE"
33210,55,"Stabilizers","5520","AALA202503287087","other",0,"ELEVATOR STRUCTURE"
31205,28,"Fuel","2840","AALA202504018103","CND",3,"ACFT FUEL INDICATING SYSTEM"
31089,53,"Fuselage","5330","AALA202503062494","door",0,"FUSELAGE MAIN, PLATE/SKIN"
31244,56,"Windows","5610","AALA202503075109","window",3,"FLIGHT COMPARTMENT WINDOWS"
29521,53,"Fuselage","5320","AALA202503078239","other",0,"FUSELAGE MISCELLANEOUS STRUCTURE"
30081,28,"Fuel","2820","AALA202503106564","filter",1,"ACFT FUEL DISTRIB. SYSTEM"
33229,53,"Fuselage","5310","AALA202503108371","duct",0,"FUSELAGE MAIN, STRUCTURE"
29522,34,"Navigation","3420","AALA202503112076","other",3,"ATTITUDE AND DIRECTION DATA SYSTEM"
29503,53,"Fuselage","5320","AALA202503126535","door",3,"FUSELAGE MISCELLANEOUS STRUCTURE"
30828,25,"Equipment / Furnishings","2560","AALA202504109668","control rod",1,"EMERGENCY EQUIPMENT"
33486,53,"Fuselage","5320","AALA202504119507","other",0,"FUSELAGE MISCELLANEOUS STRUCTURE"
31171,53,"Fuselage","5320","AALA202505016604","other",0,"FUSELAGE MISCELLANEOUS STRUCTURE"
31171,53,"Fuselage","5310","AALA202505013865","other",0,"FUSELAGE MAIN, STRUCTURE"
30918,25,"Equipment / Furnishings","2560","AALA202503212194","other",1,"EMERGENCY EQUIPMENT"
31160,28,"Fuel","2820","AALA202503216347","CND",1,"ACFT FUEL DISTRIB. SYSTEM"
31167,53,"Fuselage","5320","AALA202504158003","panel",0,"FUSELAGE MISCELLANEOUS STRUCTURE"
30097,49,"Airborne Auxiliary Power","4950","AALA202504012772","switch",3,"APU BLEED AIR SYSTEM"
31218,79,"Oil","7920","AALA202504011909","servo",3,"ENGINE OIL DISTRIBUTION (AIRFRAME)"
30906,52,"Doors","5220","AALA202503181731","latch",0,"EMERGENCY EXITS"
29529,53,"Fuselage","5330","AALA202505091932","other",0,"FUSELAGE MAIN, PLATE/SKIN"
33314,72,"Engine","7200","AALA202503179383","engine",3,"ENGINE (TURBINE/TURBOPROP)"
31127,28,"Fuel","2820","AALA202503175090","CND",3,"ACFT FUEL DISTRIB. SYSTEM"
31158,22,"Auto Flight","2230","AALA202503182003","pack",1,"AUTO THROTTLE SYSTEM"
29547,32,"Landing Gear","3260","AALA202503188218","CND",3,"LANDING GEAR POSITION AND WARNING"
30091,53,"Fuselage","5310","AALA202503212121","other",0,"FUSELAGE MAIN, STRUCTURE"
29577,32,"Landing Gear","3240","AALA202503211855","CND",2,"LANDING GEAR BRAKE SYSTEM"
31167,53,"Fuselage","5310","AALA202503242872","panel",0,"FUSELAGE MAIN, STRUCTURE"
44452,33,"Lights","3350","AALA202503257719","other",1,"EMERGENCY LIGHTING"
31141,25,"Equipment / Furnishings","2560","AALA202503262269","pack",1,"EMERGENCY EQUIPMENT"
31241,25,"Equipment / Furnishings","2560","AALA202503263618","latch",1,"EMERGENCY EQUIPMENT"
33341,25,"Equipment / Furnishings","2560","AALA202503273151","CND",1,"EMERGENCY EQUIPMENT"
30828,57,"Wings","5740","AALA202503284357","other",0,"WING, ATTACH FITTINGS"
33486,53,"Fuselage","5310","AALA202503314881","other",0,"FUSELAGE MAIN, STRUCTURE"
29541,33,"Lights","3350","AALA202503044592","other",1,"EMERGENCY LIGHTING"
33486,53,"Fuselage","5320","AALA202504210661","other",0,"FUSELAGE MISCELLANEOUS STRUCTURE"
33248,55,"Stabilizers","5520","AALA202504020238","other",0,"ELEVATOR STRUCTURE"
29541,25,"Equipment / Furnishings","2560","AALA202503073647","door",1,"EMERGENCY EQUIPMENT"
29541,25,"Equipment / Furnishings","2560","AALA202503071076","other",1,"EMERGENCY EQUIPMENT"
31189,28,"Fuel","2840","AALA202504088596","compensator",3,"ACFT FUEL INDICATING SYSTEM"
29545,53,"Fuselage","5320","AALA202504113664","panel",0,"FUSELAGE MISCELLANEOUS STRUCTURE"
31269,25,"Equipment / Furnishings","2560","AALA202504110535","door",1,"EMERGENCY EQUIPMENT"
31171,53,"Fuselage","5320","AALA202505018243","panel",0,"FUSELAGE MISCELLANEOUS STRUCTURE"
31155,52,"Doors","5250","AALA202503185643","door",3,"FIXED INNER DOORS"
29519,33,"Lights","3350","AALA202503255610","CND",1,"EMERGENCY LIGHTING"
44456,25,"Equipment / Furnishings","2560","AALA202503204901","door",3,"EMERGENCY EQUIPMENT"
29505,52,"Doors","5250","AALA202503255237","hinge",0,"FIXED INNER DOORS"
29505,52,"Doors","5250","AALA202503259797","hinge",0,"FIXED INNER DOORS"
31147,25,"Equipment / Furnishings","2560","AALA202503251048","pack",1,"EMERGENCY EQUIPMENT"
44459,52,"Doors","5250","AALA202503256757","door",0,"FIXED INNER DOORS"
44479,52,"Doors","5250","AALA202503250081","door",0,"FIXED INNER DOORS"
31167,53,"Fuselage","5320","AALA202504152190","panel",0,"FUSELAGE MISCELLANEOUS STRUCTURE"
29565,52,"Doors","5250","AALA202504017335","latch",0,"FIXED INNER DOORS"
44455,52,"Doors","5250","AALA202504013074","latch",0,"FIXED INNER DOORS"
29574,53,"Fuselage","5320","AALA202503056313","other",0,"FUSELAGE MISCELLANEOUS STRUCTURE"
31241,33,"Lights","3350","AALA202503117807","other",1,"EMERGENCY LIGHTING"
33521,53,"Fuselage","5320","AALA202504048152","duct",0,"FUSELAGE MISCELLANEOUS STRUCTURE"
29545,53,"Fuselage","5310","AALA202504077189","other",0,"FUSELAGE MAIN, STRUCTURE"
33248,53,"Fuselage","5340","AALA202504042964","other",0,"FUSELAGE MAIN, ATTACH FITTINGS"
31225,25,"Equipment / Furnishings","2560","AALA202503137158","door",1,"EMERGENCY EQUIPMENT"
31280,25,"Equipment / Furnishings","2560","AALA202503192217","door",3,"EMERGENCY EQUIPMENT"
30092,28,"Fuel","2820","AALA202504014605","CND",1,"ACFT FUEL DISTRIB. SYSTEM"
29534,33,"Lights","3350","AALA202504019957","other",1,"EMERGENCY LIGHTING"
30858,33,"Lights","3350","AALA202504011394","other",1,"EMERGENCY LIGHTING"
29560,25,"Equipment / Furnishings","2560","AALA202504017331","other",1,"EMERGENCY EQUIPMENT"
31127,72,"Engine","7260","AALA202504018424","starter",3,"TURBINE ENGINE ACCESSORY DRIVE"
29545,53,"Fuselage","5320","AALA202504072718","other",0,"FUSELAGE MISCELLANEOUS STRUCTURE"
30097,21,"Air Conditioning","2120","AALA202503252772","CND",3,"AIR DISTRIBUTION SYSTEM"
33346,52,"Doors","5250","AALA202503259159","door",0,"FIXED INNER DOORS"
33341,25,"Equipment / Furnishings","2560","AALA202503283151","door",1,"EMERGENCY EQUIPMENT"
33210,55,"Stabilizers","5520","AALA202503287165","other",0,"ELEVATOR STRUCTURE"
31165,32,"Landing Gear","3240","AALA202503100276","control unit",2,"LANDING GEAR BRAKE SYSTEM"
33220,53,"Fuselage","5340","AALA202504015365","hinge",0,"FUSELAGE MAIN, ATTACH FITTINGS"
29574,72,"Engine","7200","AALA202503177136","CND",3,"ENGINE (TURBINE/TURBOPROP)"
31217,25,"Equipment / Furnishings","2560","AALA202503185915","battery",1,"EMERGENCY EQUIPMENT"
29527,33,"Lights","3350","AALA202503064312","other",1,"EMERGENCY LIGHTING"
30828,53,"Fuselage","5320","AALA202503068837","other",0,"FUSELAGE MISCELLANEOUS STRUCTURE"
30084,28,"Fuel","2820","AALA202503060933","CND",3,"ACFT FUEL DISTRIB. SYSTEM"
31172,21,"Air Conditioning","2120","AALA202503147980","filter",3,"AIR DISTRIBUTION SYSTEM"
31099,28,"Fuel","2820","AALA202503189710","relay",1,"ACFT FUEL DISTRIB. SYSTEM"
31171,53,"Fuselage","5320","AALA202505017557","door",0,"FUSELAGE MISCELLANEOUS STRUCTURE"
33488,21,"Air Conditioning","2150","AALA202503192234","CND",3,"CABIN COOLING SYSTEM"
29521,32,"Landing Gear","3240","AALA202503215362","CND",2,"LANDING GEAR BRAKE SYSTEM"
31172,21,"Air Conditioning","2120","AALA202503140187","filter",3,"AIR DISTRIBUTION SYSTEM"
40583,27,"Flight Controls","2750","AALA202503033265","other",3,"TE FLAP CONTROL SYSTEM"
33226,52,"Doors","5250","AALA202504010874","latch",0,"FIXED INNER DOORS"
33338,33,"Lights","3350","AALA202504012535","other",1,"EMERGENCY LIGHTING"
30907,33,"Lights","3350","AALA202503032779","other",1,"EMERGENCY LIGHTING"
33210,55,"Stabilizers","5510","AALA202503246930","other",0,"HORIZONTAL STABILIZER STRUCTURE"
31127,21,"Air Conditioning","2120","AALA202503242397","CND",3,"AIR DISTRIBUTION SYSTEM"
33226,25,"Equipment / Furnishings","2560","AALA202503250987","door",1,"EMERGENCY EQUIPMENT"
29529,52,"Doors","5210","AALA202503283207","latch",0,"PASSENGER/CREW DOORS"
31218,73,"Engine - Fuel And Control","7320","AALA202504010627","servo",3,"FUEL CONTROLLING SYSTEM"
33212,57,"Wings","5710","AALA202504018365","control rod",0,"WING, MAIN FRAME STRUCTURE"
30599,25,"Equipment / Furnishings","2560","AALA202504019352","CND",1,"EMERGENCY EQUIPMENT"
29577,22,"Auto Flight","2230","AALA202504011855","pack",1,"AUTO THROTTLE SYSTEM"
33248,21,"Air Conditioning","2120","AALA202503077808","CND",3,"AIR DISTRIBUTION SYSTEM"
29521,53,"Fuselage","5320","AALA202503071386","other",0,"FUSELAGE MISCELLANEOUS STRUCTURE"
29521,53,"Fuselage","5320","AALA202503075533","other",0,"FUSELAGE MISCELLANEOUS STRUCTURE"
33229,53,"Fuselage","5310","AALA202503107520","duct",0,"FUSELAGE MAIN, STRUCTURE"
29541,53,"Fuselage","5320","AALA202502078064","other",0,"FUSELAGE MISCELLANEOUS STRUCTURE"
68055,28,"Fuel","2820","AALA202503170626","relay",1,"ACFT FUEL DISTRIB. SYSTEM"
31171,53,"Fuselage","5320","AALA202505054868","panel",0,"FUSELAGE MISCELLANEOUS STRUCTURE"
29517,33,"Lights","3350","AALA202503267076","pack",1,"EMERGENCY LIGHTING"
33486,53,"Fuselage","5320","AALA202503313532","other",0,"FUSELAGE MISCELLANEOUS STRUCTURE"
29573,53,"Fuselage","5320","AALA202503119708","panel",0,"FUSELAGE MISCELLANEOUS STRUCTURE"
31218,73,"Engine - Fuel And Control","7310","AALA202504017775","servo",3,"ENGINE FUEL DISTRIBUTION"
31218,79,"Oil","7900","AALA202504010096","servo",3,"ENGINE OIL SYSTEM (AIRFRAME)"
44477,52,"Doors","5250","AALA202502171444","door",0,"FIXED INNER DOORS"
33488,21,"Air Conditioning","2150","AALA202504012234","acm",3,"CABIN COOLING SYSTEM"
29521,53,"Fuselage","5320","AALA202503072642","other",0,"FUSELAGE MISCELLANEOUS STRUCTURE"
29570,53,"Fuselage","5340","AALA202501145302","hinge",0,"FUSELAGE MAIN, ATTACH FITTINGS"
31169,53,"Fuselage","5320","AALA202504072622","panel",0,"FUSELAGE MISCELLANEOUS STRUCTURE"
31169,53,"Fuselage","5320","AALA202504076849","panel",0,"FUSELAGE MISCELLANEOUS STRUCTURE"
31127,28,"Fuel","2820","AALA202503185090","engine",3,"ACFT FUEL DISTRIB. SYSTEM"
31167,53,"Fuselage","5310","AALA202504015514","other",0,"FUSELAGE MAIN, STRUCTURE"
33486,53,"Fuselage","5320","AALA202504110192","other",0,"FUSELAGE MISCELLANEOUS STRUCTURE"
29574,73,"Engine - Fuel And Control","7320","AALA202503217959","switch",3,"FUEL CONTROLLING SYSTEM"
31280,22,"Auto Flight","2210","AALA202503245084","computer",3,"AUTOPILOT SYSTEM"
44469,52,"Doors","5250","AALA202503258055","door",0,"FIXED INNER DOORS"
44473,25,"Equipment / Furnishings","2560","AALA202503265857","door",1,"EMERGENCY EQUIPMENT"
31167,53,"Fuselage","5320","AALA202503264549","other",0,"FUSELAGE MISCELLANEOUS STRUCTURE"
31127,21,"Air Conditioning","2120","AALA202503279093","CND",3,"AIR DISTRIBUTION SYSTEM"
29509,33,"Lights","3350","AALA202503035188","other",1,"EMERGENCY LIGHTING"
33248,25,"Equipment / Furnishings","2560","AALA202504012627","pack",1,"EMERGENCY EQUIPMENT"
33486,53,"Fuselage","5320","AALA202504020324","panel",0,"FUSELAGE MISCELLANEOUS STRUCTURE"
30080,72,"Engine","7200","AALA202506043726","engine",3,"ENGINE (TURBINE/TURBOPROP)"
29574,53,"Fuselage","5320","AALA202503109444","other",0,"FUSELAGE MISCELLANEOUS STRUCTURE"
68055,28,"Fuel","2820","AALA202503100626","CND",1,"ACFT FUEL DISTRIB. SYSTEM"
31153,34,"Navigation","3420","AALA202503177691","other",3,"ATTITUDE AND DIRECTION DATA SYSTEM"
33220,32,"Landing Gear","3240","AALA202503103669","brake",3,"LANDING GEAR BRAKE SYSTEM"
31169,53,"Fuselage","5310","AALA202504072800","other",0,"FUSELAGE MAIN, STRUCTURE"
31171,25,"Equipment / Furnishings","2560","AALA202504078201","door",1,"EMERGENCY EQUIPMENT"
31171,53,"Fuselage","5320","AALA202505014126","other",0,"FUSELAGE MISCELLANEOUS STRUCTURE"
31147,25,"Equipment / Furnishings","2560","AALA202503183561","battery",1,"EMERGENCY EQUIPMENT"
33210,55,"Stabilizers","5510","AALA202503193804","other",0,"HORIZONTAL STABILIZER STRUCTURE"
31171,53,"Fuselage","5320","AALA202505017498","panel",0,"FUSELAGE MISCELLANEOUS STRUCTURE"
31149,27,"Flight Controls","2730","AALA202506045074","duct",3,"ELEVATOR CONTROL SYSTEM"
29515,52,"Doors","5250","AALA202503255498","CND",0,"FIXED INNER DOORS"
31167,53,"Fuselage","5320","AALA202504152377","panel",0,"FUSELAGE MISCELLANEOUS STRUCTURE"
31167,53,"Fuselage","5320","AALA202504151428","panel",0,"FUSELAGE MISCELLANEOUS STRUCTURE"
44466,27,"Flight Controls","2780","AALA202503279753","sensor",3,"LE SLAT CONTROL SYSTEM"
33338,33,"Lights","3350","AALA202503286402","other",1,"EMERGENCY LIGHTING"
33212,53,"Fuselage","5340","AALA202503284486","panel",0,"FUSELAGE MAIN, ATTACH FITTINGS"
33227,55,"Stabilizers","5530","AALA202504019094","other",0,"VERTICAL STABILIZER STRUCTURE"
33321,53,"Fuselage","5320","AALA202503052737","other",0,"FUSELAGE MISCELLANEOUS STRUCTURE"
29549,25,"Equipment / Furnishings","2560","AALA202503060481","pack",1,"EMERGENCY EQUIPMENT"
31091,52,"Doors","5250","AALA202502038547","door",0,"FIXED INNER DOORS"
29530,53,"Fuselage","5340","AALA202503064441","hinge",0,"FUSELAGE MAIN, ATTACH FITTINGS"
44506,21,"Air Conditioning","2130","AALA202503086361","valve",3,"CABIN PRESSURE CONTROL SYSTEM"
31139,72,"Engine","7200","AALA202505290407","engine",3,"ENGINE (TURBINE/TURBOPROP)"
30910,52,"Doors","5210","AALA202503102890","door",0,"PASSENGER/CREW DOORS"
33323,52,"Doors","5250","AALA202503119886","door",0,"FIXED INNER DOORS"
33521,53,"Fuselage","5330","AALA202504042604","panel",0,"FUSELAGE MAIN, PLATE/SKIN"
29545,53,"Fuselage","5310","AALA202504078448","other",0,"FUSELAGE MAIN, STRUCTURE"
33203,52,"Doors","5250","AALA202503137486","door",0,"FIXED INNER DOORS"
31169,53,"Fuselage","5320","AALA202504099059","other",0,"FUSELAGE MISCELLANEOUS STRUCTURE"
29519,25,"Equipment / Furnishings","2530","AALA202503119386","oven",1,"BUFFET/GALLEYS"
44490,52,"Doors","5250","AALA202502247843","door",0,"FIXED INNER DOORS"
29518,56,"Windows","5620","AALA202504097177","window",0,"PASSENGER COMPARTMENT WINDOWS"
30906,53,"Fuselage","5320","AALA202503188661","wheel",0,"FUSELAGE MISCELLANEOUS STRUCTURE"
31111,25,"Equipment / Furnishings","2560","AALA202503187469","battery",1,"EMERGENCY EQUIPMENT"
33486,53,"Fuselage","5320","AALA202504300562","panel",0,"FUSELAGE MISCELLANEOUS STRUCTURE"
30092,29,"Hydraulic Power","2910","AALA202504010914","pack",3,"HYDRAULIC SYSTEM, MAIN"
31171,53,"Fuselage","5320","AALA202505016560","panel",0,"FUSELAGE MISCELLANEOUS STRUCTURE"
30906,25,"Equipment / Furnishings","2560","AALA202503191855","door",1,"EMERGENCY EQUIPMENT"
30092,38,"Water / Waste","3810","AALA202503214835","tire",3,"POTABLE WATER SYSTEM"
30088,25,"Equipment / Furnishings","2560","AALA202503256729","CND",1,"EMERGENCY EQUIPMENT"
31089,52,"Doors","5250","AALA202503256821","door",0,"FIXED INNER DOORS"
30828,55,"Stabilizers","5510","AALA202503287898","actuator",0,"HORIZONTAL STABILIZER STRUCTURE"
33210,55,"Stabilizers","5510","AALA202503280189","other",0,"HORIZONTAL STABILIZER STRUCTURE"
33210,57,"Wings","5750","AALA202503287788","other",0,"WING, CONTROL SURFACES"
30091,25,"Equipment / Furnishings","2560","AALA202503282141","other",1,"EMERGENCY EQUIPMENT"
31097,25,"Equipment / Furnishings","2560","AALA202504011898","door",1,"EMERGENCY EQUIPMENT"
40581,33,"Lights","3350","AALA202504016557","door",1,"EMERGENCY LIGHTING"
33486,53,"Fuselage","5320","AALA202504021818","panel",0,"FUSELAGE MISCELLANEOUS STRUCTURE"
30828,53,"Fuselage","5320","AALA202503066069","panel",0,"FUSELAGE MISCELLANEOUS STRUCTURE"
31205,25,"Equipment / Furnishings","2560","AALA202503100330","pack",1,"EMERGENCY EQUIPMENT"
31135,28,"Fuel","2820","AALA202503101870","CND",1,"ACFT FUEL DISTRIB. SYSTEM"
29536,52,"Doors","5250","AALA202503110234","door",0,"FIXED INNER DOORS"
29545,53,"Fuselage","5310","AALA202504074882","other",0,"FUSELAGE MAIN, STRUCTURE"
31171,53,"Fuselage","5320","AALA202504073729","panel",0,"FUSELAGE MISCELLANEOUS STRUCTURE"
33227,55,"Stabilizers","5530","AALA202503289094","CND",0,"VERTICAL STABILIZER STRUCTURE"
31171,53,"Fuselage","5320","AALA202505014157","panel",0,"FUSELAGE MISCELLANEOUS STRUCTURE"
29559,25,"Equipment / Furnishings","2560","AALA202503202812","battery",1,"EMERGENCY EQUIPMENT"
33220,52,"Doors","5250","AALA202503202018","latch",0,"FIXED INNER DOORS"
31171,53,"Fuselage","5320","AALA202505057338","panel",0,"FUSELAGE MISCELLANEOUS STRUCTURE"
31280,22,"Auto Flight","2210","AALA202503248669","computer",3,"AUTOPILOT SYSTEM"
33348,33,"Lights","3350","AALA202503274776","other",1,"EMERGENCY LIGHTING"
31230,33,"Lights","3350","AALA202503258691","battery",1,"EMERGENCY LIGHTING"
31167,53,"Fuselage","5310","AALA202503311000","other",0,"FUSELAGE MAIN, STRUCTURE"
29521,53,"Fuselage","5320","AALA202503076253","other",0,"FUSELAGE MISCELLANEOUS STRUCTURE"
29577,22,"Auto Flight","2230","AALA202504018371","pack",1,"AUTO THROTTLE SYSTEM"
33212,54,"Nacelles/Pylons","5410","AALA202504017850","strut",0,"NACELLE/PYLON, MAIN FRAME"
33226,52,"Doors","5250","AALA202504019348","door",0,"FIXED INNER DOORS"
31169,53,"Fuselage","5320","AALA202504075400","other",0,"FUSELAGE MISCELLANEOUS STRUCTURE"
29521,53,"Fuselage","5320","AALA202503072085","other",0,"FUSELAGE MISCELLANEOUS STRUCTURE"
44462,33,"Lights","3350","AALA202505082414","other",1,"EMERGENCY LIGHTING"
31099,28,"Fuel","2820","AALA202503170268","pump",1,"ACFT FUEL DISTRIB. SYSTEM"
31172,21,"Air Conditioning","2120","AALA202503142759","filter",3,"AIR DISTRIBUTION SYSTEM"
30828,53,"Fuselage","5320","AALA202503243982","other",0,"FUSELAGE MISCELLANEOUS STRUCTURE"
29517,25,"Equipment / Furnishings","2560","AALA202503262196","pack",1,"EMERGENCY EQUIPMENT"
33248,57,"Wings","5730","AALA202503283815","engine",0,"WING, PLATES/SKINS"
31167,53,"Fuselage","5320","AALA202504015410","other",0,"FUSELAGE MISCELLANEOUS STRUCTURE"
68055,25,"Equipment / Furnishings","2560","AALA202504014593","door",1,"EMERGENCY EQUIPMENT"
33486,53,"Fuselage","5320","AALA202504020430","door",0,"FUSELAGE MISCELLANEOUS STRUCTURE"
31167,53,"Fuselage","5320","AALA202504028257","other",0,"FUSELAGE MISCELLANEOUS STRUCTURE"
29564,52,"Doors","5250","AALA202503100492","door",0,"FIXED INNER DOORS"
31169,53,"Fuselage","5320","AALA202504070317","other",0,"FUSELAGE MISCELLANEOUS STRUCTURE"
29507,32,"Landing Gear","3240","AALA202503128282","control unit",2,"LANDING GEAR BRAKE SYSTEM"
31171,53,"Fuselage","5320","AALA202504078346","other",0,"FUSELAGE MISCELLANEOUS STRUCTURE"
29545,53,"Fuselage","5320","AALA202504112044","panel",0,"FUSELAGE MISCELLANEOUS STRUCTURE"
33230,52,"Doors","5250","AALA202503187371","switch",0,"FIXED INNER DOORS"
33486,53,"Fuselage","5320","AALA202504027389","panel",0,"FUSELAGE MISCELLANEOUS STRUCTURE"
31269,25,"Equipment / Furnishings","2560","AALA202504118352","door",1,"EMERGENCY EQUIPMENT"
29536,21,"Air Conditioning","2130","AALA202503202283","valve",3,"CABIN PRESSURE CONTROL SYSTEM"
31089,53,"Fuselage","5330","AALA202503078982","other",0,"FUSELAGE MAIN, PLATE/SKIN"
29573,53,"Fuselage","5320","AALA202503059900","other",0,"FUSELAGE MISCELLANEOUS STRUCTURE"
67990,25,"Equipment / Furnishings","2560","AALA202504016753","CND",1,"EMERGENCY EQUIPMENT"
30097,22,"Auto Flight","2210","AALA202504014312","switch",3,"AUTOPILOT SYSTEM"
29575,25,"Equipment / Furnishings","2560","AALA202503217979","door",1,"EMERGENCY EQUIPMENT"
31169,53,"Fuselage","5320","AALA202504072378","panel",0,"FUSELAGE MISCELLANEOUS STRUCTURE"
44468,25,"Equipment / Furnishings","2560","AALA202503145802","battery",1,"EMERGENCY EQUIPMENT"
31277,33,"Lights","3350","AALA202503260192","other",1,"EMERGENCY LIGHTING"
29536,21,"Air Conditioning","2130","AALA202503177539","CND",3,"CABIN PRESSURE CONTROL SYSTEM"
31097,32,"Landing Gear","3240","AALA202503170275","CND",2,"LANDING GEAR BRAKE SYSTEM"
29574,72,"Engine","7200","AALA202503187136","engine",3,"ENGINE (TURBINE/TURBOPROP)"
33327,21,"Air Conditioning","2150","AALA202503185879","pack",3,"CABIN COOLING SYSTEM"
29545,53,"Fuselage","5320","AALA202504072790","other",0,"FUSELAGE MISCELLANEOUS STRUCTURE"
29528,52,"Doors","5250","AALA202503256647","door",0,"FIXED INNER DOORS"
30088,25,"Equipment / Furnishings","2560","AALA202503253033","CND",1,"EMERGENCY EQUIPMENT"
31167,53,"Fuselage","5320","AALA202504151135","panel",0,"FUSELAGE MISCELLANEOUS STRUCTURE"
29524,52,"Doors","5210","AALA202503279878","door",3,"PASSENGER/CREW DOORS"
30088,33,"Lights","3350","AALA202503030054","other",1,"EMERGENCY LIGHTING"
30089,25,"Equipment / Furnishings","2560","AALA202503049335","door",1,"EMERGENCY EQUIPMENT"
29569,55,"Stabilizers","5510","AALA202503040928","other",0,"HORIZONTAL STABILIZER STRUCTURE"
33486,53,"Fuselage","5320","AALA202504020562","panel",0,"FUSELAGE MISCELLANEOUS STRUCTURE"
29521,53,"Fuselage","5320","AALA202503128791","other",0,"FUSELAGE MISCELLANEOUS STRUCTURE"
31196,25,"Equipment / Furnishings","2560","AALA202501273286","door",1,"EMERGENCY EQUIPMENT"
30083,25,"Equipment / Furnishings","2560","AALA202503176445","battery",1,"EMERGENCY EQUIPMENT"
30091,53,"Fuselage","5300","AALA202503190171","other",0,"FUSELAGE STRUCTURE (GENERAL)"
31171,53,"Fuselage","5310","AALA202505015446","other",0,"FUSELAGE MAIN, STRUCTURE"
33321,52,"Doors","5210","AALA202503207109","door",0,"PASSENGER/CREW DOORS"
31171,53,"Fuselage","5320","AALA202505053509","panel",0,"FUSELAGE MISCELLANEOUS STRUCTURE"
30906,52,"Doors","5210","AALA202503148356","door",0,"PASSENGER/CREW DOORS"
40762,32,"Landing Gear","3230","AALA202503144907","CND",3,"LANDING GEAR RETRACT/EXTEND SYSTEM"
31171,53,"Fuselage","5310","AALA202504140773","other",0,"FUSELAGE MAIN, STRUCTURE"
33210,55,"Stabilizers","5520","AALA202503280295","other",0,"ELEVATOR STRUCTURE"
33486,53,"Fuselage","5320","AALA202503313010","other",0,"FUSELAGE MISCELLANEOUS STRUCTURE"
31160,28,"Fuel","2820","AALA202504016347","CND",1,"ACFT FUEL DISTRIB. SYSTEM"
31127,72,"Engine","7260","AALA202504012799","starter",3,"TURBINE ENGINE ACCESSORY DRIVE"
33321,53,"Fuselage","5320","AALA202503055432","other",0,"FUSELAGE MISCELLANEOUS STRUCTURE"
31081,52,"Doors","5210","AALA202503061617","latch",0,"PASSENGER/CREW DOORS"
29521,53,"Fuselage","5320","AALA202503074015","other",0,"FUSELAGE MISCELLANEOUS STRUCTURE"
29541,52,"Doors","5240","AALA202503105936","CND",0,"SERVICE DOORS"
30089,25,"Equipment / Furnishings","2560","AALA202503107669","door",1,"EMERGENCY EQUIPMENT"
31257,33,"Lights","3350","AALA202503100655","door",1,"EMERGENCY LIGHTING"
29545,53,"Fuselage","5320","AALA202504077577","other",0,"FUSELAGE MISCELLANEOUS STRUCTURE"
33229,53,"Fuselage","5320","AALA202503139685","other",0,"FUSELAGE MISCELLANEOUS STRUCTURE"
29523,52,"Doors","5250","AALA202505087040","CND",0,"FIXED INNER DOORS"
30828,53,"Fuselage","5310","AALA202503170747","panel",0,"FUSELAGE MAIN, STRUCTURE"
31167,53,"Fuselage","5320","AALA202504153747","panel",0,"FUSELAGE MISCELLANEOUS STRUCTURE"
29518,56,"Windows","5620","AALA202504096930","window",0,"PASSENGER COMPARTMENT WINDOWS"
44481,53,"Fuselage","5340","AALA202503185001","hinge",0,"FUSELAGE MAIN, ATTACH FITTINGS"
29536,21,"Air Conditioning","2130","AALA202503207539","valve",3,"CABIN PRESSURE CONTROL SYSTEM"
44459,52,"Doors","5250","AALA202503215642","door",0,"FIXED INNER DOORS"
33210,55,"Stabilizers","5510","AALA202503248097","other",0,"HORIZONTAL STABILIZER STRUCTURE"
31171,53,"Fuselage","5320","AALA202504141047","panel",0,"FUSELAGE MISCELLANEOUS STRUCTURE"
44464,25,"Equipment / Furnishings","2560","AALA202503288726","door",1,"EMERGENCY EQUIPMENT"
29507,52,"Doors","5250","AALA202504014712","panel",0,"FIXED INNER DOORS"
30098,33,"Lights","3350","AALA202504014178","door",1,"EMERGENCY LIGHTING"
31139,25,"Equipment / Furnishings","2560","AALA202505293346","door",1,"EMERGENCY EQUIPMENT"
30916,21,"Air Conditioning","2150","AALA202502283678","module",2,"CABIN COOLING SYSTEM"
29573,53,"Fuselage","5320","AALA202503110135","other",0,"FUSELAGE MISCELLANEOUS STRUCTURE"
40584,52,"Doors","5250","AALA202503115737","latch",0,"FIXED INNER DOORS"
33248,53,"Fuselage","5340","AALA202504043245","other",0,"FUSELAGE MAIN, ATTACH FITTINGS"
31139,72,"Engine","7200","AALA202503170407","CND",3,"ENGINE (TURBINE/TURBOPROP)"
44452,57,"Wings","5750","AALA202503189083","other",0,"WING, CONTROL SURFACES"
31171,53,"Fuselage","5320","AALA202505013406","panel",0,"FUSELAGE MISCELLANEOUS STRUCTURE"
31077,25,"Equipment / Furnishings","2560","AALA202503146105","door",1,"EMERGENCY EQUIPMENT"
31171,53,"Fuselage","5320","AALA202504142622","other",0,"FUSELAGE MISCELLANEOUS STRUCTURE"
31133,52,"Doors","5250","AALA202503254063","door",0,"FIXED INNER DOORS"
31167,53,"Fuselage","5320","AALA202504157700","panel",0,"FUSELAGE MISCELLANEOUS STRUCTURE"
29570,26,"Fire Protection","2610","AALA202503271708","other",2,"DETECTION SYSTEM"
44458,33,"Lights","3350","AALA202503271780","other",1,"EMERGENCY LIGHTING"
30093,53,"Fuselage","5340","AALA202505062999","other",0,"FUSELAGE MAIN, ATTACH FITTINGS"
31228,33,"Lights","3350","AALA202503034795","other",1,"EMERGENCY LIGHTING"
33210,55,"Stabilizers","5510","AALA202503280800","other",0,"HORIZONTAL STABILIZER STRUCTURE"
30912,52,"Doors","5250","AALA202503288589","door",0,"FIXED INNER DOORS"
33248,54,"Nacelles/Pylons","5410","AALA202503284914","engine",0,"NACELLE/PYLON, MAIN FRAME"
44508,56,"Windows","5610","AALA202503072551","window",0,"FLIGHT COMPARTMENT WINDOWS"
30828,55,"Stabilizers","5510","AALA202504033318","panel",0,"HORIZONTAL STABILIZER STRUCTURE"
29557,25,"Equipment / Furnishings","2560","AALA202503076248","door",1,"EMERGENCY EQUIPMENT"
29539,52,"Doors","5250","AALA202503108074","door",0,"FIXED INNER DOORS"
29545,53,"Fuselage","5310","AALA202504071440","other",0,"FUSELAGE MAIN, STRUCTURE"
29545,53,"Fuselage","5310","AALA202504071714","other",0,"FUSELAGE MAIN, STRUCTURE"
29539,25,"Equipment / Furnishings","2560","AALA202503127435","door",1,"EMERGENCY EQUIPMENT"
31099,28,"Fuel","2820","AALA202503138083","switch",1,"ACFT FUEL DISTRIB. SYSTEM"
30091,53,"Fuselage","5310","AALA202503187033","other",0,"FUSELAGE MAIN, STRUCTURE"
31167,53,"Fuselage","5320","AALA202503194246","other",0,"FUSELAGE MISCELLANEOUS STRUCTURE"
31139,25,"Equipment / Furnishings","2560","AALA202503193346","CND",3,"EMERGENCY EQUIPMENT"
31171,53,"Fuselage","5320","AALA202505019031","panel",0,"FUSELAGE MISCELLANEOUS STRUCTURE"
44506,52,"Doors","5210","AALA202503201017","door",3,"PASSENGER/CREW DOORS"
31272,27,"Flight Controls","2750","AALA202503247533","other",3,"TE FLAP CONTROL SYSTEM"
31172,26,"Fire Protection","2610","AALA202503247684","other",3,"DETECTION SYSTEM"
31171,53,"Fuselage","5310","AALA202504144487","other",0,"FUSELAGE MAIN, STRUCTURE"
31167,53,"Fuselage","5320","AALA202503264538","other",0,"FUSELAGE MISCELLANEOUS STRUCTURE"
33492,52,"Doors","5270","AALA202503280021","CND",3,"DOOR WARNING SYSTEM"
31137,33,"Lights","3350","AALA202510237179","other",1,"EMERGENCY LIGHTING"
33212,53,"Fuselage","5330","AALA202503288480","panel",0,"FUSELAGE MAIN, PLATE/SKIN"
33521,25,"Equipment / Furnishings","2560","AALA202503283425","other",1,"EMERGENCY EQUIPMENT"
31189,28,"Fuel","2840","AALA202504018596","CND",3,"ACFT FUEL INDICATING SYSTEM"
30088,25,"Equipment / Furnishings","2560","AALA202504013033","door",1,"EMERGENCY EQUIPMENT"
29521,53,"Fuselage","5320","AALA202503073650","other",0,"FUSELAGE MISCELLANEOUS STRUCTURE"
31083,21,"Air Conditioning","2150","AALA202503126135","duct",3,"CABIN COOLING SYSTEM"
31163,53,"Fuselage","5320","AALA202501312441","panel",0,"FUSELAGE MISCELLANEOUS STRUCTURE"
30828,53,"Fuselage","5320","AALA202503213169","other",0,"FUSELAGE MISCELLANEOUS STRUCTURE"
30092,53,"Fuselage","5320","AALA202501276016","other",0,"FUSELAGE MISCELLANEOUS STRUCTURE"
31269,33,"Lights","3350","AALA202501272164","door",1,"EMERGENCY LIGHTING"
31161,53,"Fuselage","5320","AALA202501143824","panel",0,"FUSELAGE MISCELLANEOUS STRUCTURE"
30912,52,"Doors","5200","AALA202501245089","door",0,"DOORS"
33247,53,"Fuselage","5310","AALA202502035745","door",0,"FUSELAGE MAIN, STRUCTURE"
31231,57,"Wings","5720","AALA202502035913","other",0,"WING MISCELLANEOUS STRUCTURE"
33337,53,"Fuselage","5310","AALA202502038379","latch",0,"FUSELAGE MAIN, STRUCTURE"
31163,53,"Fuselage","5320","AALA202502064880","panel",0,"FUSELAGE MISCELLANEOUS STRUCTURE"
31163,53,"Fuselage","5320","AALA202502065867","panel",0,"FUSELAGE MISCELLANEOUS STRUCTURE"
31165,53,"Fuselage","5320","AALA202502219074","panel",0,"FUSELAGE MISCELLANEOUS STRUCTURE"
30092,53,"Fuselage","5320","AALA202501220752","other",0,"FUSELAGE MISCELLANEOUS STRUCTURE"
31167,72,"Engine","7260","AALA202501309832","other",3,"TURBINE ENGINE ACCESSORY DRIVE"
40584,52,"Doors","5250","AALA202501301365","panel",0,"FIXED INNER DOORS"
44491,25,"Equipment / Furnishings","2530","AALA202501174081","oven",1,"BUFFET/GALLEYS"
29511,53,"Fuselage","5320","AALA202502031003","other",0,"FUSELAGE MISCELLANEOUS STRUCTURE"
29511,53,"Fuselage","5320","AALA202502030169","other",0,"FUSELAGE MISCELLANEOUS STRUCTURE"
33346,33,"Lights","3350","AALA202501075864","other",1,"EMERGENCY LIGHTING"
33314,52,"Doors","5250","AALA202501073698","door",0,"FIXED INNER DOORS"
31079,33,"Lights","3350","AALA202501035620","other",1,"EMERGENCY LIGHTING"
31141,49,"Airborne Auxiliary Power","4950","AALA202501084835","CND",3,"APU BLEED AIR SYSTEM"
44458,29,"Hydraulic Power","2910","AALA202501130507","CND",3,"HYDRAULIC SYSTEM, MAIN"
31157,28,"Fuel","2820","AALA202501222158","CND",3,"ACFT FUEL DISTRIB. SYSTEM"
29541,53,"Fuselage","5320","AALA202501314100","other",0,"FUSELAGE MISCELLANEOUS STRUCTURE"
29531,33,"Lights","3350","AALA202501096616","other",1,"EMERGENCY LIGHTING"
30092,49,"Airborne Auxiliary Power","4910","AALA202501290370","apu component",0,"APU COWLING/CONTAINMENT"
31158,25,"Equipment / Furnishings","2560","AALA202502241517","door",1,"EMERGENCY EQUIPMENT"
31163,53,"Fuselage","5320","AALA202502066168","other",0,"FUSELAGE MISCELLANEOUS STRUCTURE"
68099,52,"Doors","5250","AALA202501064667","switch",0,"FIXED INNER DOORS"
31261,33,"Lights","3350","AALA202501084652","door",1,"EMERGENCY LIGHTING"
29542,55,"Stabilizers","5510","AALA202501091769","other",0,"HORIZONTAL STABILIZER STRUCTURE"
30091,53,"Fuselage","5320","AALA202502199439","other",0,"FUSELAGE MISCELLANEOUS STRUCTURE"
31085,53,"Fuselage","5310","AALA202502170750","door",0,"FUSELAGE MAIN, STRUCTURE"
30089,53,"Fuselage","5310","AALA202502106973","other",0,"FUSELAGE MAIN, STRUCTURE"
33344,52,"Doors","5250","AALA202501156986","door",0,"FIXED INNER DOORS"
33319,52,"Doors","5250","AALA202501167797","door",0,"FIXED INNER DOORS"
44476,52,"Doors","5250","AALA202501223301","latch",0,"FIXED INNER DOORS"
33219,25,"Equipment / Furnishings","2560","AALA202501234465","battery",1,"EMERGENCY EQUIPMENT"
31163,53,"Fuselage","5320","AALA202501246043","other",0,"FUSELAGE MISCELLANEOUS STRUCTURE"
31081,28,"Fuel","2840","AALA202501157877","compensator",3,"ACFT FUEL INDICATING SYSTEM"
40762,25,"Equipment / Furnishings","2560","AALA202501175149","battery",1,"EMERGENCY EQUIPMENT"
29539,53,"Fuselage","5320","AALA202505079079","door",0,"FUSELAGE MISCELLANEOUS STRUCTURE"
30088,27,"Flight Controls","2750","AALA202501220001","CND",3,"TE FLAP CONTROL SYSTEM"
31163,53,"Fuselage","5320","AALA202502048515","panel",0,"FUSELAGE MISCELLANEOUS STRUCTURE"
30910,55,"Stabilizers","5510","AALA202501136045","other",0,"HORIZONTAL STABILIZER STRUCTURE"
33334,25,"Equipment / Furnishings","2560","AALA202501133501","door",1,"EMERGENCY EQUIPMENT"
29505,32,"Landing Gear","3260","AALA202501231176","sensor",3,"LANDING GEAR POSITION AND WARNING"
31185,52,"Doors","5250","AALA202501231577","door",0,"FIXED INNER DOORS"
29541,53,"Fuselage","5340","AALA202501314775","other",0,"FUSELAGE MAIN, ATTACH FITTINGS"
29541,53,"Fuselage","5320","AALA202501311097","other",0,"FUSELAGE MISCELLANEOUS STRUCTURE"
31163,53,"Fuselage","5320","AALA202501310640","panel",0,"FUSELAGE MISCELLANEOUS STRUCTURE"
29542,28,"Fuel","2840","AALA202502034535","CND",1,"ACFT FUEL INDICATING SYSTEM"
31165,53,"Fuselage","5320","AALA202502143517","door",0,"FUSELAGE MISCELLANEOUS STRUCTURE"
31163,53,"Fuselage","5320","AALA202502067082","panel",0,"FUSELAGE MISCELLANEOUS STRUCTURE"
30092,53,"Fuselage","5320","AALA202502041564","apu component",0,"FUSELAGE MISCELLANEOUS STRUCTURE"
33228,53,"Fuselage","5320","AALA202502035428","other",0,"FUSELAGE MISCELLANEOUS STRUCTURE"
33345,25,"Equipment / Furnishings","2560","AALA202501134004","door",1,"EMERGENCY EQUIPMENT"
40766,28,"Fuel","2820","AALA202501131623","CND",1,"ACFT FUEL DISTRIB. SYSTEM"
30912,33,"Lights","3350","AALA202501289075","other",1,"EMERGENCY LIGHTING"
29525,28,"Fuel","2820","AALA202501132199","pump",1,"ACFT FUEL DISTRIB. SYSTEM"
31163,53,"Fuselage","5320","AALA202501231472","other",0,"FUSELAGE MISCELLANEOUS STRUCTURE"
30090,52,"Doors","5250","AALA202501223181","latch",0,"FIXED INNER DOORS"
31196,21,"Air Conditioning","2120","AALA202501225425","pack",3,"AIR DISTRIBUTION SYSTEM"
29512,33,"Lights","3350","AALA202501145414","other",1,"EMERGENCY LIGHTING"
68103,33,"Lights","3350","AALA202501226236","door",1,"EMERGENCY LIGHTING"
31157,28,"Fuel","2820","AALA202501272158","pump",3,"ACFT FUEL DISTRIB. SYSTEM"
31165,52,"Doors","5250","AALA202501249100","door",0,"FIXED INNER DOORS"
30091,55,"Stabilizers","5510","AALA202502256247","other",0,"HORIZONTAL STABILIZER STRUCTURE"
44447,33,"Lights","3350","AALA202501302137","other",1,"EMERGENCY LIGHTING"
29511,53,"Fuselage","5320","AALA202502037186","other",0,"FUSELAGE MISCELLANEOUS STRUCTURE"
29523,53,"Fuselage","5340","AALA202501145094","hinge",0,"FUSELAGE MAIN, ATTACH FITTINGS"
30092,52,"Doors","5210","AALA202501139787","door",0,"PASSENGER/CREW DOORS"
30092,53,"Fuselage","5320","AALA202501217264","other",0,"FUSELAGE MISCELLANEOUS STRUCTURE"
31163,53,"Fuselage","5320","AALA202501216431","other",0,"FUSELAGE MISCELLANEOUS STRUCTURE"
29542,28,"Fuel","2820","AALA202501309860","valve",3,"ACFT FUEL DISTRIB. SYSTEM"
31157,28,"Fuel","2840","AALA202501155255","CND",1,"ACFT FUEL INDICATING SYSTEM"
31208,52,"Doors","5250","AALA202505093549","CND",0,"FIXED INNER DOORS"
29559,33,"Lights","3350","AALA202501076204","panel",1,"EMERGENCY LIGHTING"
44458,72,"Engine","7260","AALA202501246707","engine",3,"TURBINE ENGINE ACCESSORY DRIVE"
33228,53,"Fuselage","5320","AALA202501277921","other",0,"FUSELAGE MISCELLANEOUS STRUCTURE"
30092,53,"Fuselage","5320","AALA202501215611","other",0,"FUSELAGE MISCELLANEOUS STRUCTURE"
31163,53,"Fuselage","5320","AALA202501217077","door",0,"FUSELAGE MISCELLANEOUS STRUCTURE"
31163,53,"Fuselage","5320","AALA202501226471","other",0,"FUSELAGE MISCELLANEOUS STRUCTURE"
29511,53,"Fuselage","5320","AALA202502031867","other",0,"FUSELAGE MISCELLANEOUS STRUCTURE"
33228,53,"Fuselage","5320","AALA202502031480","panel",0,"FUSELAGE MISCELLANEOUS STRUCTURE"
33228,53,"Fuselage","5310","AALA202502039453","other",0,"FUSELAGE MAIN, STRUCTURE"
29546,28,"Fuel","2840","AALA202502033759","switch",1,"ACFT FUEL INDICATING SYSTEM"
31165,53,"Fuselage","5320","AALA202502211172","panel",0,"FUSELAGE MISCELLANEOUS STRUCTURE"
30092,53,"Fuselage","5320","AALA202502049124","panel",0,"FUSELAGE MISCELLANEOUS STRUCTURE"
31085,57,"Wings","5720","AALA202502103228","panel",0,"WING MISCELLANEOUS STRUCTURE"
29541,53,"Fuselage","5320","AALA202502067291","other",0,"FUSELAGE MISCELLANEOUS STRUCTURE"
29541,53,"Fuselage","5320","AALA202502061779","other",0,"FUSELAGE MISCELLANEOUS STRUCTURE"
33228,24,"Electrical Power","2420","AALA202501091528","CND",3,"AC GENERATION SYSTEM"
30912,53,"Fuselage","5310","AALA202501138403","door",0,"FUSELAGE MAIN, STRUCTURE"
31230,33,"Lights","3350","AALA202501132209","other",1,"EMERGENCY LIGHTING"
29522,21,"Air Conditioning","2160","AALA202501225269","valve",3,"CABIN TEMPERATURE CONTROL SYSTEM"
31163,53,"Fuselage","5320","AALA202501317735","panel",0,"FUSELAGE MISCELLANEOUS STRUCTURE"
31189,28,"Fuel","2820","AALA202403115924","switch",1,"ACFT FUEL DISTRIB. SYSTEM"
33228,53,"Fuselage","5320","AALA202502036253","panel",0,"FUSELAGE MISCELLANEOUS STRUCTURE"
67989,25,"Equipment / Furnishings","2560","AALA202501062150","other",1,"EMERGENCY EQUIPMENT"
31163,53,"Fuselage","5320","AALA202502064577","other",0,"FUSELAGE MISCELLANEOUS STRUCTURE"
30914,52,"Doors","5210","AALA202501096890","control rod",3,"PASSENGER/CREW DOORS"
30091,55,"Stabilizers","5510","AALA202502259007","other",0,"HORIZONTAL STABILIZER STRUCTURE"
30089,53,"Fuselage","5310","AALA202502108373","other",0,"FUSELAGE MAIN, STRUCTURE"
31230,57,"Wings","5750","AALA202501105352","other",0,"WING, CONTROL SURFACES"
31226,33,"Lights","3320","AALA202501228808","latch",3,"PASSENGER COMPARTMENT LIGHTING"
31236,22,"Auto Flight","2210","AALA202501275284","CND",3,"AUTOPILOT SYSTEM"
30828,25,"Equipment / Furnishings","2560","AALA202501214608","door",1,"EMERGENCY EQUIPMENT"
31085,52,"Doors","5250","AALA202501290750","CND",0,"FIXED INNER DOORS"
31205,25,"Equipment / Furnishings","2560","AALA202501239680","door",1,"EMERGENCY EQUIPMENT"
30092,53,"Fuselage","5320","AALA202501285114","door",0,"FUSELAGE MISCELLANEOUS STRUCTURE"
29542,28,"Fuel","2820","AALA202501304517","valve",3,"ACFT FUEL DISTRIB. SYSTEM"
29531,25,"Equipment / Furnishings","2560","AALA202501217844","battery",1,"EMERGENCY EQUIPMENT"
29511,53,"Fuselage","5320","AALA202502034742","other",0,"FUSELAGE MISCELLANEOUS STRUCTURE"
29566,52,"Doors","5250","AALA202501065390","door",0,"FIXED INNER DOORS"
44458,29,"Hydraulic Power","2900","AALA202501136707","CND",3,"HYDRAULIC POWER SYSTEM"
33221,33,"Lights","3350","AALA202501131046","other",1,"EMERGENCY LIGHTING"
31230,33,"Lights","3350","AALA202501135995","door",1,"EMERGENCY LIGHTING"
33228,49,"Airborne Auxiliary Power","4900","AALA202502176351","apu component",3,"AIRBORNE APU SYSTEM"
30088,32,"Landing Gear","3230","AALA202501143387","module",2,"LANDING GEAR RETRACT/EXTEND SYSTEM"
33222,33,"Lights","3350","AALA202501148539","other",1,"EMERGENCY LIGHTING"
30092,55,"Stabilizers","5510","AALA202501294304","other",0,"HORIZONTAL STABILIZER STRUCTURE"
31161,53,"Fuselage","5320","AALA202501088905","other",0,"FUSELAGE MISCELLANEOUS STRUCTURE"
33228,53,"Fuselage","5320","AALA202501275584","other",0,"FUSELAGE MISCELLANEOUS STRUCTURE"
29546,33,"Lights","3350","AALA202501274396","other",1,"EMERGENCY LIGHTING"
29541,53,"Fuselage","5340","AALA202501310272","other",0,"FUSELAGE MAIN, ATTACH FITTINGS"
30091,53,"Fuselage","5320","AALA202502197281","door",0,"FUSELAGE MISCELLANEOUS STRUCTURE"
33337,53,"Fuselage","5310","AALA202502034999","door",0,"FUSELAGE MAIN, STRUCTURE"
29567,52,"Doors","5250","AALA202501021168","latch",0,"FIXED INNER DOORS"
30090,53,"Fuselage","5330","AALA202501033236","other",0,"FUSELAGE MAIN, PLATE/SKIN"
31165,53,"Fuselage","5320","AALA202502040029","other",0,"FUSELAGE MISCELLANEOUS STRUCTURE"
31095,25,"Equipment / Furnishings","2560","AALA202501067563","other",1,"EMERGENCY EQUIPMENT"
31192,25,"Equipment / Furnishings","2530","AALA202501066056","other",1,"BUFFET/GALLEYS"
31163,53,"Fuselage","5310","AALA202502129558","other",0,"FUSELAGE MAIN, STRUCTURE"
29505,32,"Landing Gear","3260","AALA202501098881","sensor",3,"LANDING GEAR POSITION AND WARNING"
29557,25,"Equipment / Furnishings","2560","AALA202501105506","other",1,"EMERGENCY EQUIPMENT"
29525,28,"Fuel","2800","AALA202501138435","pump",1,"AIRCRAFT FUEL SYSTEM"
33228,49,"Airborne Auxiliary Power","4900","AALA202502171528","generator",3,"AIRBORNE APU SYSTEM"
31234,52,"Doors","5250","AALA202501274076","latch",0,"FIXED INNER DOORS"
30091,53,"Fuselage","5320","AALA202502210127","other",0,"FUSELAGE MISCELLANEOUS STRUCTURE"
44464,33,"Lights","3350","AALA202501179736","door",1,"EMERGENCY LIGHTING"
33521,28,"Fuel","2820","AALA202403255651","CND",3,"ACFT FUEL DISTRIB. SYSTEM"
33229,53,"Fuselage","5320","AALA202503077210","other",0,"FUSELAGE MISCELLANEOUS STRUCTURE"
29541,53,"Fuselage","5320","AALA202502079318","other",0,"FUSELAGE MISCELLANEOUS STRUCTURE"
31085,33,"Lights","3350","AALA202502174712","other",1,"EMERGENCY LIGHTING"
31085,21,"Air Conditioning","2120","AALA202501229679","valve",3,"AIR DISTRIBUTION SYSTEM"
31158,21,"Air Conditioning","2120","AALA202501274446","CND",3,"AIR DISTRIBUTION SYSTEM"
33208,73,"Engine - Fuel And Control","7320","AALA202501240287","CND",0,"FUEL CONTROLLING SYSTEM"
30092,53,"Fuselage","5320","AALA202502042212","panel",0,"FUSELAGE MISCELLANEOUS STRUCTURE"
31103,33,"Lights","3350","AALA202501030841","door",3,"EMERGENCY LIGHTING"
29505,32,"Landing Gear","3260","AALA202501095374","CND",3,"LANDING GEAR POSITION AND WARNING"
40766,28,"Fuel","2820","AALA202501101623","CND",1,"ACFT FUEL DISTRIB. SYSTEM"
44491,25,"Equipment / Furnishings","2530","AALA202501134081","CND",1,"BUFFET/GALLEYS"
30910,53,"Fuselage","5310","AALA202501151363","other",0,"FUSELAGE MAIN, STRUCTURE"
29558,52,"Doors","5240","AALA202501242871","door",0,"SERVICE DOORS"
30912,52,"Doors","5240","AALA202501240906","latch",0,"SERVICE DOORS"
40584,52,"Doors","5250","AALA202501242913","door",0,"FIXED INNER DOORS"
30083,25,"Equipment / Furnishings","2560","AALA202501280773","door",1,"EMERGENCY EQUIPMENT"
30092,55,"Stabilizers","5510","AALA202501290321","other",0,"HORIZONTAL STABILIZER STRUCTURE"
33228,53,"Fuselage","5310","AALA202501274184","other",0,"FUSELAGE MAIN, STRUCTURE"
31163,53,"Fuselage","5320","AALA202501217306","other",0,"FUSELAGE MISCELLANEOUS STRUCTURE"
30091,55,"Stabilizers","5510","AALA202502253686","other",0,"HORIZONTAL STABILIZER STRUCTURE"
30092,53,"Fuselage","5320","AALA202502049502","other",0,"FUSELAGE MISCELLANEOUS STRUCTURE"
68102,33,"Lights","3350","AALA202501135549","other",1,"EMERGENCY LIGHTING"
31081,28,"Fuel","2820","AALA202501137877","CND",3,"ACFT FUEL DISTRIB. SYSTEM"
31176,52,"Doors","5250","AALA202501143364","door",0,"FIXED INNER DOORS"
29559,53,"Fuselage","5320","AALA202501140601","wheel",0,"FUSELAGE MISCELLANEOUS STRUCTURE"
31165,53,"Fuselage","5310","AALA202502105989","duct",0,"FUSELAGE MAIN, STRUCTURE"
40765,73,"Engine - Fuel And Control","7320","AALA202501229060","switch",0,"FUEL CONTROLLING SYSTEM"
29546,53,"Fuselage","5340","AALA202506198974","door",0,"FUSELAGE MAIN, ATTACH FITTINGS"
30080,33,"Lights","3350","AALA202501063468","CND",1,"EMERGENCY LIGHTING"
31085,21,"Air Conditioning","2120","AALA202501224784","valve",3,"AIR DISTRIBUTION SYSTEM"
29558,53,"Fuselage","5330","AALA202501215768","panel",0,"FUSELAGE MAIN, PLATE/SKIN"
31277,32,"Landing Gear","3230","AALA202501098678","CND",3,"LANDING GEAR RETRACT/EXTEND SYSTEM"
29559,53,"Fuselage","5320","AALA202503282092","wheel",0,"FUSELAGE MISCELLANEOUS STRUCTURE"
29541,53,"Fuselage","5320","AALA202502073975","other",0,"FUSELAGE MISCELLANEOUS STRUCTURE"
30914,52,"Doors","5210","AALA202501076890","CND",3,"PASSENGER/CREW DOORS"
31079,33,"Lights","3350","AALA202501025620","CND",1,"EMERGENCY LIGHTING"
30092,49,"Airborne Auxiliary Power","4910","AALA202502140370","apu component",0,"APU COWLING/CONTAINMENT"
30088,32,"Landing Gear","3230","AALA202501133387","CND",2,"LANDING GEAR RETRACT/EXTEND SYSTEM"
31230,33,"Lights","3350","AALA202501135541","other",1,"EMERGENCY LIGHTING"
30091,53,"Fuselage","5320","AALA202502144740","other",0,"FUSELAGE MISCELLANEOUS STRUCTURE"
31163,53,"Fuselage","5310","AALA202501230263","other",0,"FUSELAGE MAIN, STRUCTURE"
31234,27,"Flight Controls","2760","AALA202501225895","actuator",3,"DRAG CONTROL SYSTEM"
31163,53,"Fuselage","5320","AALA202502065331","panel",0,"FUSELAGE MISCELLANEOUS STRUCTURE"
33228,53,"Fuselage","5320","AALA202501270942","other",0,"FUSELAGE MISCELLANEOUS STRUCTURE"
68115,32,"Landing Gear","3240","AALA202501249678","tire",3,"LANDING GEAR BRAKE SYSTEM"
31111,75,"Bleed Air","7510","AALA202501270231","engine",3,"ENGINE ANTI-ICING SYSTEM"
31163,53,"Fuselage","5320","AALA202501231948","panel",0,"FUSELAGE MISCELLANEOUS STRUCTURE"
40584,52,"Doors","5250","AALA202501319247","door",0,"FIXED INNER DOORS"
33328,52,"Doors","5250","AALA202501312619","CND",0,"FIXED INNER DOORS"
29511,53,"Fuselage","5320","AALA202502033647","other",0,"FUSELAGE MISCELLANEOUS STRUCTURE"
33208,25,"Equipment / Furnishings","2560","AALA202501030802","other",1,"EMERGENCY EQUIPMENT"
31248,28,"Fuel","2820","AALA202502033159","CND",1,"ACFT FUEL DISTRIB. SYSTEM"
31163,53,"Fuselage","5320","AALA202502063680","panel",0,"FUSELAGE MISCELLANEOUS STRUCTURE"
31163,53,"Fuselage","5320","AALA202502069121","panel",0,"FUSELAGE MISCELLANEOUS STRUCTURE"
31163,53,"Fuselage","5320","AALA202502067405","panel",0,"FUSELAGE MISCELLANEOUS STRUCTURE"
31165,53,"Fuselage","5320","AALA202502047392","other",0,"FUSELAGE MISCELLANEOUS STRUCTURE"
30907,52,"Doors","5250","AALA202501061997","door",0,"FIXED INNER DOORS"
44464,34,"Navigation","3410","AALA202501087673","other",3,"FLIGHT ENVIRONMENT DATA"
29542,55,"Stabilizers","5510","AALA202501092498","other",0,"HORIZONTAL STABILIZER STRUCTURE"
30091,53,"Fuselage","5310","AALA202502142368","other",0,"FUSELAGE MAIN, STRUCTURE"
44487,33,"Lights","3350","AALA202501145630","CND",1,"EMERGENCY LIGHTING"
31085,33,"Lights","3350","AALA202502194299","other",1,"EMERGENCY LIGHTING"
44458,29,"Hydraulic Power","2910","AALA202501247485","engine",3,"HYDRAULIC SYSTEM, MAIN"
30912,53,"Fuselage","5310","AALA202501295774","wheel",0,"FUSELAGE MAIN, STRUCTURE"
31167,25,"Equipment / Furnishings","2560","AALA202501232195","door",1,"EMERGENCY EQUIPMENT"
29542,28,"Fuel","2820","AALA202501304927","valve",3,"ACFT FUEL DISTRIB. SYSTEM"
40584,52,"Doors","5250","AALA202501305216","door",0,"FIXED INNER DOORS"
44487,33,"Lights","3350","AALA202501175630","other",1,"EMERGENCY LIGHTING"
31163,53,"Fuselage","5320","AALA202501311726","panel",0,"FUSELAGE MISCELLANEOUS STRUCTURE"
31277,32,"Landing Gear","3230","AALA202501078678","CND",3,"LANDING GEAR RETRACT/EXTEND SYSTEM"
29543,53,"Fuselage","5340","AALA202506232953","other",0,"FUSELAGE MAIN, ATTACH FITTINGS"
33328,53,"Fuselage","5340","AALA202502042619","hinge",0,"FUSELAGE MAIN, ATTACH FITTINGS"
30920,73,"Engine - Fuel And Control","7310","AALA202501034549","CND",3,"ENGINE FUEL DISTRIBUTION"
31165,53,"Fuselage","5320","AALA202502046669","panel",0,"FUSELAGE MISCELLANEOUS STRUCTURE"
29545,32,"Landing Gear","3230","AALA202501065454","module",3,"LANDING GEAR RETRACT/EXTEND SYSTEM"
31192,25,"Equipment / Furnishings","2530","AALA202501065717","other",1,"BUFFET/GALLEYS"
29525,28,"Fuel","2820","AALA202501088435","CND",1,"ACFT FUEL DISTRIB. SYSTEM"
29510,25,"Equipment / Furnishings","2560","AALA202501106804","other",1,"EMERGENCY EQUIPMENT"
31165,53,"Fuselage","5310","AALA202502149234","other",0,"FUSELAGE MAIN, STRUCTURE"
30091,53,"Fuselage","5320","AALA202502143173","other",0,"FUSELAGE MISCELLANEOUS STRUCTURE"
30082,52,"Doors","5220","AALA202501146331","door",3,"EMERGENCY EXITS"
31163,53,"Fuselage","5320","AALA202501230891","other",0,"FUSELAGE MISCELLANEOUS STRUCTURE"
33208,31,"Indicating / Recording System","3120","AALA202501160287","CND",0,"INDEPENDENT INSTRUMENTS (CLOCK, ETC.)"
33229,53,"Fuselage","5320","AALA202503129704","panel",0,"FUSELAGE MISCELLANEOUS STRUCTURE"
31085,21,"Air Conditioning","2120","AALA202501229903","valve",3,"AIR DISTRIBUTION SYSTEM"
29559,55,"Stabilizers","5510","AALA202501088506","hinge",0,"HORIZONTAL STABILIZER STRUCTURE"
31165,53,"Fuselage","5310","AALA202502144728","other",0,"FUSELAGE MAIN, STRUCTURE"
30091,55,"Stabilizers","5510","AALA202502257721","other",0,"HORIZONTAL STABILIZER STRUCTURE"
29560,57,"Wings","5750","AALA202502053668","other",0,"WING, CONTROL SURFACES"
33342,28,"Fuel","2820","AALA202501153070","switch",1,"ACFT FUEL DISTRIB. SYSTEM"
33226,25,"Equipment / Furnishings","2560","AALA202404018588","door",3,"EMERGENCY EQUIPMENT"
29542,53,"Fuselage","5310","AALA202501217380","door",0,"FUSELAGE MAIN, STRUCTURE"
33228,53,"Fuselage","5310","AALA202501229401","panel",0,"FUSELAGE MAIN, STRUCTURE"
33228,53,"Fuselage","5320","AALA202501229970","other",0,"FUSELAGE MISCELLANEOUS STRUCTURE"
30092,53,"Fuselage","5320","AALA202502042385","other",0,"FUSELAGE MISCELLANEOUS STRUCTURE"
29560,53,"Fuselage","5350","AALA202502109992","panel",0,"AERODYNAMIC FAIRINGS"
30080,33,"Lights","3350","AALA202501093468","module",1,"EMERGENCY LIGHTING"
31218,52,"Doors","5250","AALA202501240837","door",0,"FIXED INNER DOORS"
30912,53,"Fuselage","5330","AALA202501295799","panel",0,"FUSELAGE MAIN, PLATE/SKIN"
29522,33,"Lights","3350","AALA202501289142","other",1,"EMERGENCY LIGHTING"
30092,53,"Fuselage","5320","AALA202501212753","other",0,"FUSELAGE MISCELLANEOUS STRUCTURE"
33228,53,"Fuselage","5320","AALA202501228735","other",0,"FUSELAGE MISCELLANEOUS STRUCTURE"
30091,55,"Stabilizers","5510","AALA202502257234","other",0,"HORIZONTAL STABILIZER STRUCTURE"
30092,53,"Fuselage","5320","AALA202501240523","door",0,"FUSELAGE MISCELLANEOUS STRUCTURE"
31157,28,"Fuel","2840","AALA202501151248","CND",1,"ACFT FUEL INDICATING SYSTEM"
29503,53,"Fuselage","5310","AALA202505194295","wheel",0,"FUSELAGE MAIN, STRUCTURE"
31085,33,"Lights","3350","AALA202502192897","other",1,"EMERGENCY LIGHTING"
30920,28,"Fuel","2820","AALA202501074549","pump",3,"ACFT FUEL DISTRIB. SYSTEM"
33228,24,"Electrical Power","2400","AALA202501096351","CND",3,"ELECTRICAL POWER SYSTEM"
29507,32,"Landing Gear","3240","AALA202501139634","valve",3,"LANDING GEAR BRAKE SYSTEM"
31163,53,"Fuselage","5320","AALA202501140938","other",0,"FUSELAGE MISCELLANEOUS STRUCTURE"
30599,49,"Airborne Auxiliary Power","4990","AALA202502111958","apu component",3,"APU OIL SYSTEM"
31165,52,"Doors","5250","AALA202501229100","door",0,"FIXED INNER DOORS"
33321,53,"Fuselage","5320","AALA202503059066","other",0,"FUSELAGE MISCELLANEOUS STRUCTURE"
29574,53,"Fuselage","5320","AALA202503105516","other",0,"FUSELAGE MISCELLANEOUS STRUCTURE"
31085,21,"Air Conditioning","2120","AALA202501225598","valve",3,"AIR DISTRIBUTION SYSTEM"
31099,33,"Lights","3350","AALA202501235586","panel",1,"EMERGENCY LIGHTING"
30912,53,"Fuselage","5310","AALA202501238278","other",0,"FUSELAGE MAIN, STRUCTURE"
30092,53,"Fuselage","5320","AALA202501287828","other",0,"FUSELAGE MISCELLANEOUS STRUCTURE"
31085,52,"Doors","5250","AALA202501173497","door",0,"FIXED INNER DOORS"
31163,53,"Fuselage","5320","AALA202501317689","panel",0,"FUSELAGE MISCELLANEOUS STRUCTURE"
29511,53,"Fuselage","5320","AALA202502031779","other",0,"FUSELAGE MISCELLANEOUS STRUCTURE"
29511,53,"Fuselage","5320","AALA202502030290","other",0,"FUSELAGE MISCELLANEOUS STRUCTURE"
33206,25,"Equipment / Furnishings","2520","AALA202501070554","panel",3,"PASSENGER COMPARTMENT EQUIPMENT"
29514,25,"Equipment / Furnishings","2530","AALA202501069299","oven",1,"BUFFET/GALLEYS"
30858,33,"Lights","3350","AALA202501078888","other",1,"EMERGENCY LIGHTING"
29559,55,"Stabilizers","5510","AALA202501088290","hinge",0,"HORIZONTAL STABILIZER STRUCTURE"
29539,52,"Doors","5250","AALA202501099178","door",0,"FIXED INNER DOORS"
30091,53,"Fuselage","5320","AALA202502146785","other",0,"FUSELAGE MISCELLANEOUS STRUCTURE"
33228,53,"Fuselage","5320","AALA202501278169","panel",0,"FUSELAGE MISCELLANEOUS STRUCTURE"
30092,53,"Fuselage","5320","AALA202501276065","other",0,"FUSELAGE MISCELLANEOUS STRUCTURE"
31250,33,"Lights","3350","AALA202501277974","other",1,"EMERGENCY LIGHTING"
68115,32,"Landing Gear","3240","AALA202501249349","tire",3,"LANDING GEAR BRAKE SYSTEM"
31167,79,"Oil","7930","AALA202501279832","CND",3,"ENGINE OIL INDICATING SYSTEM"
30912,57,"Wings","5720","AALA202501245988","control rod",0,"WING MISCELLANEOUS STRUCTURE"
30083,25,"Equipment / Furnishings","2560","AALA202501288088","door",1,"EMERGENCY EQUIPMENT"
33337,53,"Fuselage","5310","AALA202502034949","latch",0,"FUSELAGE MAIN, STRUCTURE"
30599,21,"Air Conditioning","2120","AALA202502031958","CND",3,"AIR DISTRIBUTION SYSTEM"
30092,53,"Fuselage","5330","AALA202502128514","other",0,"FUSELAGE MAIN, PLATE/SKIN"
30858,28,"Fuel","2840","AALA202501095866","CND",3,"ACFT FUEL INDICATING SYSTEM"
68101,25,"Equipment / Furnishings","2560","AALA202501147953","other",1,"EMERGENCY EQUIPMENT"
29515,53,"Fuselage","5310","AALA202501140838","other",0,"FUSELAGE MAIN, STRUCTURE"
30091,53,"Fuselage","5340","AALA202502191126","other",0,"FUSELAGE MAIN, ATTACH FITTINGS"
29557,21,"Air Conditioning","2150","AALA202502241428","valve",3,"CABIN COOLING SYSTEM"
44474,52,"Doors","5250","AALA202501303498","door",0,"FIXED INNER DOORS"
29541,53,"Fuselage","5320","AALA202501319437","other",0,"FUSELAGE MISCELLANEOUS STRUCTURE"
30910,53,"Fuselage","5310","AALA202501159326","other",0,"FUSELAGE MAIN, STRUCTURE"
31081,25,"Equipment / Furnishings","2560","AALA202501031169","other",1,"EMERGENCY EQUIPMENT"
29531,33,"Lights","3350","AALA202501066616","CND",1,"EMERGENCY LIGHTING"
30080,33,"Lights","3350","AALA202501087884","pack",1,"EMERGENCY LIGHTING"
29504,33,"Lights","3350","AALA202501270706","other",1,"EMERGENCY LIGHTING"
31157,28,"Fuel","2840","AALA202501105255","CND",1,"ACFT FUEL INDICATING SYSTEM"
31275,52,"Doors","5250","AALA202501136228","door",0,"FIXED INNER DOORS"
30858,28,"Fuel","2800","AALA202501135866","compensator",3,"AIRCRAFT FUEL SYSTEM"
30099,33,"Lights","3350","AALA202501165198","other",1,"EMERGENCY LIGHTING"
40766,25,"Equipment / Furnishings","2560","AALA202501174751","door",3,"EMERGENCY EQUIPMENT"
33228,53,"Fuselage","5320","AALA202501278798","other",0,"FUSELAGE MISCELLANEOUS STRUCTURE"
31099,52,"Doors","5250","AALA202501279022","door",0,"FIXED INNER DOORS"
44458,72,"Engine","7260","AALA202501240507","engine",3,"TURBINE ENGINE ACCESSORY DRIVE"
29558,52,"Doors","5210","AALA202501211386","door",0,"PASSENGER/CREW DOORS"
33228,53,"Fuselage","5310","AALA202501222553","panel",0,"FUSELAGE MAIN, STRUCTURE"
31163,53,"Fuselage","5320","AALA202501247858","other",0,"FUSELAGE MISCELLANEOUS STRUCTURE"
29542,28,"Fuel","2800","AALA202501299860","CND",3,"AIRCRAFT FUEL SYSTEM"
31163,53,"Fuselage","5320","AALA202501236716","other",0,"FUSELAGE MISCELLANEOUS STRUCTURE"
31081,28,"Fuel","2840","AALA202501159236","compensator",3,"ACFT FUEL INDICATING SYSTEM"
40762,25,"Equipment / Furnishings","2560","AALA202501171124","battery",1,"EMERGENCY EQUIPMENT"
31163,53,"Fuselage","5320","AALA202501312833","panel",0,"FUSELAGE MISCELLANEOUS STRUCTURE"
29511,53,"Fuselage","5320","AALA202502031785","other",0,"FUSELAGE MISCELLANEOUS STRUCTURE"
33319,52,"Doors","5250","AALA202501025584","door",0,"FIXED INNER DOORS"
31163,53,"Fuselage","5320","AALA202502060431","panel",0,"FUSELAGE MISCELLANEOUS STRUCTURE"
31085,53,"Fuselage","5320","AALA202502066992","control rod",0,"FUSELAGE MISCELLANEOUS STRUCTURE"
31165,53,"Fuselage","5320","AALA202502042180","panel",0,"FUSELAGE MISCELLANEOUS STRUCTURE"
29532,21,"Air Conditioning","2120","AALA202501224049","CND",3,"AIR DISTRIBUTION SYSTEM"
31085,21,"Air Conditioning","2150","AALA202501225685","valve",3,"CABIN COOLING SYSTEM"
31177,33,"Lights","3350","AALA202510012796","CND",1,"EMERGENCY LIGHTING"
31141,21,"Air Conditioning","2120","AALA202501094835","bleed air component",3,"AIR DISTRIBUTION SYSTEM"
40765,73,"Engine - Fuel And Control","7320","AALA202501226090","switch",0,"FUEL CONTROLLING SYSTEM"
30828,53,"Fuselage","5330","AALA202504096150","module",0,"FUSELAGE MAIN, PLATE/SKIN"
33491,52,"Doors","5220","AALA202510024399","other",0,"EMERGENCY EXITS"
30089,53,"Fuselage","5310","AALA202502106634","other",0,"FUSELAGE MAIN, STRUCTURE"
29525,72,"Engine","7200","AALA202509304096","engine",3,"ENGINE (TURBINE/TURBOPROP)"
33341,33,"Lights","3350","AALA202509230745","door",1,"EMERGENCY LIGHTING"
33214,52,"Doors","5250","AALA202509266750","door",0,"FIXED INNER DOORS"
29549,53,"Fuselage","5310","AALA202509215572","door",0,"FUSELAGE MAIN, STRUCTURE"
33232,53,"Fuselage","5320","AALA202510266232","other",0,"FUSELAGE MISCELLANEOUS STRUCTURE"
44488,57,"Wings","5730","AALA202509127790","tire",0,"WING, PLATES/SKINS"
31176,53,"Fuselage","5320","AALA202509221988","other",0,"FUSELAGE MISCELLANEOUS STRUCTURE"
30087,32,"Landing Gear","3230","AALA202509100804","switch",3,"LANDING GEAR RETRACT/EXTEND SYSTEM"
30099,53,"Fuselage","5320","AALA202509096373","other",0,"FUSELAGE MISCELLANEOUS STRUCTURE"
29513,26,"Fire Protection","2610","AALA202510022865","other",2,"DETECTION SYSTEM"
30828,33,"Lights","3350","AALA202509114298","other",1,"EMERGENCY LIGHTING"
33232,53,"Fuselage","5320","AALA202510077573","other",0,"FUSELAGE MISCELLANEOUS STRUCTURE"
29540,33,"Lights","3350","AALA202509210271","other",1,"EMERGENCY LIGHTING"
29548,25,"Equipment / Furnishings","2560","AALA202509155523","door",1,"EMERGENCY EQUIPMENT"
31277,21,"Air Conditioning","2140","AALA202509168023","CND",3,"HEATING SYSTEM"
30090,25,"Equipment / Furnishings","2560","AALA202509221650","door",1,"EMERGENCY EQUIPMENT"
30083,52,"Doors","5250","AALA202509206484","door",0,"FIXED INNER DOORS"
30091,25,"Equipment / Furnishings","2560","AALA202510015667","door",1,"EMERGENCY EQUIPMENT"
29546,21,"Air Conditioning","2120","AALA202509257830","fan",2,"AIR DISTRIBUTION SYSTEM"
33231,33,"Lights","3350","AALA202509260557","other",1,"EMERGENCY LIGHTING"
31075,33,"Lights","3350","AALA202509309881","CND",1,"EMERGENCY LIGHTING"
33232,53,"Fuselage","5320","AALA202510137663","other",0,"FUSELAGE MISCELLANEOUS STRUCTURE"
29549,53,"Fuselage","5320","AALA202510131127","other",0,"FUSELAGE MISCELLANEOUS STRUCTURE"
30082,25,"Equipment / Furnishings","2560","AALA202509035539","door",1,"EMERGENCY EQUIPMENT"
67988,33,"Lights","3350","AALA202509039979","CND",1,"EMERGENCY LIGHTING"
31111,28,"Fuel","2820","AALA202509129355","CND",1,"ACFT FUEL DISTRIB. SYSTEM"
33323,53,"Fuselage","5310","AALA202510202158","other",0,"FUSELAGE MAIN, STRUCTURE"
31178,52,"Doors","5240","AALA202509178016","door",0,"SERVICE DOORS"
30905,53,"Fuselage","5310","AALA202510017424","wheel",0,"FUSELAGE MAIN, STRUCTURE"
29533,33,"Lights","3350","AALA202509044354","other",1,"EMERGENCY LIGHTING"
31075,52,"Doors","5250","AALA202509306511","door",0,"FIXED INNER DOORS"
33491,53,"Fuselage","5310","AALA202510046778","other",0,"FUSELAGE MAIN, STRUCTURE"
29549,53,"Fuselage","5320","AALA202510078254","other",0,"FUSELAGE MISCELLANEOUS STRUCTURE"
30099,53,"Fuselage","5320","AALA202510074825","other",0,"FUSELAGE MISCELLANEOUS STRUCTURE"
29538,28,"Fuel","2820","AALA202510086310","pump",1,"ACFT FUEL DISTRIB. SYSTEM"
33491,53,"Fuselage","5320","AALA202510079928","panel",0,"FUSELAGE MISCELLANEOUS STRUCTURE"
30081,53,"Fuselage","5340","AALA202509227006","CND",0,"FUSELAGE MAIN, ATTACH FITTINGS"
30081,25,"Equipment / Furnishings","2560","AALA202509203794","door",1,"EMERGENCY EQUIPMENT"
33227,52,"Doors","5250","AALA202510017421","latch",0,"FIXED INNER DOORS"
33491,52,"Doors","5220","AALA202510025946","door",0,"EMERGENCY EXITS"
29513,26,"Fire Protection","2610","AALA202510028734","other",3,"DETECTION SYSTEM"
31133,33,"Lights","3350","AALA202509238880","pack",1,"EMERGENCY LIGHTING"
29549,53,"Fuselage","5340","AALA202510029202","other",0,"FUSELAGE MAIN, ATTACH FITTINGS"
31189,52,"Doors","5240","AALA202510026932","door",0,"SERVICE DOORS"
29542,53,"Fuselage","5330","AALA202509259225","CND",0,"FUSELAGE MAIN, PLATE/SKIN"
33491,53,"Fuselage","5310","AALA202510040652","door",0,"FUSELAGE MAIN, STRUCTURE"
33491,53,"Fuselage","5320","AALA202510040523","other",0,"FUSELAGE MISCELLANEOUS STRUCTURE"
29546,21,"Air Conditioning","2120","AALA202509259393","fan",2,"AIR DISTRIBUTION SYSTEM"
33318,72,"Engine","7200","AALA202510076932","engine",3,"ENGINE (TURBINE/TURBOPROP)"
44469,32,"Landing Gear","3240","AALA202509299711","brake",2,"LANDING GEAR BRAKE SYSTEM"
33519,25,"Equipment / Furnishings","2560","AALA202509292264","door",1,"EMERGENCY EQUIPMENT"
29549,53,"Fuselage","5320","AALA202510078409","other",0,"FUSELAGE MISCELLANEOUS STRUCTURE"
33490,25,"Equipment / Furnishings","2560","AALA202511054672","other",1,"EMERGENCY EQUIPMENT"
31225,25,"Equipment / Furnishings","2560","AALA202509052245","CND",1,"EMERGENCY EQUIPMENT"
30099,56,"Windows","5630","AALA202509083976","window",0,"DOOR WINDOWS"
31077,33,"Lights","3350","AALA202509090341","other",1,"EMERGENCY LIGHTING"
29566,52,"Doors","5250","AALA202509128488","door",0,"FIXED INNER DOORS"
40769,52,"Doors","5250","AALA202509150428","door",0,"FIXED INNER DOORS"
30095,25,"Equipment / Furnishings","2560","AALA202509171470","door",3,"EMERGENCY EQUIPMENT"
29513,52,"Doors","5250","AALA202509204392","door",0,"FIXED INNER DOORS"
33348,25,"Equipment / Furnishings","2560","AALA202510010079","door",1,"EMERGENCY EQUIPMENT"
30097,33,"Lights","3350","AALA202509043582","other",1,"EMERGENCY LIGHTING"
30099,53,"Fuselage","5310","AALA202510026316","other",0,"FUSELAGE MAIN, STRUCTURE"
31075,33,"Lights","3350","AALA202510029881","other",1,"EMERGENCY LIGHTING"
31208,49,"Airborne Auxiliary Power","4990","AALA202510026568","engine",3,"APU OIL SYSTEM"
30077,33,"Lights","3350","AALA202509243499","panel",1,"EMERGENCY LIGHTING"
30099,53,"Fuselage","5310","AALA202510046654","other",0,"FUSELAGE MAIN, STRUCTURE"
33222,52,"Doors","5250","AALA202509269982","door",0,"FIXED INNER DOORS"
33491,53,"Fuselage","5310","AALA202510079320","other",0,"FUSELAGE MAIN, STRUCTURE"
33491,53,"Fuselage","5320","AALA202510079369","panel",0,"FUSELAGE MISCELLANEOUS STRUCTURE"
29549,53,"Fuselage","5310","AALA202510073907","door",0,"FUSELAGE MAIN, STRUCTURE"
29549,53,"Fuselage","5310","AALA202510078807","door",0,"FUSELAGE MAIN, STRUCTURE"
31258,25,"Equipment / Furnishings","2560","AALA202509308604","other",1,"EMERGENCY EQUIPMENT"
30099,53,"Fuselage","5310","AALA202510074634","other",0,"FUSELAGE MAIN, STRUCTURE"
33490,52,"Doors","5210","AALA202510103177","door",0,"PASSENGER/CREW DOORS"
31178,52,"Doors","5210","AALA202509173527","door",0,"PASSENGER/CREW DOORS"
29566,52,"Doors","5250","AALA202509028488","CND",0,"FIXED INNER DOORS"
31089,25,"Equipment / Furnishings","2560","AALA202502194577","CND",1,"EMERGENCY EQUIPMENT"
30904,25,"Equipment / Furnishings","2560","AALA202509120364","door",1,"EMERGENCY EQUIPMENT"
31178,52,"Doors","5210","AALA202509176492","door",0,"PASSENGER/CREW DOORS"
31133,73,"Engine - Fuel And Control","7310","AALA202509173276","switch",3,"ENGINE FUEL DISTRIBUTION"
44475,25,"Equipment / Furnishings","2560","AALA202509176478","other",1,"EMERGENCY EQUIPMENT"
30081,52,"Doors","5210","AALA202509240371","door",3,"PASSENGER/CREW DOORS"
30094,25,"Equipment / Furnishings","2560","AALA202509293540","door",1,"EMERGENCY EQUIPMENT"
30905,25,"Equipment / Furnishings","2560","AALA202406145449","other",1,"EMERGENCY EQUIPMENT"
40769,52,"Doors","5250","AALA202502034171","door",0,"FIXED INNER DOORS"
33345,33,"Lights","3350","AALA202509252319","CND",1,"EMERGENCY LIGHTING"
33211,25,"Equipment / Furnishings","2560","AALA202509296039","other",1,"EMERGENCY EQUIPMENT"
30099,53,"Fuselage","5310","AALA202510025704","other",0,"FUSELAGE MAIN, STRUCTURE"
31219,73,"Engine - Fuel And Control","7310","AALA202510021275","engine",3,"ENGINE FUEL DISTRIBUTION"
31176,33,"Lights","3350","AALA202509242789","door",1,"EMERGENCY LIGHTING"
33491,53,"Fuselage","5320","AALA202510074795","panel",0,"FUSELAGE MISCELLANEOUS STRUCTURE"
31178,33,"Lights","3350","AALA202509297944","other",1,"EMERGENCY LIGHTING"
67989,53,"Fuselage","5310","AALA202509300686","valve",0,"FUSELAGE MAIN, STRUCTURE"
44462,28,"Fuel","2820","AALA202509304854","CND",1,"ACFT FUEL DISTRIB. SYSTEM"
30099,53,"Fuselage","5310","AALA202510073622","other",0,"FUSELAGE MAIN, STRUCTURE"
68114,52,"Doors","5240","AALA202509084187","CND",3,"SERVICE DOORS"
29507,28,"Fuel","2820","AALA202509082923","switch",3,"ACFT FUEL DISTRIB. SYSTEM"
29555,53,"Fuselage","5340","AALA202509089451","other",0,"FUSELAGE MAIN, ATTACH FITTINGS"
30091,25,"Equipment / Furnishings","2560","AALA202509039158","CND",1,"EMERGENCY EQUIPMENT"
31178,53,"Fuselage","5320","AALA202509128474","other",0,"FUSELAGE MISCELLANEOUS STRUCTURE"
30904,25,"Equipment / Furnishings","2560","AALA202509127186","door",1,"EMERGENCY EQUIPMENT"
31178,53,"Fuselage","5320","AALA202509149783","other",0,"FUSELAGE MISCELLANEOUS STRUCTURE"
31200,52,"Doors","5220","AALA202509159970","door",3,"EMERGENCY EXITS"
33229,26,"Fire Protection","2610","AALA202509161383","other",3,"DETECTION SYSTEM"
31111,27,"Flight Controls","2740","AALA202509175711","other",3,"STABILIZER CONTROL SYSTEM"
31178,52,"Doors","5210","AALA202509171469","door",0,"PASSENGER/CREW DOORS"
31141,25,"Equipment / Furnishings","2560","AALA202509225549","door",1,"EMERGENCY EQUIPMENT"
33348,25,"Equipment / Furnishings","2560","AALA202510019435","door",1,"EMERGENCY EQUIPMENT"
44475,33,"Lights","3350","AALA202510016606","other",1,"EMERGENCY LIGHTING"
30099,53,"Fuselage","5310","AALA202510025091","other",0,"FUSELAGE MAIN, STRUCTURE"
33491,52,"Doors","5220","AALA202510029232","other",0,"EMERGENCY EXITS"
40581,33,"Lights","3350","AALA202509265484","other",1,"EMERGENCY LIGHTING"
33318,21,"Air Conditioning","2120","AALA202510073847","engine",3,"AIR DISTRIBUTION SYSTEM"
30099,53,"Fuselage","5310","AALA202510075149","other",0,"FUSELAGE MAIN, STRUCTURE"
30095,53,"Fuselage","5310","AALA202510015482","other",0,"FUSELAGE MAIN, STRUCTURE"
30905,57,"Wings","5750","AALA202510141608","control rod",0,"WING, CONTROL SURFACES"
31258,33,"Lights","3350","AALA202509031819","door",1,"EMERGENCY LIGHTING"
30098,52,"Doors","5210","AALA202509034969","door",3,"PASSENGER/CREW DOORS"
33232,53,"Fuselage","5320","AALA202510205659","panel",0,"FUSELAGE MISCELLANEOUS STRUCTURE"
29525,23,"Communication","2310","AALA202509100362","CND",3,"HF COMMUNICATION SYSTEM"
33491,52,"Doors","5220","AALA202510023986","door",0,"EMERGENCY EXITS"
33491,56,"Windows","5630","AALA202510025405","window",0,"DOOR WINDOWS"
29513,26,"Fire Protection","2610","AALA202510022821","other",2,"DETECTION SYSTEM"
33232,53,"Fuselage","5310","AALA202510135633","other",0,"FUSELAGE MAIN, STRUCTURE"
31178,53,"Fuselage","5340","AALA202509253226","other",0,"FUSELAGE MAIN, ATTACH FITTINGS"
33327,25,"Equipment / Furnishings","2560","AALA202509263272","door",1,"EMERGENCY EQUIPMENT"
31077,33,"Lights","3350","AALA202509098073","other",1,"EMERGENCY LIGHTING"
29538,28,"Fuel","2820","AALA202509306310","pump",1,"ACFT FUEL DISTRIB. SYSTEM"
29510,52,"Doors","5250","AALA202509300037","door",0,"FIXED INNER DOORS"
29549,53,"Fuselage","5340","AALA202510073912","other",0,"FUSELAGE MAIN, ATTACH FITTINGS"
33315,34,"Navigation","3410","AALA202509082697","probe",3,"FLIGHT ENVIRONMENT DATA"
29549,54,"Nacelles/Pylons","5420","AALA202510202607","strut",0,"NACELLE/PYLON MISCELLANEOUS STRUCT."
29507,25,"Equipment / Furnishings","2560","AALA202509158574","door",1,"EMERGENCY EQUIPMENT"
30912,52,"Doors","5250","AALA202509153350","door",0,"FIXED INNER DOORS"
30095,25,"Equipment / Furnishings","2560","AALA202509165391","other",1,"EMERGENCY EQUIPMENT"
31141,33,"Lights","3350","AALA202509160888","other",1,"EMERGENCY LIGHTING"
33344,25,"Equipment / Furnishings","2560","AALA202509100566","servo",1,"EMERGENCY EQUIPMENT"
31141,53,"Fuselage","5330","AALA202510024602","other",0,"FUSELAGE MAIN, PLATE/SKIN"
33491,53,"Fuselage","5310","AALA202510045688","other",0,"FUSELAGE MAIN, STRUCTURE"
33488,52,"Doors","5250","AALA202509294309","hinge",0,"FIXED INNER DOORS"
44466,52,"Doors","5250","AALA202509120991","door",0,"FIXED INNER DOORS"
33232,53,"Fuselage","5320","AALA202510130304","door",0,"FUSELAGE MISCELLANEOUS STRUCTURE"
44471,33,"Lights","3350","AALA202509155099","door",1,"EMERGENCY LIGHTING"
31242,25,"Equipment / Furnishings","2560","AALA202509204956","door",1,"EMERGENCY EQUIPMENT"
33348,26,"Fire Protection","2610","AALA202510010010","CND",2,"DETECTION SYSTEM"
29572,27,"Flight Controls","2750","AALA202509041818","CND",3,"TE FLAP CONTROL SYSTEM"
29531,33,"Lights","3350","AALA202509232513","pack",1,"EMERGENCY LIGHTING"
33346,32,"Landing Gear","3240","AALA202509266419","wheel",3,"LANDING GEAR BRAKE SYSTEM"
33230,33,"Lights","3350","AALA202509262702","other",1,"EMERGENCY LIGHTING"
33491,53,"Fuselage","5310","AALA202510071718","other",0,"FUSELAGE MAIN, STRUCTURE"
31178,57,"Wings","5710","AALA202509306582","other",0,"WING, MAIN FRAME STRUCTURE"
29549,53,"Fuselage","5320","AALA202510078752","panel",0,"FUSELAGE MISCELLANEOUS STRUCTURE"
30083,52,"Doors","5250","AALA202509309264","door",0,"FIXED INNER DOORS"
31075,52,"Doors","5250","AALA202509303627","door",0,"FIXED INNER DOORS"
30099,53,"Fuselage","5320","AALA202510077100","other",0,"FUSELAGE MISCELLANEOUS STRUCTURE"
30099,53,"Fuselage","5320","AALA202510075636","other",0,"FUSELAGE MISCELLANEOUS STRUCTURE"
33250,52,"Doors","5250","AALA202509034003","latch",0,"FIXED INNER DOORS"
33323,53,"Fuselage","5320","AALA202510206309","other",0,"FUSELAGE MISCELLANEOUS STRUCTURE"
29549,53,"Fuselage","5310","AALA202509268801","door",0,"FUSELAGE MAIN, STRUCTURE"
29549,53,"Fuselage","5320","AALA202509292773","other",0,"FUSELAGE MISCELLANEOUS STRUCTURE"
29507,28,"Fuel","2820","AALA202509085404","switch",3,"ACFT FUEL DISTRIB. SYSTEM"
29572,27,"Flight Controls","2750","AALA202509058159","other",3,"TE FLAP CONTROL SYSTEM"
31178,53,"Fuselage","5320","AALA202509146633","panel",0,"FUSELAGE MISCELLANEOUS STRUCTURE"
29506,53,"Fuselage","5310","AALA202509207834","door",0,"FUSELAGE MAIN, STRUCTURE"
29507,33,"Lights","3350","AALA202509206151","other",1,"EMERGENCY LIGHTING"
29572,33,"Lights","3350","AALA202509213304","other",1,"EMERGENCY LIGHTING"
30079,26,"Fire Protection","2610","AALA202510016525","other",2,"DETECTION SYSTEM"
31176,53,"Fuselage","5320","AALA202509222592","other",0,"FUSELAGE MISCELLANEOUS STRUCTURE"
31208,24,"Electrical Power","2420","AALA202510026944","engine",3,"AC GENERATION SYSTEM"
30903,53,"Fuselage","5340","AALA202509237548","other",0,"FUSELAGE MAIN, ATTACH FITTINGS"
33316,52,"Doors","5210","AALA202509241076","door",0,"PASSENGER/CREW DOORS"
31280,33,"Lights","3350","AALA202509249106","other",1,"EMERGENCY LIGHTING"
29569,33,"Lights","3350","AALA202509258788","other",1,"EMERGENCY LIGHTING"
29547,33,"Lights","3350","AALA202509261636","CND",1,"EMERGENCY LIGHTING"
29542,53,"Fuselage","5330","AALA202509279225","other",0,"FUSELAGE MAIN, PLATE/SKIN"
29542,53,"Fuselage","5330","AALA202509272720","other",0,"FUSELAGE MAIN, PLATE/SKIN"
29549,53,"Fuselage","5320","AALA202510072358","other",0,"FUSELAGE MISCELLANEOUS STRUCTURE"
29549,53,"Fuselage","5320","AALA202510070373","panel",0,"FUSELAGE MISCELLANEOUS STRUCTURE"
31135,33,"Lights","3350","AALA202509303499","other",1,"EMERGENCY LIGHTING"
31219,72,"Engine","7200","AALA202509307020","CND",3,"ENGINE (TURBINE/TURBOPROP)"
30099,53,"Fuselage","5310","AALA202510077322","other",0,"FUSELAGE MAIN, STRUCTURE"
30099,53,"Fuselage","5310","AALA202510074654","other",0,"FUSELAGE MAIN, STRUCTURE"
29549,53,"Fuselage","5310","AALA202510076294","apu component",0,"FUSELAGE MAIN, STRUCTURE"
29549,25,"Equipment / Furnishings","2560","AALA202511057161","door",1,"EMERGENCY EQUIPMENT"
31093,38,"Water / Waste","3830","AALA202509034347","other",1,"WASTE DISPOSAL SYSTEM"
33348,25,"Equipment / Furnishings","2560","AALA202406250617","door",1,"EMERGENCY EQUIPMENT"
31277,21,"Air Conditioning","2120","AALA202509158023","CND",3,"AIR DISTRIBUTION SYSTEM"
31277,52,"Doors","5200","AALA202509163759","CND",3,"DOORS"
68106,33,"Lights","3350","AALA202509162575","other",1,"EMERGENCY LIGHTING"
31176,25,"Equipment / Furnishings","2560","AALA202509172676","other",1,"EMERGENCY EQUIPMENT"
31176,25,"Equipment / Furnishings","2560","AALA202509176588","other",1,"EMERGENCY EQUIPMENT"
31178,28,"Fuel","2820","AALA202510012161","switch",1,"ACFT FUEL DISTRIB. SYSTEM"
44509,27,"Flight Controls","2740","AALA202509049777","CND",3,"STABILIZER CONTROL SYSTEM"
33491,52,"Doors","5220","AALA202510023227","door",0,"EMERGENCY EXITS"
31109,25,"Equipment / Furnishings","2560","AALA202509237751","door",1,"EMERGENCY EQUIPMENT"
44512,52,"Doors","5250","AALA202509237431","door",0,"FIXED INNER DOORS"
30081,53,"Fuselage","5310","AALA202509243650","door",3,"FUSELAGE MAIN, STRUCTURE"
31147,25,"Equipment / Furnishings","2560","AALA202509247394","battery",1,"EMERGENCY EQUIPMENT"
30099,53,"Fuselage","5320","AALA202510045836","panel",0,"FUSELAGE MISCELLANEOUS STRUCTURE"
33519,55,"Stabilizers","5520","AALA202509255327","other",0,"ELEVATOR STRUCTURE"
30099,53,"Fuselage","5320","AALA202510042940","other",0,"FUSELAGE MISCELLANEOUS STRUCTURE"
30099,53,"Fuselage","5320","AALA202510045024","panel",0,"FUSELAGE MISCELLANEOUS STRUCTURE"
44451,52,"Doors","5250","AALA202509251940","latch",0,"FIXED INNER DOORS"
30079,33,"Lights","3350","AALA202509025401","battery",1,"EMERGENCY LIGHTING"
40766,25,"Equipment / Furnishings","2560","AALA202509304039","other",1,"EMERGENCY EQUIPMENT"
31111,25,"Equipment / Furnishings","2560","AALA202510088003","door",1,"EMERGENCY EQUIPMENT"
31178,53,"Fuselage","5320","AALA202509257190","other",0,"FUSELAGE MISCELLANEOUS STRUCTURE"
33491,52,"Doors","5210","AALA202510106872","switch",0,"PASSENGER/CREW DOORS"
33491,57,"Wings","5730","AALA202510106345","panel",0,"WING, PLATES/SKINS"
44509,27,"Flight Controls","2740","AALA202509059777","other",3,"STABILIZER CONTROL SYSTEM"
29516,33,"Lights","3350","AALA202509032327","door",1,"EMERGENCY LIGHTING"
29538,52,"Doors","5220","AALA202509215824","other",0,"EMERGENCY EXITS"
33490,53,"Fuselage","5310","AALA202509120488","brake",0,"FUSELAGE MAIN, STRUCTURE"
33223,29,"Hydraulic Power","2910","AALA202509155454","engine",3,"HYDRAULIC SYSTEM, MAIN"
30095,25,"Equipment / Furnishings","2560","AALA202509162507","other",1,"EMERGENCY EQUIPMENT"
31192,25,"Equipment / Furnishings","2560","AALA202509165493","battery",1,"EMERGENCY EQUIPMENT"
44448,52,"Doors","5250","AALA202509114510","latch",0,"FIXED INNER DOORS"
33349,32,"Landing Gear","3240","AALA202509207052","bleed air component",3,"LANDING GEAR BRAKE SYSTEM"
33491,56,"Windows","5630","AALA202510021820","window",0,"DOOR WINDOWS"
44488,25,"Equipment / Furnishings","2560","AALA202509230682","door",1,"EMERGENCY EQUIPMENT"
33486,25,"Equipment / Furnishings","2560","AALA202509298805","door",1,"EMERGENCY EQUIPMENT"
33491,53,"Fuselage","5320","AALA202510075777","panel",0,"FUSELAGE MISCELLANEOUS STRUCTURE"
67988,33,"Lights","3350","AALA202509059979","other",1,"EMERGENCY LIGHTING"
30080,34,"Navigation","3430","AALA202505154554","antenna",3,"LANDING AND TAXI AIDS"
33229,26,"Fire Protection","2610","AALA202509121383","CND",3,"DETECTION SYSTEM"
31178,53,"Fuselage","5320","AALA202509149227","panel",0,"FUSELAGE MISCELLANEOUS STRUCTURE"
31169,25,"Equipment / Furnishings","2560","AALA202509120897","CND",3,"EMERGENCY EQUIPMENT"
31178,52,"Doors","5210","AALA202509177394","door",0,"PASSENGER/CREW DOORS"
31133,73,"Engine - Fuel And Control","7330","AALA202509173475","switch",3,"ENGINE FUEL INDICATING SYSTEM"
33491,53,"Fuselage","5320","AALA202510046965","other",0,"FUSELAGE MISCELLANEOUS STRUCTURE"
30099,55,"Stabilizers","5510","AALA202510047724","other",0,"HORIZONTAL STABILIZER STRUCTURE"
29577,25,"Equipment / Furnishings","2560","AALA202509303711","door",1,"EMERGENCY EQUIPMENT"
31091,52,"Doors","5250","AALA202406107957","door",0,"FIXED INNER DOORS"
40581,33,"Lights","3350","AALA202509169304","other",1,"EMERGENCY LIGHTING"
30099,53,"Fuselage","5320","AALA202510046306","panel",0,"FUSELAGE MISCELLANEOUS STRUCTURE"
33518,33,"Lights","3350","AALA202509208103","pack",1,"EMERGENCY LIGHTING"
31157,52,"Doors","5210","AALA202509205552","door",3,"PASSENGER/CREW DOORS"
30098,54,"Nacelles/Pylons","5410","AALA202510029025","strut",0,"NACELLE/PYLON, MAIN FRAME"
31245,52,"Doors","5250","AALA202509240834","latch",0,"FIXED INNER DOORS"
30099,55,"Stabilizers","5510","AALA202510048085","other",0,"HORIZONTAL STABILIZER STRUCTURE"
30099,53,"Fuselage","5320","AALA202510044918","panel",0,"FUSELAGE MISCELLANEOUS STRUCTURE"
68104,25,"Equipment / Furnishings","2560","AALA202509252221","valve",1,"EMERGENCY EQUIPMENT"
31177,33,"Lights","3350","AALA202510302796","other",1,"EMERGENCY LIGHTING"
29547,33,"Lights","3350","AALA202510061636","other",1,"EMERGENCY LIGHTING"
33318,21,"Air Conditioning","2120","AALA202509268985","CND",3,"AIR DISTRIBUTION SYSTEM"
68100,25,"Equipment / Furnishings","2560","AALA202509085717","other",1,"EMERGENCY EQUIPMENT"
44456,52,"Doors","5250","AALA202509026462","door",0,"FIXED INNER DOORS"
29549,53,"Fuselage","5320","AALA202510075829","door",0,"FUSELAGE MISCELLANEOUS STRUCTURE"
29549,25,"Equipment / Furnishings","2560","AALA202511055548","door",1,"EMERGENCY EQUIPMENT"
30905,57,"Wings","5750","AALA202510142989","control rod",0,"WING, CONTROL SURFACES"
30090,32,"Landing Gear","3260","AALA202509086019","switch",3,"LANDING GEAR POSITION AND WARNING"
44486,25,"Equipment / Furnishings","2560","AALA202509215543","door",1,"EMERGENCY EQUIPMENT"
29577,52,"Doors","5250","AALA202509179801","door",0,"FIXED INNER DOORS"
30908,52,"Doors","5250","AALA202509170801","door",3,"FIXED INNER DOORS"
31242,52,"Doors","5250","AALA202509172714","latch",0,"FIXED INNER DOORS"
31234,25,"Equipment / Furnishings","2560","AALA202509081302","other",1,"EMERGENCY EQUIPMENT"
31169,25,"Equipment / Furnishings","2560","AALA202509160897","CND",3,"EMERGENCY EQUIPMENT"
33348,25,"Equipment / Furnishings","2560","AALA202509234190","other",1,"EMERGENCY EQUIPMENT"
31111,52,"Doors","5210","AALA202510076216","latch",0,"PASSENGER/CREW DOORS"
30098,52,"Doors","5210","AALA202509026131","door",3,"PASSENGER/CREW DOORS"
33338,33,"Lights","3350","AALA202509308417","door",1,"EMERGENCY LIGHTING"
29535,52,"Doors","5250","AALA202509164399","door",0,"FIXED INNER DOORS"
31214,25,"Equipment / Furnishings","2560","AALA202509222175","other",1,"EMERGENCY EQUIPMENT"
31178,52,"Doors","5210","AALA202509121547","door",0,"PASSENGER/CREW DOORS"
29538,28,"Fuel","2820","AALA202509209419","relay",1,"ACFT FUEL DISTRIB. SYSTEM"
33349,32,"Landing Gear","3240","AALA202509209771","bleed air component",3,"LANDING GEAR BRAKE SYSTEM"
29505,28,"Fuel","2820","AALA202509150588","relay",1,"ACFT FUEL DISTRIB. SYSTEM"
30079,26,"Fire Protection","2610","AALA202510016788","other",2,"DETECTION SYSTEM"
29503,33,"Lights","3350","AALA202510016574","other",1,"EMERGENCY LIGHTING"
30099,53,"Fuselage","5320","AALA202509091044","other",0,"FUSELAGE MISCELLANEOUS STRUCTURE"
29549,53,"Fuselage","5310","AALA202510075429","other",0,"FUSELAGE MAIN, STRUCTURE"
33491,52,"Doors","5220","AALA202510027504","door",0,"EMERGENCY EXITS"
29513,26,"Fire Protection","2610","AALA202510022099","other",2,"DETECTION SYSTEM"
31155,32,"Landing Gear","3240","AALA202509242234","wheel",3,"LANDING GEAR BRAKE SYSTEM"
29538,25,"Equipment / Furnishings","2530","AALA202509235566","CND",1,"BUFFET/GALLEYS"
33490,33,"Lights","3350","AALA202509231791","pack",1,"EMERGENCY LIGHTING"
30099,53,"Fuselage","5310","AALA202510045947","panel",0,"FUSELAGE MAIN, STRUCTURE"
29559,25,"Equipment / Furnishings","2560","AALA202509214597","battery",1,"EMERGENCY EQUIPMENT"
31178,53,"Fuselage","5310","AALA202509252909","door",0,"FUSELAGE MAIN, STRUCTURE"
31171,33,"Lights","3350","AALA202505169111","pack",1,"EMERGENCY LIGHTING"
29546,38,"Water / Waste","3800","AALA202509256714","fan",1,"WATER AND WASTE SYSTEM"
30905,52,"Doors","5220","AALA202510060554","CND",0,"EMERGENCY EXITS"
33491,53,"Fuselage","5320","AALA202510070646","panel",0,"FUSELAGE MISCELLANEOUS STRUCTURE"
29549,55,"Stabilizers","5510","AALA202509298390","other",0,"HORIZONTAL STABILIZER STRUCTURE"
31085,56,"Windows","5610","AALA202509299081","window",0,"FLIGHT COMPARTMENT WINDOWS"
33318,21,"Air Conditioning","2120","AALA202510077980","engine",3,"AIR DISTRIBUTION SYSTEM"
29549,53,"Fuselage","5320","AALA202510077496","other",0,"FUSELAGE MISCELLANEOUS STRUCTURE"
40579,53,"Fuselage","5340","AALA202509307658","hinge",0,"FUSELAGE MAIN, ATTACH FITTINGS"
33338,33,"Lights","3350","AALA202509300274","other",1,"EMERGENCY LIGHTING"
33521,33,"Lights","3350","AALA202509309848","other",1,"EMERGENCY LIGHTING"
29549,53,"Fuselage","5310","AALA202510072648","other",0,"FUSELAGE MAIN, STRUCTURE"
29549,53,"Fuselage","5340","AALA202510104147","other",0,"FUSELAGE MAIN, ATTACH FITTINGS"
30905,57,"Wings","5750","AALA202510140953","control rod",0,"WING, CONTROL SURFACES"
40766,28,"Fuel","2820","AALA202509035297","CND",1,"ACFT FUEL DISTRIB. SYSTEM"
33490,53,"Fuselage","5310","AALA202509120574","brake",0,"FUSELAGE MAIN, STRUCTURE"
29559,25,"Equipment / Furnishings","2560","AALA202509151885","other",1,"EMERGENCY EQUIPMENT"
31176,52,"Doors","5220","AALA202509216501","window",0,"EMERGENCY EXITS"
29572,27,"Flight Controls","2750","AALA202509045316","CND",3,"TE FLAP CONTROL SYSTEM"
33345,33,"Lights","3350","AALA202510022319","other",1,"EMERGENCY LIGHTING"
31219,73,"Engine - Fuel And Control","7310","AALA202510027020","engine",3,"ENGINE FUEL DISTRIBUTION"
33250,52,"Doors","5250","AALA202509244534","other",0,"FIXED INNER DOORS"
40579,53,"Fuselage","5340","AALA202509257658","CND",0,"FUSELAGE MAIN, ATTACH FITTINGS"
29538,25,"Equipment / Furnishings","2530","AALA202509275566","oven",1,"BUFFET/GALLEYS"
30099,53,"Fuselage","5310","AALA202510079915","other",0,"FUSELAGE MAIN, STRUCTURE"
29572,27,"Flight Controls","2750","AALA202509055316","other",3,"TE FLAP CONTROL SYSTEM"
30904,25,"Equipment / Furnishings","2560","AALA202509126022","door",1,"EMERGENCY EQUIPMENT"
30904,25,"Equipment / Furnishings","2560","AALA202509128700","door",1,"EMERGENCY EQUIPMENT"
33491,56,"Windows","5630","AALA202510023750","window",0,"DOOR WINDOWS"
33232,53,"Fuselage","5320","AALA202510204114","panel",0,"FUSELAGE MISCELLANEOUS STRUCTURE"
33232,53,"Fuselage","5310","AALA202510205423","other",0,"FUSELAGE MAIN, STRUCTURE"
33210,52,"Doors","5210","AALA202509126209","door",0,"PASSENGER/CREW DOORS"
31200,52,"Doors","5240","AALA202509157606","door",0,"SERVICE DOORS"
31208,49,"Airborne Auxiliary Power","4920","AALA202510016568","CND",3,"APU CORE ENGINE"
30903,33,"Lights","3350","AALA202510015874","other",1,"EMERGENCY LIGHTING"
33342,33,"Lights","3350","AALA202509101026","other",1,"EMERGENCY LIGHTING"
30099,53,"Fuselage","5320","AALA202510023288","other",0,"FUSELAGE MISCELLANEOUS STRUCTURE"
40768,53,"Fuselage","5310","AALA202509101594","other",0,"FUSELAGE MAIN, STRUCTURE"
30912,28,"Fuel","2820","AALA202509238205","CND",3,"ACFT FUEL DISTRIB. SYSTEM"
33491,53,"Fuselage","5320","AALA202510042300","panel",0,"FUSELAGE MISCELLANEOUS STRUCTURE"
30099,53,"Fuselage","5310","AALA202510043802","panel",0,"FUSELAGE MAIN, STRUCTURE"
29518,32,"Landing Gear","3240","AALA202505169798","CND",3,"LANDING GEAR BRAKE SYSTEM"
40582,28,"Fuel","2810","AALA202405164927","CND",1,"FUEL STORAGE"
29546,21,"Air Conditioning","2120","AALA202509257742","fan",2,"AIR DISTRIBUTION SYSTEM"
30916,33,"Lights","3350","AALA202509250175","other",1,"EMERGENCY LIGHTING"
33491,53,"Fuselage","5320","AALA202510073417","panel",0,"FUSELAGE MISCELLANEOUS STRUCTURE"
30099,56,"Windows","5630","AALA202509082639","window",0,"DOOR WINDOWS"
30091,25,"Equipment / Furnishings","2560","AALA202509049158","door",1,"EMERGENCY EQUIPMENT"
29549,55,"Stabilizers","5510","AALA202510206360","other",0,"HORIZONTAL STABILIZER STRUCTURE"
33342,57,"Wings","5710","AALA202509082078","other",0,"WING, MAIN FRAME STRUCTURE"
31081,52,"Doors","5250","AALA202509152366","door",0,"FIXED INNER DOORS"
31237,33,"Lights","3350","AALA202509152572","other",1,"EMERGENCY LIGHTING"
31111,28,"Fuel","2820","AALA202509169355","switch",1,"ACFT FUEL DISTRIB. SYSTEM"
31178,53,"Fuselage","5340","AALA202509199818","other",0,"FUSELAGE MAIN, ATTACH FITTINGS"
30087,33,"Lights","3350","AALA202509205005","other",1,"EMERGENCY LIGHTING"
31109,53,"Fuselage","5340","AALA202509208811","other",0,"FUSELAGE MAIN, ATTACH FITTINGS"
30905,52,"Doors","5220","AALA202510069425","CND",0,"EMERGENCY EXITS"
44462,28,"Fuel","2820","AALA202509264854","CND",1,"ACFT FUEL DISTRIB. SYSTEM"
29549,53,"Fuselage","5310","AALA202510071935","panel",0,"FUSELAGE MAIN, STRUCTURE"
44491,21,"Air Conditioning","2130","AALA202509300343","CND",3,"CABIN PRESSURE CONTROL SYSTEM"
33205,25,"Equipment / Furnishings","2560","AALA202509023553","battery",1,"EMERGENCY EQUIPMENT"
29565,28,"Fuel","2840","AALA202509304610","other",3,"ACFT FUEL INDICATING SYSTEM"
33342,57,"Wings","5710","AALA202509080517","other",0,"WING, MAIN FRAME STRUCTURE"
67990,33,"Lights","3350","AALA202509174809","door",1,"EMERGENCY LIGHTING"
29536,52,"Doors","5250","AALA202509302666","panel",0,"FIXED INNER DOORS"
31225,25,"Equipment / Furnishings","2560","AALA202509042245","CND",1,"EMERGENCY EQUIPMENT"
30099,56,"Windows","5630","AALA202509087800","window",0,"DOOR WINDOWS"
29549,55,"Stabilizers","5510","AALA202510146970","panel",0,"HORIZONTAL STABILIZER STRUCTURE"
29523,52,"Doors","5250","AALA202505097040","CND",0,"FIXED INNER DOORS"
30095,25,"Equipment / Furnishings","2560","AALA202509173252","door",1,"EMERGENCY EQUIPMENT"
31248,25,"Equipment / Furnishings","2560","AALA202505191101","other",1,"EMERGENCY EQUIPMENT"
29546,53,"Fuselage","5320","AALA202506190955","other",0,"FUSELAGE MISCELLANEOUS STRUCTURE"
31103,33,"Lights","3350","AALA202505196785","other",1,"EMERGENCY LIGHTING"
31172,53,"Fuselage","5320","AALA202505082439","other",0,"FUSELAGE MISCELLANEOUS STRUCTURE"
31185,26,"Fire Protection","2610","AALA202505097073","engine",3,"DETECTION SYSTEM"
31163,28,"Fuel","2840","AALA202505096093","probe",3,"ACFT FUEL INDICATING SYSTEM"
29545,52,"Doors","5210","AALA202505232218","door",0,"PASSENGER/CREW DOORS"
29545,52,"Doors","5210","AALA202505236027","door",0,"PASSENGER/CREW DOORS"
33234,56,"Windows","5610","AALA202505280888","window",0,"FLIGHT COMPARTMENT WINDOWS"
30089,33,"Lights","3350","AALA202502205185","other",1,"EMERGENCY LIGHTING"
30910,55,"Stabilizers","5510","AALA202505064023","other",0,"HORIZONTAL STABILIZER STRUCTURE"
29526,32,"Landing Gear","3260","AALA202512025057","module",2,"LANDING GEAR POSITION AND WARNING"
31171,33,"Lights","3350","AALA202505054962","other",1,"EMERGENCY LIGHTING"
30094,53,"Fuselage","5330","AALA202505206242","door",0,"FUSELAGE MAIN, PLATE/SKIN"
29573,52,"Doors","5250","AALA202505122635","latch",0,"FIXED INNER DOORS"
29576,53,"Fuselage","5320","AALA202505138765","other",0,"FUSELAGE MISCELLANEOUS STRUCTURE"
29526,28,"Fuel","2820","AALA202505149763","CND",1,"ACFT FUEL DISTRIB. SYSTEM"
29542,32,"Landing Gear","3240","AALA202505208006","CND",2,"LANDING GEAR BRAKE SYSTEM"
31139,25,"Equipment / Furnishings","2560","AALA202505209850","CND",1,"EMERGENCY EQUIPMENT"
33210,52,"Doors","5250","AALA202405206772","door",0,"FIXED INNER DOORS"
29505,25,"Equipment / Furnishings","2560","AALA202505227794","door",1,"EMERGENCY EQUIPMENT"
31248,53,"Fuselage","5310","AALA202505080818","panel",0,"FUSELAGE MAIN, STRUCTURE"
29546,53,"Fuselage","5340","AALA202506135385","door",0,"FUSELAGE MAIN, ATTACH FITTINGS"
31172,53,"Fuselage","5310","AALA202505084823","panel",0,"FUSELAGE MAIN, STRUCTURE"
30099,25,"Equipment / Furnishings","2560","AALA202505135707","door",1,"EMERGENCY EQUIPMENT"
29508,52,"Doors","5210","AALA202505134613","door",0,"PASSENGER/CREW DOORS"
29522,33,"Lights","3350","AALA202505138295","CND",1,"EMERGENCY LIGHTING"
44476,33,"Lights","3350","AALA202505155240","pack",1,"EMERGENCY LIGHTING"
29536,27,"Flight Controls","2780","AALA202505190290","sensor",3,"LE SLAT CONTROL SYSTEM"
30904,52,"Doors","5250","AALA202505204177","door",0,"FIXED INNER DOORS"
33213,53,"Fuselage","5310","AALA202505277231","wheel",0,"FUSELAGE MAIN, STRUCTURE"
44451,33,"Lights","3350","AALA202505289015","pack",1,"EMERGENCY LIGHTING"
29503,25,"Equipment / Furnishings","2560","AALA202505287241","pack",1,"EMERGENCY EQUIPMENT"
33321,52,"Doors","5250","AALA202502106345","CND",0,"FIXED INNER DOORS"
31141,32,"Landing Gear","3230","AALA202505058796","valve",3,"LANDING GEAR RETRACT/EXTEND SYSTEM"
31190,52,"Doors","5250","AALA202505063627","door",0,"FIXED INNER DOORS"
31160,52,"Doors","5250","AALA202505085673","door",0,"FIXED INNER DOORS"
29526,32,"Landing Gear","3260","AALA202505083345","CND",2,"LANDING GEAR POSITION AND WARNING"
40579,53,"Fuselage","5330","AALA202505091689","other",0,"FUSELAGE MAIN, PLATE/SKIN"
31163,28,"Fuel","2840","AALA202505099425","probe",3,"ACFT FUEL INDICATING SYSTEM"
31163,28,"Fuel","2840","AALA202505098401","probe",3,"ACFT FUEL INDICATING SYSTEM"
30080,34,"Navigation","3430","AALA202505150214","antenna",3,"LANDING AND TAXI AIDS"
31133,28,"Fuel","2820","AALA202505168132","CND",1,"ACFT FUEL DISTRIB. SYSTEM"
29519,25,"Equipment / Furnishings","2560","AALA202505200184","door",1,"EMERGENCY EQUIPMENT"
33322,53,"Fuselage","5320","AALA202505238934","other",0,"FUSELAGE MISCELLANEOUS STRUCTURE"
29563,25,"Equipment / Furnishings","2560","AALA202505129044","door",1,"EMERGENCY EQUIPMENT"
29557,53,"Fuselage","5320","AALA202505302127","door",0,"FUSELAGE MISCELLANEOUS STRUCTURE"
31149,21,"Air Conditioning","2120","AALA202506025074","CND",3,"AIR DISTRIBUTION SYSTEM"
31127,25,"Equipment / Furnishings","2560","AALA202506027187","door",1,"EMERGENCY EQUIPMENT"
31185,26,"Fire Protection","2610","AALA202505088827","CND",3,"DETECTION SYSTEM"
44459,53,"Fuselage","5340","AALA202505123322","hinge",0,"FUSELAGE MAIN, ATTACH FITTINGS"
31196,28,"Fuel","2820","AALA202505121155","switch",1,"ACFT FUEL DISTRIB. SYSTEM"
40763,53,"Fuselage","5340","AALA202505148625","door",0,"FUSELAGE MAIN, ATTACH FITTINGS"
30080,34,"Navigation","3430","AALA202505159407","antenna",3,"LANDING AND TAXI AIDS"
31141,72,"Engine","7200","AALA202505205102","CND",3,"ENGINE (TURBINE/TURBOPROP)"
67991,52,"Doors","5240","AALA202505303843","door",3,"SERVICE DOORS"
33322,53,"Fuselage","5320","AALA202506021977","panel",0,"FUSELAGE MISCELLANEOUS STRUCTURE"
29557,53,"Fuselage","5310","AALA202506038323","other",0,"FUSELAGE MAIN, STRUCTURE"
31103,53,"Fuselage","5330","AALA202505124548","other",0,"FUSELAGE MAIN, PLATE/SKIN"
33226,52,"Doors","5250","AALA202505124012","latch",0,"FIXED INNER DOORS"
29576,33,"Lights","3350","AALA202505196555","other",1,"EMERGENCY LIGHTING"
31218,29,"Hydraulic Power","2910","AALA202505198249","CND",3,"HYDRAULIC SYSTEM, MAIN"
33220,28,"Fuel","2820","AALA202505289256","CND",3,"ACFT FUEL DISTRIB. SYSTEM"
30858,28,"Fuel","2820","AALA202505282559","pump",1,"ACFT FUEL DISTRIB. SYSTEM"
31269,73,"Engine - Fuel And Control","7320","AALA202505093301","CND",3,"FUEL CONTROLLING SYSTEM"
29545,52,"Doors","5210","AALA202505238726","door",0,"PASSENGER/CREW DOORS"
33250,27,"Flight Controls","2730","AALA202506104795","other",2,"ELEVATOR CONTROL SYSTEM"
31176,25,"Equipment / Furnishings","2560","AALA202505067472","pack",1,"EMERGENCY EQUIPMENT"
31163,28,"Fuel","2840","AALA202505080478","other",3,"ACFT FUEL INDICATING SYSTEM"
29543,38,"Water / Waste","3810","AALA202505127049","CND",3,"POTABLE WATER SYSTEM"
31205,25,"Equipment / Furnishings","2560","AALA202505160771","door",1,"EMERGENCY EQUIPMENT"
31131,52,"Doors","5210","AALA202505122846","door",0,"PASSENGER/CREW DOORS"
29557,53,"Fuselage","5340","AALA202505300894","other",0,"FUSELAGE MAIN, ATTACH FITTINGS"
31127,25,"Equipment / Furnishings","2560","AALA202506028284","door",1,"EMERGENCY EQUIPMENT"
68101,52,"Doors","5240","AALA202506023483","door",3,"SERVICE DOORS"
33210,25,"Equipment / Furnishings","2560","AALA202505303280","door",1,"EMERGENCY EQUIPMENT"
31275,25,"Equipment / Furnishings","2560","AALA202505026581","battery",1,"EMERGENCY EQUIPMENT"
30094,53,"Fuselage","5320","AALA202505073883","other",0,"FUSELAGE MISCELLANEOUS STRUCTURE"
29546,53,"Fuselage","5310","AALA202506130837","other",0,"FUSELAGE MAIN, STRUCTURE"
29522,52,"Doors","5250","AALA202505097615","door",0,"FIXED INNER DOORS"
29549,29,"Hydraulic Power","2910","AALA202505157038","engine",3,"HYDRAULIC SYSTEM, MAIN"
31177,52,"Doors","5250","AALA202505151559","CND",0,"FIXED INNER DOORS"
30094,25,"Equipment / Furnishings","2560","AALA202505193042","door",1,"EMERGENCY EQUIPMENT"
31103,53,"Fuselage","5330","AALA202505190385","panel",0,"FUSELAGE MAIN, PLATE/SKIN"
30081,36,"Pneumatic","3600","AALA202505197868","valve",3,"PNEUMATIC SYSTEM"
31208,52,"Doors","5250","AALA202505193549","door",0,"FIXED INNER DOORS"
31169,25,"Equipment / Furnishings","2560","AALA202505215175","door",1,"EMERGENCY EQUIPMENT"
30089,27,"Flight Controls","2750","AALA202505123813","other",3,"TE FLAP CONTROL SYSTEM"
29546,53,"Fuselage","5310","AALA202506134068","other",0,"FUSELAGE MAIN, STRUCTURE"
29508,52,"Doors","5210","AALA202505130126","door",0,"PASSENGER/CREW DOORS"
29546,53,"Fuselage","5340","AALA202506190427","door",0,"FUSELAGE MAIN, ATTACH FITTINGS"
29506,52,"Doors","5250","AALA202505146665","door",0,"FIXED INNER DOORS"
31171,33,"Lights","3350","AALA202505168180","door",1,"EMERGENCY LIGHTING"
33340,53,"Fuselage","5340","AALA202505206727","hinge",0,"FUSELAGE MAIN, ATTACH FITTINGS"
29519,32,"Landing Gear","3250","AALA202505204874","valve",3,"LANDING GEAR STEERING SYSTEM"
30080,72,"Engine","7230","AALA202506023726","CND",3,"TURBINE ENGINE COMPRESSOR SECTION"
31149,32,"Landing Gear","3240","AALA202505131131","tire",3,"LANDING GEAR BRAKE SYSTEM"
40584,31,"Indicating / Recording System","3150","AALA202505141225","brake",3,"CENTRAL WARNING"
29543,55,"Stabilizers","5510","AALA202506261979","other",0,"HORIZONTAL STABILIZER STRUCTURE"
29503,53,"Fuselage","5320","AALA202505239583","panel",0,"FUSELAGE MISCELLANEOUS STRUCTURE"
29574,53,"Fuselage","5340","AALA202503051570","other",0,"FUSELAGE MAIN, ATTACH FITTINGS"
29574,53,"Fuselage","5310","AALA202503105042","other",0,"FUSELAGE MAIN, STRUCTURE"
33322,53,"Fuselage","5310","AALA202505298938","panel",0,"FUSELAGE MAIN, STRUCTURE"
33340,52,"Doors","5250","AALA202505286528","door",0,"FIXED INNER DOORS"
29557,52,"Doors","5210","AALA202506063703","door",0,"PASSENGER/CREW DOORS"
31067,32,"Landing Gear","3240","AALA202506109266","valve",2,"LANDING GEAR BRAKE SYSTEM"
31248,53,"Fuselage","5310","AALA202505084688","panel",0,"FUSELAGE MAIN, STRUCTURE"
31163,28,"Fuel","2840","AALA202505094794","probe",3,"ACFT FUEL INDICATING SYSTEM"
29576,53,"Fuselage","5310","AALA202505120313","wheel",0,"FUSELAGE MAIN, STRUCTURE"
33234,25,"Equipment / Furnishings","2560","AALA202505286150","pack",1,"EMERGENCY EQUIPMENT"
30598,32,"Landing Gear","3230","AALA202505281723","CND",2,"LANDING GEAR RETRACT/EXTEND SYSTEM"
33322,53,"Fuselage","5310","AALA202505292370","panel",0,"FUSELAGE MAIN, STRUCTURE"
29547,33,"Lights","3350","AALA202505283033","other",1,"EMERGENCY LIGHTING"
30914,52,"Doors","5210","AALA202505055409","control rod",0,"PASSENGER/CREW DOORS"
30094,53,"Fuselage","5320","AALA202505062470","other",0,"FUSELAGE MISCELLANEOUS STRUCTURE"
31172,53,"Fuselage","5320","AALA202505080219","other",0,"FUSELAGE MISCELLANEOUS STRUCTURE"
30080,34,"Navigation","3430","AALA202505154106","antenna",3,"LANDING AND TAXI AIDS"
33225,52,"Doors","5210","AALA202505191412","door",0,"PASSENGER/CREW DOORS"
31248,25,"Equipment / Furnishings","2560","AALA202505199223","door",1,"EMERGENCY EQUIPMENT"
31143,25,"Equipment / Furnishings","2560","AALA202505226527","pack",1,"EMERGENCY EQUIPMENT"
31141,72,"Engine","7200","AALA202505235102","engine",3,"ENGINE (TURBINE/TURBOPROP)"
29543,53,"Fuselage","5310","AALA202505298947","door",0,"FUSELAGE MAIN, STRUCTURE"
29515,52,"Doors","5210","AALA202505285788","other",0,"PASSENGER/CREW DOORS"
31185,21,"Air Conditioning","2120","AALA202505098827","engine",3,"AIR DISTRIBUTION SYSTEM"
31163,28,"Fuel","2840","AALA202505090080","probe",3,"ACFT FUEL INDICATING SYSTEM"
29546,53,"Fuselage","5320","AALA202506195701","door",0,"FUSELAGE MISCELLANEOUS STRUCTURE"
33329,52,"Doors","5250","AALA202402195153","door",0,"FIXED INNER DOORS"
31215,28,"Fuel","2820","AALA202505151470","compensator",3,"ACFT FUEL DISTRIB. SYSTEM"
44464,33,"Lights","3350","AALA202505153624","door",1,"EMERGENCY LIGHTING"
31177,52,"Doors","5250","AALA202505161559","switch",0,"FIXED INNER DOORS"
31133,28,"Fuel","2820","AALA202505198132","switch",1,"ACFT FUEL DISTRIB. SYSTEM"
31139,25,"Equipment / Furnishings","2560","AALA202505307313","door",1,"EMERGENCY EQUIPMENT"
44460,52,"Doors","5220","AALA202505300902","panel",0,"EMERGENCY EXITS"
33322,53,"Fuselage","5310","AALA202506022156","other",0,"FUSELAGE MAIN, STRUCTURE"
33250,53,"Fuselage","5340","AALA202506029813","other",0,"FUSELAGE MAIN, ATTACH FITTINGS"
31230,52,"Doors","5210","AALA202506022830","CND",0,"PASSENGER/CREW DOORS"
31067,32,"Landing Gear","3240","AALA202506029266","CND",2,"LANDING GEAR BRAKE SYSTEM"
30082,52,"Doors","5250","AALA202506029818","latch",0,"FIXED INNER DOORS"
33219,27,"Flight Controls","2750","AALA202505056927","other",3,"TE FLAP CONTROL SYSTEM"
30093,55,"Stabilizers","5510","AALA202505070273","other",0,"HORIZONTAL STABILIZER STRUCTURE"
44459,79,"Oil","7930","AALA202505081851","engine",3,"ENGINE OIL INDICATING SYSTEM"
30088,52,"Doors","5210","AALA202505099770","door",3,"PASSENGER/CREW DOORS"
40584,31,"Indicating / Recording System","3150","AALA202505146686","brake",3,"CENTRAL WARNING"
31272,52,"Doors","5250","AALA202505121604","door",0,"FIXED INNER DOORS"
30081,75,"Bleed Air","7500","AALA202505167868","CND",3,"ENGINE BLEED AIR SYSTEM"
40763,77,"Engine Indicating","7720","AALA202505192967","probe",3,"ENGINE TEMP. INDICATING SYSTEM"
29571,75,"Bleed Air","7500","AALA202505286757","CND",3,"ENGINE BLEED AIR SYSTEM"
29521,52,"Doors","5250","AALA202505280538","latch",0,"FIXED INNER DOORS"
33234,25,"Equipment / Furnishings","2560","AALA202505227481","door",1,"EMERGENCY EQUIPMENT"
29564,32,"Landing Gear","3240","AALA202505053120","bleed air component",3,"LANDING GEAR BRAKE SYSTEM"
30084,32,"Landing Gear","3240","AALA202505069846","wheel",3,"LANDING GEAR BRAKE SYSTEM"
29544,55,"Stabilizers","5510","AALA202505077573","other",0,"HORIZONTAL STABILIZER STRUCTURE"
31163,28,"Fuel","2840","AALA202505093268","probe",3,"ACFT FUEL INDICATING SYSTEM"
31155,25,"Equipment / Furnishings","2560","AALA202402190519","other",1,"EMERGENCY EQUIPMENT"
29522,33,"Lights","3350","AALA202505158295","other",1,"EMERGENCY LIGHTING"
29547,33,"Lights","3350","AALA202505152295","panel",1,"EMERGENCY LIGHTING"
44480,25,"Equipment / Furnishings","2560","AALA202505207211","other",1,"EMERGENCY EQUIPMENT"
33234,25,"Equipment / Furnishings","2560","AALA202505206150","CND",3,"EMERGENCY EQUIPMENT"
29557,53,"Fuselage","5310","AALA202505292563","other",0,"FUSELAGE MAIN, STRUCTURE"
29561,32,"Landing Gear","3260","AALA202505022476","panel",3,"LANDING GEAR POSITION AND WARNING"
40765,33,"Lights","3350","AALA202402227939","other",1,"EMERGENCY LIGHTING"
33209,52,"Doors","5250","AALA202402137593","door",0,"FIXED INNER DOORS"
33222,52,"Doors","5250","AALA202402167667","latch",0,"FIXED INNER DOORS"
44469,52,"Doors","5250","AALA202511039221","door",0,"FIXED INNER DOORS"
29537,52,"Doors","5210","AALA202510148586","door",0,"PASSENGER/CREW DOORS"
33492,53,"Fuselage","5320","AALA202510143280","panel",0,"FUSELAGE MISCELLANEOUS STRUCTURE"
33234,52,"Doors","5250","AALA202510033480","latch",0,"FIXED INNER DOORS"
30085,25,"Equipment / Furnishings","2560","AALA202510087455","door",1,"EMERGENCY EQUIPMENT"
44478,52,"Doors","5250","AALA202511039076","door",0,"FIXED INNER DOORS"
31233,52,"Doors","5250","AALA202510078673","door",0,"FIXED INNER DOORS"
29516,25,"Equipment / Furnishings","2560","AALA202507085006","door",1,"EMERGENCY EQUIPMENT"
68102,33,"Lights","3350","AALA202507216943","CND",1,"EMERGENCY LIGHTING"
31173,53,"Fuselage","5320","AALA202507238804","panel",0,"FUSELAGE MISCELLANEOUS STRUCTURE"
67991,25,"Equipment / Furnishings","2560","AALA202507105940","door",1,"EMERGENCY EQUIPMENT"
44512,25,"Equipment / Furnishings","2560","AALA202505019379","latch",1,"EMERGENCY EQUIPMENT"
30094,53,"Fuselage","5320","AALA202505069089","other",0,"FUSELAGE MISCELLANEOUS STRUCTURE"
31228,52,"Doors","5250","AALA202408089022","latch",0,"FIXED INNER DOORS"
33256,33,"Lights","3350","AALA202408239436","other",1,"EMERGENCY LIGHTING"
29537,25,"Equipment / Furnishings","2560","AALA202408229681","other",1,"EMERGENCY EQUIPMENT"
29571,53,"Fuselage","5320","AALA202411267608","other",0,"FUSELAGE MISCELLANEOUS STRUCTURE"
29537,53,"Fuselage","5320","AALA202408046247","panel",0,"FUSELAGE MISCELLANEOUS STRUCTURE"
29547,53,"Fuselage","5310","AALA202508182729","other",0,"FUSELAGE MAIN, STRUCTURE"
31081,53,"Fuselage","5310","AALA202410256103","other",0,"FUSELAGE MAIN, STRUCTURE"
44472,33,"Lights","3350","AALA202412132476","other",1,"EMERGENCY LIGHTING"
30090,53,"Fuselage","5320","AALA202412101278","other",0,"FUSELAGE MISCELLANEOUS STRUCTURE"
33210,52,"Doors","5250","AALA202412097347","door",0,"FIXED INNER DOORS"
30087,53,"Fuselage","5320","AALA202412106339","other",0,"FUSELAGE MISCELLANEOUS STRUCTURE"
30908,33,"Lights","3350","AALA202511287618","door",1,"EMERGENCY LIGHTING"
40579,25,"Equipment / Furnishings","2560","AALA202404263916","door",1,"EMERGENCY EQUIPMENT"
29504,52,"Doors","5210","AALA202404263142","CND",0,"PASSENGER/CREW DOORS"
29506,28,"Fuel","2820","AALA202404087903","CND",1,"ACFT FUEL DISTRIB. SYSTEM"
29549,53,"Fuselage","5310","AALA202404168823","door",0,"FUSELAGE MAIN, STRUCTURE"
30916,53,"Fuselage","5330","AALA202503037186","panel",0,"FUSELAGE MAIN, PLATE/SKIN"
33220,52,"Doors","5250","AALA202503103383","latch",0,"FIXED INNER DOORS"
31167,53,"Fuselage","5330","AALA202504033921","other",0,"FUSELAGE MAIN, PLATE/SKIN"
33226,52,"Doors","5250","AALA202503281647","door",0,"FIXED INNER DOORS"
31230,33,"Lights","3350","AALA202503258791","battery",1,"EMERGENCY LIGHTING"
33521,57,"Wings","5730","AALA202504047774","engine",0,"WING, PLATES/SKINS"
31089,52,"Doors","5250","AALA202503284135","hinge",0,"FIXED INNER DOORS"
33486,53,"Fuselage","5310","AALA202504113137","other",0,"FUSELAGE MAIN, STRUCTURE"
31163,53,"Fuselage","5320","AALA202502066660","other",0,"FUSELAGE MISCELLANEOUS STRUCTURE"
30912,33,"Lights","3350","AALA202501286800","other",1,"EMERGENCY LIGHTING"
29541,53,"Fuselage","5320","AALA202501298517","other",0,"FUSELAGE MISCELLANEOUS STRUCTURE"
31163,53,"Fuselage","5320","AALA202501312457","panel",0,"FUSELAGE MISCELLANEOUS STRUCTURE"
31165,52,"Doors","5250","AALA202501225567","door",0,"FIXED INNER DOORS"
30092,53,"Fuselage","5320","AALA202502044754","other",0,"FUSELAGE MISCELLANEOUS STRUCTURE"
29505,28,"Fuel","2820","AALA202509080588","CND",1,"ACFT FUEL DISTRIB. SYSTEM"
33490,56,"Windows","5630","AALA202509082547","window",0,"DOOR WINDOWS"
30095,33,"Lights","3350","AALA202509167478","other",1,"EMERGENCY LIGHTING"
30096,25,"Equipment / Furnishings","2560","AALA202509035848","door",1,"EMERGENCY EQUIPMENT"
29557,27,"Flight Controls","2730","AALA202506097514","other",2,"ELEVATOR CONTROL SYSTEM"
44512,52,"Doors","5210","AALA202505059692","door",0,"PASSENGER/CREW DOORS"
31153,27,"Flight Controls","2750","AALA202505053549","CND",3,"TE FLAP CONTROL SYSTEM"
31067,52,"Doors","5250","AALA202505090807","latch",0,"FIXED INNER DOORS"
29549,29,"Hydraulic Power","2910","AALA202505131932","CND",3,"HYDRAULIC SYSTEM, MAIN"
31171,33,"Lights","3350","AALA202505169672","pack",1,"EMERGENCY LIGHTING"
44455,32,"Landing Gear","3240","AALA202505207306","brake",2,"LANDING GEAR BRAKE SYSTEM"
31139,25,"Equipment / Furnishings","2560","AALA202505207313","CND",1,"EMERGENCY EQUIPMENT"
29543,55,"Stabilizers","5510","AALA202506262294","other",0,"HORIZONTAL STABILIZER STRUCTURE"
29503,53,"Fuselage","5310","AALA202505237890","wheel",0,"FUSELAGE MAIN, STRUCTURE"
33225,21,"Air Conditioning","2120","AALA202505288568","fan",3,"AIR DISTRIBUTION SYSTEM"
44451,33,"Lights","3350","AALA202505282998","pack",1,"EMERGENCY LIGHTING"
31214,52,"Doors","5250","AALA202506020558","door",0,"FIXED INNER DOORS"
29557,27,"Flight Controls","2730","AALA202506093836","other",2,"ELEVATOR CONTROL SYSTEM"
30600,52,"Doors","5210","AALA202505050163","door",0,"PASSENGER/CREW DOORS"
44460,33,"Lights","3350","AALA202505067378","pack",1,"EMERGENCY LIGHTING"
33229,53,"Fuselage","5320","AALA202505068726","other",0,"FUSELAGE MISCELLANEOUS STRUCTURE"
29546,53,"Fuselage","5320","AALA202506133686","panel",0,"FUSELAGE MISCELLANEOUS STRUCTURE"
31185,26,"Fire Protection","2610","AALA202505086013","engine",3,"DETECTION SYSTEM"
31245,25,"Equipment / Furnishings","2560","AALA202505088262","door",1,"EMERGENCY EQUIPMENT"
31172,53,"Fuselage","5310","AALA202505294440","wheel",0,"FUSELAGE MAIN, STRUCTURE"
31103,53,"Fuselage","5310","AALA202505118377","wheel",0,"FUSELAGE MAIN, STRUCTURE"
30080,34,"Navigation","3430","AALA202505156359","antenna",3,"LANDING AND TAXI AIDS"
33334,33,"Lights","3350","AALA202505195113","other",1,"EMERGENCY LIGHTING"
30078,25,"Equipment / Furnishings","2560","AALA202506021666","other",1,"EMERGENCY EQUIPMENT"
31131,52,"Doors","5210","AALA202505082846","CND",0,"PASSENGER/CREW DOORS"
31139,53,"Fuselage","5320","AALA202508080264","window",0,"FUSELAGE MISCELLANEOUS STRUCTURE"
29520,52,"Doors","5250","AALA202502246076","CND",0,"FIXED INNER DOORS"
30091,53,"Fuselage","5320","AALA202502059252","other",0,"FUSELAGE MISCELLANEOUS STRUCTURE"
29557,21,"Air Conditioning","2120","AALA202502242909","valve",3,"AIR DISTRIBUTION SYSTEM"
29539,53,"Fuselage","5310","AALA202502068521","other",0,"FUSELAGE MAIN, STRUCTURE"
29541,53,"Fuselage","5310","AALA202502068215","other",0,"FUSELAGE MAIN, STRUCTURE"
33224,29,"Hydraulic Power","2910","AALA202502108330","servo",3,"HYDRAULIC SYSTEM, MAIN"
31258,52,"Doors","5250","AALA202502149743","panel",0,"FIXED INNER DOORS"
29520,52,"Doors","5250","AALA202502266076","door",0,"FIXED INNER DOORS"
29573,53,"Fuselage","5310","AALA202502282765","panel",0,"FUSELAGE MAIN, STRUCTURE"
33518,25,"Equipment / Furnishings","2560","AALA202502105559","door",1,"EMERGENCY EQUIPMENT"
29573,53,"Fuselage","5320","AALA202503118028","panel",0,"FUSELAGE MISCELLANEOUS STRUCTURE"
33321,53,"Fuselage","5310","AALA202503046233","panel",0,"FUSELAGE MAIN, STRUCTURE"
31236,25,"Equipment / Furnishings","2560","AALA202502104075","battery",1,"EMERGENCY EQUIPMENT"
29569,55,"Stabilizers","5510","AALA202502050046","CND",0,"HORIZONTAL STABILIZER STRUCTURE"
30092,55,"Stabilizers","5510","AALA202502211649","other",0,"HORIZONTAL STABILIZER STRUCTURE"
31087,53,"Fuselage","5310","AALA202502219268","module",0,"FUSELAGE MAIN, STRUCTURE"
29573,53,"Fuselage","5320","AALA202502247379","other",0,"FUSELAGE MISCELLANEOUS STRUCTURE"
30098,53,"Fuselage","5320","AALA202502240696","other",0,"FUSELAGE MISCELLANEOUS STRUCTURE"
29569,55,"Stabilizers","5520","AALA202502285916","other",0,"ELEVATOR STRUCTURE"
31231,33,"Lights","3350","AALA202502128615","other",1,"EMERGENCY LIGHTING"
33321,53,"Fuselage","5320","AALA202503058039","other",0,"FUSELAGE MISCELLANEOUS STRUCTURE"
33321,53,"Fuselage","5340","AALA202503100131","other",0,"FUSELAGE MAIN, ATTACH FITTINGS"
29520,52,"Doors","5250","AALA202502112836","hinge",0,"FIXED INNER DOORS"
29574,53,"Fuselage","5310","AALA202503104780","other",0,"FUSELAGE MAIN, STRUCTURE"
29523,33,"Lights","3350","AALA202502067872","door",1,"EMERGENCY LIGHTING"
31165,53,"Fuselage","5320","AALA202502046275","other",0,"FUSELAGE MISCELLANEOUS STRUCTURE"
33340,25,"Equipment / Furnishings","2560","AALA202502104947","battery",1,"EMERGENCY EQUIPMENT"
44485,52,"Doors","5250","AALA202502105792","door",0,"FIXED INNER DOORS"
30090,33,"Lights","3350","AALA202502118134","other",3,"EMERGENCY LIGHTING"
29521,54,"Nacelles/Pylons","5410","AALA202503134457","strut",0,"NACELLE/PYLON, MAIN FRAME"
33224,29,"Hydraulic Power","2910","AALA202502139373","pump",3,"HYDRAULIC SYSTEM, MAIN"
29568,52,"Doors","5210","AALA202502043803","door",0,"PASSENGER/CREW DOORS"
33338,33,"Lights","3350","AALA202502246890","pack",1,"EMERGENCY LIGHTING"
29534,28,"Fuel","2800","AALA202502243981","pump",1,"AIRCRAFT FUEL SYSTEM"
29573,53,"Fuselage","5320","AALA202503118562","panel",0,"FUSELAGE MISCELLANEOUS STRUCTURE"
31131,25,"Equipment / Furnishings","2560","AALA202502055611","CND",1,"EMERGENCY EQUIPMENT"
29539,53,"Fuselage","5310","AALA202502068223","other",0,"FUSELAGE MAIN, STRUCTURE"
29539,53,"Fuselage","5310","AALA202502067569","other",0,"FUSELAGE MAIN, STRUCTURE"
40584,52,"Doors","5250","AALA202502173180","door",0,"FIXED INNER DOORS"
30914,33,"Lights","3350","AALA202502175718","door",1,"EMERGENCY LIGHTING"
29523,32,"Landing Gear","3240","AALA202502111544","CND",2,"LANDING GEAR BRAKE SYSTEM"
33224,29,"Hydraulic Power","2910","AALA202502132445","pump",3,"HYDRAULIC SYSTEM, MAIN"
44465,52,"Doors","5250","AALA202502191077","door",0,"FIXED INNER DOORS"
31248,36,"Pneumatic","3610","AALA202502195695","engine",3,"PNEUMATIC DISTRIBUTION SYSTEM"
44486,21,"Air Conditioning","2120","AALA202502248967","CND",3,"AIR DISTRIBUTION SYSTEM"
31161,53,"Fuselage","5330","AALA202502249135","other",0,"FUSELAGE MAIN, PLATE/SKIN"
30091,55,"Stabilizers","5510","AALA202503043027","other",0,"HORIZONTAL STABILIZER STRUCTURE"
29573,53,"Fuselage","5320","AALA202503057839","other",0,"FUSELAGE MISCELLANEOUS STRUCTURE"
29541,53,"Fuselage","5320","AALA202502074413","other",0,"FUSELAGE MISCELLANEOUS STRUCTURE"
31099,52,"Doors","5250","AALA202502071912","hinge",0,"FIXED INNER DOORS"
29573,53,"Fuselage","5320","AALA202503117590","panel",0,"FUSELAGE MISCELLANEOUS STRUCTURE"
31089,27,"Flight Controls","2730","AALA202503110047","other",2,"ELEVATOR CONTROL SYSTEM"
29539,53,"Fuselage","5310","AALA202502066189","other",0,"FUSELAGE MAIN, STRUCTURE"
31158,22,"Auto Flight","2210","AALA202502102761","control unit",3,"AUTOPILOT SYSTEM"
31171,33,"Lights","3350","AALA202502104420","other",1,"EMERGENCY LIGHTING"
29521,53,"Fuselage","5310","AALA202402088669","other",0,"FUSELAGE MAIN, STRUCTURE"
31131,25,"Equipment / Furnishings","2560","AALA202502075611","other",1,"EMERGENCY EQUIPMENT"
30091,53,"Fuselage","5320","AALA202502058505","other",0,"FUSELAGE MISCELLANEOUS STRUCTURE"
30088,33,"Lights","3350","AALA202502053936","other",1,"EMERGENCY LIGHTING"
29539,53,"Fuselage","5310","AALA202502064310","other",0,"FUSELAGE MAIN, STRUCTURE"
29541,53,"Fuselage","5310","AALA202502067156","other",0,"FUSELAGE MAIN, STRUCTURE"
31087,53,"Fuselage","5310","AALA202502170755","door",0,"FUSELAGE MAIN, STRUCTURE"
44468,25,"Equipment / Furnishings","2560","AALA202502257284","door",1,"EMERGENCY EQUIPMENT"
31269,21,"Air Conditioning","2120","AALA202502196117","duct",3,"AIR DISTRIBUTION SYSTEM"
29528,28,"Fuel","2800","AALA202502244615","CND",3,"AIRCRAFT FUEL SYSTEM"
31089,57,"Wings","5730","AALA202502288005","engine",0,"WING, PLATES/SKINS"
30916,21,"Air Conditioning","2150","AALA202502289222","module",2,"CABIN COOLING SYSTEM"
29574,53,"Fuselage","5310","AALA202503050307","other",0,"FUSELAGE MAIN, STRUCTURE"
33321,53,"Fuselage","5310","AALA202503058342","panel",0,"FUSELAGE MAIN, STRUCTURE"
29574,53,"Fuselage","5310","AALA202503078517","other",0,"FUSELAGE MAIN, STRUCTURE"
33316,32,"Landing Gear","3230","AALA202502074551","valve",3,"LANDING GEAR RETRACT/EXTEND SYSTEM"
33337,33,"Lights","3350","AALA202502078835","circuit breaker",1,"EMERGENCY LIGHTING"
31143,25,"Equipment / Furnishings","2560","AALA202502049343","CND",1,"EMERGENCY EQUIPMENT"
31099,25,"Equipment / Furnishings","2560","AALA202502171984","door",1,"EMERGENCY EQUIPMENT"
31270,33,"Lights","3350","AALA202502173837","other",1,"EMERGENCY LIGHTING"
29547,21,"Air Conditioning","2150","AALA202502177679","acm",3,"CABIN COOLING SYSTEM"
30091,53,"Fuselage","5340","AALA202502199483","other",0,"FUSELAGE MAIN, ATTACH FITTINGS"
30091,53,"Fuselage","5320","AALA202502198582","panel",0,"FUSELAGE MISCELLANEOUS STRUCTURE"
30828,53,"Fuselage","5320","AALA202503215810","panel",0,"FUSELAGE MISCELLANEOUS STRUCTURE"
29560,56,"Windows","5610","AALA202502059257","window",0,"FLIGHT COMPARTMENT WINDOWS"
44460,25,"Equipment / Furnishings","2530","AALA202502126446","CND",1,"BUFFET/GALLEYS"
29573,53,"Fuselage","5320","AALA202503115100","panel",0,"FUSELAGE MISCELLANEOUS STRUCTURE"
44462,52,"Doors","5250","AALA202301061535","door",0,"FIXED INNER DOORS"
31161,52,"Doors","5210","AALA202302148373","CND",0,"PASSENGER/CREW DOORS"
31085,52,"Doors","5240","AALA202301267157","door",0,"SERVICE DOORS"
30598,33,"Lights","3350","AALA202410027277","battery",1,"EMERGENCY LIGHTING"
44485,52,"Doors","5250","AALA202306269663","latch",0,"FIXED INNER DOORS"
29513,53,"Fuselage","5320","AALA202306309853","other",0,"FUSELAGE MISCELLANEOUS STRUCTURE"
40765,52,"Doors","5210","AALA202303179104","CND",3,"PASSENGER/CREW DOORS"
30094,52,"Doors","5210","AALA202212121707","door",0,"PASSENGER/CREW DOORS"
29548,52,"Doors","5250","AALA2023091204458","door",0,"FIXED INNER DOORS"
